priority	slug	focus_keyword	search_volume	secondary_keywords	category	archetype	family	sibling_slugs	competitor_urls	gate_status
1	spss	spss	14800	spss là gì; chạy spss; cách chạy spss; chạy spss là gì	spss	spss-howto	harvest-spss	ma-tran-xoay; cronbach-alpha; amos; efa; hoi-quy-tuyen-tinh	phamlocblog.com:/2026/01/cach-tai-spss-27-mien-phi-va-cai-dat.html; phantichspss.com:/huong-dan-su-dung-spss-co-ban-cho-nguoi-moi-bat-dau.html; xulydinhluong.com:/huong-dan-cach-chay-spss-cho-nguoi-moi-bat-dau/; mosl.vn:/spss-la-gi/; rces.info:/sinh-vien-kinh-te-nckh/gioi-thieu-phan-mem-spss/; trithuccongdong.net:/dich-vu-xu-ly-so-lieu-spss.html; phamlocblog.com:/2025/01/cach-su-dung-spss-trong-nghien-cuu-khoa-hoc.html; xulydinhluong.com:/bang-gia-chay-spss/; xulysolieu.info:/cach-chay-spss-nghien-cuu-khoa-hoc-huong-dan-chi-tiet-cho-sinh-vien-va-nghien-cuu-vien/	measured
2	cfa	cfa	8100	cfa là gì; cfa là gì	thong-ke	term-la-gi	efa	ma-tran-xoay; communality; principal-component-analysis; efa; eigenvalue	trithuccongdong.net:/hoi-dap/cfa-la-gi.html	measured
3	phieu-khao-sat-online	phiếu khảo sát online	14800		khao-sat	survey	collection	form-khao-sat; gg-form-khao-sat; tao-form-khao-sat; google-form-khao-sat; bang-cau-hoi-khao-sat-khach-hang	xulysolieu.info:/khao-sat-tren-google-cach-tao-form-nhanh/	measured
4	nghien-cuu-khoa-hoc	nghiên cứu khoa học	6600	nghiên cứu khoa học là gì	nghien-cuu-khoa-hoc	term-la-gi	harvest-nghien-cuu-khoa-hoc	nckh-la-gi; dinh-tinh-la-gi; linh-vuc-nghien-cuu; doi-tuong-nghien-cuu; dinh-luong-la-gi	xulysolieu.info:/nghien-cuu-khoa-hoc-la-gi-vai-tro-va-cach-tiep-can/; rces.info:/sinh-vien-kinh-te-nckh/quy-trinh-thuc-hien-nghien-cuu-khoa-hoc/; trithuccongdong.net:/cam-nang-luan-van/de-tai-luan-van-nghien-cuu-khoa-hoc.html	measured
5	cach-ghi-tai-lieu-tham-khao	cách ghi tài liệu tham khảo	14800		khoa-luan-tot-nghiep	thesis-writing	front-back	cach-trich-dan-tai-lieu-tham-khao; abstract; phu-luc-la-gi; muc-luc-tieu-luan; loi-cam-doan-khoa-luan	rces.info:/sinh-vien-kinh-te-nckh/trich-dan-nao-la-dung-cach/; trithuccongdong.net:/cam-nang-luan-van/cach-trinh-bay-tai-lieu-tham-khao-va-trich-dan-trong-bai-luan.html	measured
6	smart-pls	smart pls	2400		smartpls	term-la-gi	harvest-smartpls	partial-least-squares-la-gi; sem-la-gi; ave-la-gi; pls-sem; mo-hinh-sem	phantichspss.com:/tai-phan-mem-smartpls-3-mien-phi-full-su-dung-khong-thoi-han.html; xulydinhluong.com:/phan-mem-smartpls-4-professional-ban-quyen-tron-doi/; xulysolieu.info:/cai-dat-su-dung-phan-mem-smartpls-3-full-ban-quyen/; mosl.vn:/dich-vu-smartpls/; rces.info:/sinh-vien-kinh-te-nckh/gioi-thieu-phan-mem-smartpls/	measured
7	thap-nhu-cau-maslow	tháp nhu cầu maslow	14800		mo-hinh-nghien-cuu	model-theory	hrm	mo-hinh-maslow; mo-hinh-swot; porter-s-five-forces; mo-hinh-aida; mo-hinh-servqual	trithuccongdong.net:/nhan-luc-nhan-su/phan-tich-noi-dung-thap-nhu-cau-maslow.html	measured
8	ma-tran-xoay	ma trận xoay	6600		spss	spss-howto	efa	cfa; communality; principal-component-analysis; efa; eigenvalue	phamlocblog.com:/2019/10/xu-ly-ma-tran-xoay-lon-xon-efa.html; phantichspss.com:/xu-ly-loi-ma-tran-xoay-nhan-bi-xao-tron-lon-xon-khong-hoi-tu.html; xulydinhluong.com:/khong-xuat-hien-bang-ma-tran-xoay-efa/; xulysolieu.info:/van-de-thuong-gap-khi-phan-tich-efa/; trithuccongdong.net:/hoi-dap/cach-chay-ma-tran-xoay-trong-spss.html	measured
9	do-lech-chuan	độ lệch chuẩn	8100	độ lệch chuẩn là gì; độ lệch chuẩn là gì; độ lệch chuẩn bao nhiêu là tốt	thong-ke	term-la-gi	descriptive	phuong-sai; outlier; cong-thuc-tinh-phuong-sai; trung-vi; cong-thuc-phuong-sai	phamlocblog.com:/2020/08/do-lech-chuan-bao-nhieu-chap-nhan-duoc.html; phantichspss.com:/do-lech-chuan-va-phuong-sai-cong-thuc-va-y-nghia.html; xulysolieu.info:/do-lech-chuan-la-gi-hieu-khai-niem-va-ung-dung/; trithuccongdong.net:/hoi-dap/do-lech-chuan-la-gi.html; trithuccongdong.net:/hoi-dap/phuong-sai-va-do-lech-chuan.html	measured
10	bieu-mau-khao-sat	biểu mẫu khảo sát	9900		khao-sat	survey	harvest-khao-sat	bang-hoi-la-gi; khao-sat-google; likert-scale-la-gi; khao-sat-la-gi; bang-khao-sat	xulysolieu.info:/khao-sat-tren-google-cach-tao-form-nhanh/; mosl.vn:/cach-tao-bang-khao-sat-bang-google-form-cuc-don-gian/	measured
11	nckh-la-gi	nckh là gì	2900		nghien-cuu-khoa-hoc	term-la-gi	harvest-nghien-cuu-khoa-hoc	nghien-cuu-khoa-hoc; dinh-tinh-la-gi; linh-vuc-nghien-cuu; doi-tuong-nghien-cuu; dinh-luong-la-gi	rces.info:/sinh-vien-kinh-te-nckh/quy-trinh-thuc-hien-nghien-cuu-khoa-hoc/	measured
12	cach-trich-dan-tai-lieu-tham-khao	cách trích dẫn tài liệu tham khảo	9900	trích dẫn tài liệu tham khảo	khoa-luan-tot-nghiep	thesis-writing	front-back	cach-ghi-tai-lieu-tham-khao; abstract; phu-luc-la-gi; muc-luc-tieu-luan; loi-cam-doan-khoa-luan	rces.info:/sinh-vien-kinh-te-nckh/trich-dan-nao-la-dung-cach/; trithuccongdong.net:/cam-nang-luan-van/cach-trinh-bay-tai-lieu-tham-khao-va-trich-dan-trong-bai-luan.html	measured
13	sem-la-gi	sem là gì	1300	sem bao nhiêu là tốt	smartpls	term-la-gi	sem	pls-sem; mo-hinh-sem; cb-sem-la-gi; bien-tiem-an-la-gi; blindfolding-la-gi	phamlocblog.com:/2020/07/gioi-thieu-mo-hinh-cau-truc-tuyen-sem.html.html; phantichspss.com:/co-so-ly-thuyet-cua-mo-hinh-mang-sem-phan-1.html	measured
14	mo-hinh-swot	mô hình swot	3600		mo-hinh-nghien-cuu	model-theory	strategy	mo-hinh-chuoi-gia-tri-porter; 5-ap-luc-canh-tranh-porter-la-gi; balanced-scorecard-la-gi; bcg-la-gi; cac-ben-lien-quan-la-gi		measured
15	cronbach-alpha	cronbach alpha	1300	cronbach alpha là gì; cronbach alpha là gì; hệ số cronbach alpha là gì; cronbach alpha bao nhiêu là tốt; hệ số cronbach alpha bao nhiêu là tốt	spss	spss-howto	reliability	cronbach-alpha-trong-spss; item-total-correlation-nho-hon-0-3-phai-lam-sao; kiem-dinh-do-tin-cay-thang-do-trong-spss; composite-reliability-la-gi; loi-cronbach-alpha-am-spss	phamlocblog.com:/2017/03/kiem-dinh-do-tin-cay-cronbach-alpha-spss.html; phantichspss.com:/spss/thong-ke-do-tin-cay-cronbachs-alpha; xulydinhluong.com:/cronbachs-alpha-bao-nhieu-thi-dat-tieu-chuan-theo-nunnally-va-hair/; xulysolieu.info:/huong-dan-chi-tiet-cach-chay-cronbach-alpha-trong-spss/; mosl.vn:/kiem-dinh-cronbach-alpha-spss/; phantichspss.com:/vi-sao-cronbachs-alpha-cao-van-sai-hieu-dung-de-khong-rot-luan-van.html; xulydinhluong.com:/phan-tich-cronbachs-alpha-trong-spss/; xulysolieu.info:/he-so-cronbach-alpha-kiem-dinh-do-tin-cay-4/	measured
16	phuong-sai	phương sai	8100	phương sai là gì; phương sai là gì; phương sai bao nhiêu là tốt	thong-ke	term-la-gi	descriptive	do-lech-chuan; outlier; cong-thuc-tinh-phuong-sai; trung-vi; cong-thuc-phuong-sai	phantichspss.com:/do-lech-chuan-va-phuong-sai-cong-thuc-va-y-nghia.html; xulysolieu.info:/cach-tinh-phuong-sai-va-do-lech-chuan/; mosl.vn:/phuong-sai-la-gi/; trithuccongdong.net:/hoi-dap/phuong-sai-va-do-lech-chuan.html; xulysolieu.info:/hieu-ro-ve-do-lech-chuan-va-phuong-sai/	measured
17	form-khao-sat	form khảo sát	6600	cách làm form khảo sát	khao-sat	survey	collection	phieu-khao-sat-online; gg-form-khao-sat; tao-form-khao-sat; google-form-khao-sat; bang-cau-hoi-khao-sat-khach-hang	xulysolieu.info:/khao-sat-tren-google-cach-tao-form-nhanh/; mosl.vn:/cach-tao-bang-khao-sat-bang-google-form-cuc-don-gian/	measured
18	dinh-tinh-la-gi	định tính là gì	1900		nghien-cuu-khoa-hoc	term-la-gi	harvest-nghien-cuu-khoa-hoc	nghien-cuu-khoa-hoc; nckh-la-gi; linh-vuc-nghien-cuu; doi-tuong-nghien-cuu; dinh-luong-la-gi	xulysolieu.info:/dinh-tinh-va-dinh-luong-so-sanh-su-khac-biet/; mosl.vn:/dinh-tinh-la-gi; rces.info:/sinh-vien-kinh-te-nckh/phan-biet-ppnc-dinh-luong-va-ppnc-dinh-tinh/	measured
19	abstract	abstract	8100	abstract là gì	khoa-luan-tot-nghiep	thesis-writing	front-back	cach-ghi-tai-lieu-tham-khao; cach-trich-dan-tai-lieu-tham-khao; phu-luc-la-gi; muc-luc-tieu-luan; loi-cam-doan-khoa-luan	xulysolieu.info:/abstract-trong-luan-van-la-gi-cach-viet-ngan-gon/; trithuccongdong.net:/luan-van-tieng-anh/cach-viet-abstract.html	measured
20	ave-la-gi	ave là gì	1000	ave bao nhiêu là tốt	smartpls	smartpls-howto	measurement-model	ave-trong-smartpls; smart-pls; sem-la-gi; partial-least-squares-la-gi; pls-sem	phamlocblog.com:/2021/12/danh-gia-tinh-hoi-tu-bang-ave.html; phantichspss.com:/ban-luan-ve-ban-chat-cua-phuong-sai-trich-vevariance-extracted-va-phuong-sai-trich-trung-binh-ave-average-variance-extracted.html; xulydinhluong.com:/tinh-hoi-tu-phan-biet-tin-cay-trong-cfa/; xulysolieu.info:/gia-tri-hoi-tu-qua-chi-so-ave-tren-smartpls-4/	measured
21	porter-s-five-forces	porter's five forces	2900		mo-hinh-nghien-cuu	model-theory	harvest-mo-hinh-nghien-cuu	gia-thuyet-la-gi; mo-hinh-nghien-cuu; gia-thiet-hay-gia-thuyet; ly-thuyet-la-gi; mo-hinh-la-gi	trithuccongdong.net:/nhan-luc-nhan-su/phan-tich-mo-hinh-5-ap-luc-canh-tranh-cua-michael-porter.html	measured
22	amos	amos	1000		spss	term-la-gi	harvest-phan-tich-du-lieu	phan-mem-stata; xu-ly-du-lieu; spss; ma-tran-xoay; cronbach-alpha	phantichspss.com:/quy-trinh-dung-amos-va-spss-7-buoc-de-thuc-hien-luan-van-cao-hoc.html; xulydinhluong.com:/dich-vu-amos-chat-luong-gia-re-hang-dau-thi-truong/; xulysolieu.info:/amos-la-gi/; mosl.vn:/dich-vu-amos/	measured
23	outlier	outlier	6600	outlier là gì; outlier là gì; outlier bao nhiêu là tốt	thong-ke	term-la-gi	descriptive	do-lech-chuan; phuong-sai; cong-thuc-tinh-phuong-sai; trung-vi; cong-thuc-phuong-sai	xulysolieu.info:/outlier-la-gi-nhung-cach-xu-ly-du-lieu/; phamlocblog.com:/2021/01/diem-di-biet-outlier-la-gi.html; xulydinhluong.com:/diem-di-biet-outliers/	measured
24	bang-hoi-la-gi	bảng hỏi là gì	4400	cách làm bảng hỏi	khao-sat	survey	harvest-khao-sat	bieu-mau-khao-sat; khao-sat-google; likert-scale-la-gi; khao-sat-la-gi; bang-khao-sat	xulysolieu.info:/bang-hoi-la-gi-kham-pha-vai-tro-va-ung-dung/; rces.info:/sinh-vien-kinh-te-nckh/cac-noi-dung-co-ban-trong-mot-bang-hoi-khao-sat/; xulysolieu.info:/khao-sat-tren-google-cach-tao-form-nhanh/; mosl.vn:/cach-tao-bang-khao-sat-bang-google-form-cuc-don-gian/; rces.info:/sinh-vien-kinh-te-nckh/quy-trinh-thiet-ke-bang-hoi-nghien-cuu/	measured
25	linh-vuc-nghien-cuu	lĩnh vực nghiên cứu	1900		nghien-cuu-khoa-hoc	term-la-gi	harvest-nghien-cuu-khoa-hoc	nghien-cuu-khoa-hoc; nckh-la-gi; dinh-tinh-la-gi; doi-tuong-nghien-cuu; dinh-luong-la-gi	xulysolieu.info:/nghien-cuu-khoa-hoc-la-gi-vai-tro-va-cach-tiep-can/	measured
26	thac-si	thạc sĩ	6600		khoa-luan-tot-nghiep	thesis-writing	harvest-luan-van-thac-si	luan-an-tien-si; cach-ghi-tai-lieu-tham-khao; cach-trich-dan-tai-lieu-tham-khao; abstract; check-turnitin	trithuccongdong.net:/hoi-dap/dieu-kien-hoc-thac-si.html	measured
27	partial-least-squares-la-gi	partial least squares là gì	880		smartpls	term-la-gi	harvest-smartpls	smart-pls; sem-la-gi; ave-la-gi; pls-sem; mo-hinh-sem	phamlocblog.com:/2021/04/chay-phan-tich-mo-hinh-uoc-luong-smartpls.html; phantichspss.com:/pls-sem-la-gi-so-sanh-pls-sem-voi-cb-sem.html; xulydinhluong.com:/su-khac-biet-giua-pls-sem-va-cb-sem/; xulysolieu.info:/pls-la-gi-giai-ma-suc-manh-du-doan-du-lieu/	measured
28	mo-hinh-aida	mô hình aida	1600		mo-hinh-nghien-cuu	model-theory	marketing	thap-nhu-cau-maslow; mo-hinh-swot; porter-s-five-forces; mo-hinh-servqual; gia-thuyet-la-gi		measured
29	efa	efa	1000	efa là gì; efa là gì	spss	spss-howto	efa	cfa; ma-tran-xoay; communality; principal-component-analysis; eigenvalue	phamlocblog.com:/2018/07/phan-tich-nhan-to-kham-pha-efa.html; phantichspss.com:/chay-efa-cho-bien-phu-thuoc-factor-analysis.html; xulydinhluong.com:/phan-tich-nhan-to-kham-pha-efa-tren-spss/; xulysolieu.info:/efa-la-gi-tim-hieu-ve-phan-tich-nhan-to-kham-pha/; mosl.vn:/phan-tich-nhan-to-efa-spss-huong-dan/; phantichspss.com:/tong-quan-phan-tich-nhan-to-kham-pha-efa.html; xulydinhluong.com:/khi-nao-can-efa-trong-nghien-cuu-su-dung-smartpls/	measured
30	outliers	outliers	6600	outliers là gì	thong-ke	term-la-gi	harvest-thong-ke	moderating; moderator; scale-la-gi; mediator; std-la-gi	phamlocblog.com:/2021/01/diem-di-biet-outlier-la-gi.html; xulysolieu.info:/outlier-la-gi-nhung-cach-xu-ly-du-lieu/; xulydinhluong.com:/diem-di-biet-outliers/	measured
31	co-mau-la-gi	cỡ mẫu là gì	4400	cỡ mẫu bao nhiêu là tốt	khao-sat	term-la-gi	sampling	co-mau-cua-mau-so-lieu-la-gi; tinh-co-mau; phuong-phap-chon-mau; chon-mau-ngau-nhien; co-mau-trong-spss	phamlocblog.com:/2018/04/xac-dinh-kich-thuoc-mau-trong-nghien-cuu.html; phantichspss.com:/cong-thuc-xac-dinh-co-mau-bao-nhieu-la-phu-hop-cho-nghien-cuu.html; xulydinhluong.com:/kich-thuoc-mau-trong-nghien-cuu/; xulysolieu.info:/cong-thuc-chon-co-mau-la-gi-cach-tinh-efa/	measured
32	doi-tuong-nghien-cuu	đối tượng nghiên cứu	1600	đối tượng nghiên cứu là gì	nghien-cuu-khoa-hoc	term-la-gi	harvest-nghien-cuu-khoa-hoc	nghien-cuu-khoa-hoc; nckh-la-gi; dinh-tinh-la-gi; linh-vuc-nghien-cuu; dinh-luong-la-gi	mosl.vn:/doi-tuong-va-pham-vi-nghien-cuu-trong-luan-van/; rces.info:/sinh-vien-kinh-te-nckh/dau-la-nhung-noi-dung-can-chu-y-khi-doc-tai-lieu-nghien-cuu/	measured
33	check-turnitin	check turnitin	5400		khoa-luan-tot-nghiep	thesis-writing	harvest-khoa-luan-tot-nghiep	khoa-luan-tot-nghiep; de-tai-nckh; luan-van; dao-van; cach-xac-dinh-de-tai	trithuccongdong.net:/cam-nang-luan-van/phan-mem-turnitin-la-gi-cach-de-qua-mat-turnitin-de-dang.html	measured
34	pls-sem	pls-sem	720	pls sem; pls sem là gì; pls-sem là gì; pls sem là gì; pls sem bao nhiêu là tốt	smartpls	term-la-gi	sem	sem-la-gi; mo-hinh-sem; cb-sem-la-gi; bien-tiem-an-la-gi; blindfolding-la-gi	phamlocblog.com:/2021/03/mo-hinh-cau-truc-do-luong-pls.html; phantichspss.com:/so-sanh-pls-sem-va-cb-sem-khi-nao-nen-dung-smartpls-hay-amos.html; xulydinhluong.com:/su-khac-biet-giua-pls-sem-va-cb-sem/; xulysolieu.info:/pls-la-gi-giai-ma-suc-manh-du-doan-du-lieu/; xulydinhluong.com:/mo-hinh-nguyen-nhan-ket-qua-pls-sem/; xulysolieu.info:/gioi-thieu-smartpls-phan-mem-phan-tich-sem/; rces.info:/sinh-vien-kinh-te-nckh/gioi-thieu-phan-mem-smartpls/	measured
35	mo-hinh-servqual	mô hình servqual	1300		mo-hinh-nghien-cuu	model-theory	service	servqual; mo-hinh-servperf; mo-hinh-5-khoang-cach-chat-luong-dich-vu; 5-khoang-cach-chat-luong-dich-vu-la-gi; acsi-la-gi	phantichspss.com:/so-sanh-mo-hinh-chat-luong-dich-vu-servqual-va-servperf.html	measured
36	hoi-quy-tuyen-tinh	hồi quy tuyến tính	1000	hồi quy tuyến tính là gì; hồi quy tuyến tính là gì	spss	spss-howto	regression	bai-tap-hoi-quy-tuyen-tinh-co-loi-giai; hoi-quy-logistic; mo-hinh-hoi-quy-tuyen-tinh; da-cong-tuyen-la-gi; phuong-trinh-hoi-quy-tuyen-tinh	phamlocblog.com:/2016/11/cach-chay-hoi-quy-trong-spss.html; xulydinhluong.com:/uoc-luong-hoi-quy-tuyen-tinh-bang-ols/; xulysolieu.info:/hoi-quy-tuyen-tinh-da-bien/; mosl.vn:/hoi-quy-tuyen-tinh-spss-nang-cao/; xulysolieu.info:/hoi-quy-tuyen-tinh-la-gi/	measured
37	cong-thuc-tinh-phuong-sai	công thức tính phương sai	5400		thong-ke	term-la-gi	descriptive	do-lech-chuan; phuong-sai; outlier; trung-vi; cong-thuc-phuong-sai	phantichspss.com:/do-lech-chuan-va-phuong-sai-cong-thuc-va-y-nghia.html; xulysolieu.info:/cach-tinh-phuong-sai-va-do-lech-chuan/; trithuccongdong.net:/hoi-dap/phuong-sai-va-do-lech-chuan.html	measured
38	khao-sat-google	khảo sát google	1900	google khảo sát	khao-sat	survey	harvest-khao-sat	bieu-mau-khao-sat; bang-hoi-la-gi; likert-scale-la-gi; khao-sat-la-gi; bang-khao-sat	xulysolieu.info:/khao-sat-tren-google-cach-tao-form-nhanh/	measured
39	dinh-luong-la-gi	định lượng là gì	1300		nghien-cuu-khoa-hoc	term-la-gi	harvest-nghien-cuu-khoa-hoc	nghien-cuu-khoa-hoc; nckh-la-gi; dinh-tinh-la-gi; linh-vuc-nghien-cuu; doi-tuong-nghien-cuu	xulysolieu.info:/dinh-tinh-va-dinh-luong-so-sanh-su-khac-biet/; mosl.vn:/dinh-luong-la-gi/; rces.info:/sinh-vien-kinh-te-nckh/phan-biet-ppnc-dinh-luong-va-ppnc-dinh-tinh/	measured
40	phu-luc-la-gi	phụ lục là gì	3600	cách làm phụ lục	khoa-luan-tot-nghiep	thesis-writing	front-back	cach-ghi-tai-lieu-tham-khao; cach-trich-dan-tai-lieu-tham-khao; abstract; muc-luc-tieu-luan; loi-cam-doan-khoa-luan	trithuccongdong.net:/cam-nang-tieu-luan/cach-trinh-bay-muc-luc-tieu-luan-dep-de-tra-cuu.html; trithuccongdong.net:/luan-van-tieng-anh/cach-trinh-bay-phu-luc-luan-van-tieng-anh.html	measured
41	mo-hinh-sem	mô hình sem	480		smartpls	term-la-gi	sem	sem-la-gi; pls-sem; cb-sem-la-gi; bien-tiem-an-la-gi; blindfolding-la-gi	phamlocblog.com:/2020/07/gioi-thieu-mo-hinh-cau-truc-tuyen-sem.html.html; phantichspss.com:/co-so-ly-thuyet-cua-mo-hinh-mang-sem-phan-1.html; xulydinhluong.com:/phan-tich-mo-hinh-cau-truc-tuyen-tinh-sem-amos/; xulysolieu.info:/sem-model-la-gi-tong-quan-mo-hinh/	measured
42	gia-thuyet-la-gi	giả thuyết là gì	1000	giả thuyết	mo-hinh-nghien-cuu	model-theory	harvest-mo-hinh-nghien-cuu	porter-s-five-forces; mo-hinh-nghien-cuu; gia-thiet-hay-gia-thuyet; ly-thuyet-la-gi; mo-hinh-la-gi	xulydinhluong.com:/gia-thuyet-nghien-cuu-trong-nghien-cuu-khoa-hoc/; xulysolieu.info:/xay-dung-gia-thuyet-nghien-cuu/; mosl.vn:/huong-dan-viet-gia-thuyet-nghien-cuu/	measured
43	thong-ke-mo-ta	thống kê mô tả	480	thống kê mô tả là gì; thống kê mô tả là gì; thống kê mô tả bao nhiêu là tốt	spss	spss-howto	descriptive	do-lech-chuan; phuong-sai; outlier; cong-thuc-tinh-phuong-sai; trung-vi	phamlocblog.com:/2019/05/thong-ke-mo-ta-tan-so-trong-spss.html; phantichspss.com:/huong-dan-cach-chay-thong-ke-mo-ta-trong-spss.html; xulydinhluong.com:/thong-ke-mo-ta-trung-binh-trong-spss/; xulysolieu.info:/cach-doc-ket-qua-thong-ke-mo-ta-trong-spss/; mosl.vn:/thong-ke-mo-ta-spss-2025/; xulysolieu.info:/thong-ke-mo-ta-la-gi-vai-tro-cua-no/	measured
44	moderating	moderating	5400		thong-ke	term-la-gi	harvest-thong-ke	outliers; moderator; scale-la-gi; mediator; std-la-gi	phamlocblog.com:/2021/03/bien-trung-gian-dieu-tiet-kiem-soat.html; xulydinhluong.com:/khai-niem-bien-trung-gian-bien-dieu-tiet-biet-kiem-soat/; xulysolieu.info:/hieu-ro-ve-moderator-la-gi-va-vai-tro-cua-no/	measured
45	likert-scale-la-gi	likert scale là gì	1900		khao-sat	survey	harvest-khao-sat	bieu-mau-khao-sat; bang-hoi-la-gi; khao-sat-google; khao-sat-la-gi; bang-khao-sat	phantichspss.com:/thang-do-likert-la-gi.html; xulysolieu.info:/thang-do-likert-la-gi/; rces.info:/sinh-vien-kinh-te-nckh/cac-loai-thang-do-su-dung-trong-nghien-cuu/	measured
46	du-lieu-thu-cap-la-gi	dữ liệu thứ cấp là gì	1300	dữ liệu sơ cấp và thứ cấp; dữ liệu thứ cấp; dữ liệu thứ cấp; dữ liệu sơ cấp và thứ cấp là gì; dữ liệu thứ cấp và sơ cấp	nghien-cuu-khoa-hoc	term-la-gi	data	du-lieu-so-cap; nghien-cuu-khoa-hoc; nckh-la-gi; dinh-tinh-la-gi; linh-vuc-nghien-cuu	xulysolieu.info:/du-lieu-thu-cap-la-gi-quy-trinh-thu-thap-du-lieu/	measured
47	khoa-luan-tot-nghiep	khóa luận tốt nghiệp	2900	khóa luận tốt nghiệp là gì; khoá luận tốt nghiệp là gì	khoa-luan-tot-nghiep	thesis-writing	harvest-khoa-luan-tot-nghiep	check-turnitin; de-tai-nckh; luan-van; dao-van; cach-xac-dinh-de-tai	xulysolieu.info:/khoa-luan-tot-nghiep-thuc-tap-tot-nghiep-la-gi/; mosl.vn:/co-nen-lam-khoa-luan-tot-nghiep-khong/	measured
48	r-square	r square	480	r and r square; r square là gì; r square bao nhiêu là tốt	smartpls	smartpls-howto	structural-model	vif-la-gi; smart-pls; sem-la-gi; ave-la-gi; partial-least-squares-la-gi	phamlocblog.com:/2019/10/y-nghia-r-binh-phuong-hieu-chinh.html; phantichspss.com:/r-binh-phuong-r-binh-phuong-hieu-chinh-cong-thuc-y-nghia-cach-tinh-thu-cong-va-cach-tinh-bang-spss.html; xulydinhluong.com:/y-nghia-cua-gia-tri-r-binh-phuong-hieu-chinh-trong-hoi-quy/; xulysolieu.info:/r-square-la-gi-tim-hieu-ve-y-nghia-va-ung-dung/; xulysolieu.info:/so-sanh-r-squared-va-adjusted-r-squared/	measured
49	mo-hinh-tam	mô hình tam	1000		mo-hinh-nghien-cuu	model-theory	technology	mo-hinh-chap-nhan-cong-nghe-tam; chap-nhan-cong-nghe-tam-la-gi; is-success-delone-mclean-la-gi; khuech-tan-doi-moi-la-gi; ky-vong-xac-nhan-ecm-la-gi		measured
50	bieu-do-boxplot	biểu đồ boxplot	390		spss	spss-howto	descriptive	do-lech-chuan; phuong-sai; outlier; cong-thuc-tinh-phuong-sai; trung-vi	phantichspss.com:/cach-doc-bieu-do-hop-boxplot.html; xulysolieu.info:/bieu-do-boxplot-trong-spss-cach-ve-va-doc-ket-qua/	measured
51	moderator	moderator	5400	moderator là gì	thong-ke	term-la-gi	harvest-thong-ke	outliers; moderating; scale-la-gi; mediator; std-la-gi	phamlocblog.com:/2024/03/phan-tich-bien-dieu-tiet-moderator-smartpls4.html; phantichspss.com:/quan-he-dieu-tiet-moderation-cac-loai-bien-dieu-tiet-moderator-mo-hinh-hoa-quan-dieu-tiet.html; xulysolieu.info:/hieu-ro-ve-moderator-la-gi-va-vai-tro-cua-no/; phamlocblog.com:/2021/03/bien-trung-gian-dieu-tiet-kiem-soat.html; xulydinhluong.com:/khai-niem-bien-trung-gian-bien-dieu-tiet-biet-kiem-soat/	measured
52	thang-do-likert	thang đo likert	1600	thang đo likert là gì; thang đo likert là gì	khao-sat	term-la-gi	measurement	thang-do-dinh-danh-la-gi; phieu-khao-sat-online; bieu-mau-khao-sat; form-khao-sat; bang-hoi-la-gi	phantichspss.com:/y-nghia-gia-tri-trung-binh-trong-thang-do-khoang.html; xulysolieu.info:/thang-do-likert-5-muc-do-phan-tich-chi-tiet/; phamlocblog.com:/2026/01/cach-chay-thang-do-likert-spss.html; xulysolieu.info:/thang-do-likert-la-gi/	measured
53	co-so-ly-luan-la-gi	cơ sở lý luận là gì	1000	cơ sở lý luận	nghien-cuu-khoa-hoc	term-la-gi	harvest-nghien-cuu-khoa-hoc	nghien-cuu-khoa-hoc; nckh-la-gi; dinh-tinh-la-gi; linh-vuc-nghien-cuu; doi-tuong-nghien-cuu	xulysolieu.info:/co-so-ly-luan-trong-nghien-cuu-khoa-hoc/; mosl.vn:/3-buoc-lam-co-so-ly-thuyet-trong-luan-van-cuc-don-gian/	measured
54	de-tai-nckh	đề tài nckh	2400	đề tài nghiên cứu khoa học; các đề tài nghiên cứu khoa học	khoa-luan-tot-nghiep	topic-list	harvest-khoa-luan-tot-nghiep	check-turnitin; khoa-luan-tot-nghiep; luan-van; dao-van; cach-xac-dinh-de-tai	mosl.vn:/huong-dan-lam-de-tai-nghien-cuu-khoa-hoc/; xulysolieu.info:/cach-tim-de-tai-nghien-cuu-khoa-hoc-bi-quyet-thanh-cong/; rces.info:/sinh-vien-kinh-te-nckh/nhung-nguon-y-tuong-cho-de-tai-nghien-cuu/	measured
55	bien-dieu-tiet	biến điều tiết	260	biến điều tiết là gì; biến điều tiết là gì; biến điều tiết bao nhiêu là tốt	smartpls	smartpls-howto	advanced	bien-dieu-tiet-trong-smartpls; smart-pls; sem-la-gi; ave-la-gi; partial-least-squares-la-gi	phamlocblog.com:/2021/03/bien-trung-gian-dieu-tiet-kiem-soat.html; phantichspss.com:/quan-he-dieu-tiet-moderation-cac-loai-bien-dieu-tiet-moderator-mo-hinh-hoa-quan-dieu-tiet.html; xulydinhluong.com:/khai-niem-bien-trung-gian-bien-dieu-tiet-biet-kiem-soat/; xulysolieu.info:/phan-biet-bien-trung-gian-dieu-tiet-kiem-soat/; xulydinhluong.com:/cach-xu-ly-bien-dieu-tiet-moderator-tren-spss/	measured
56	servqual	servqual	880	servqual là gì	mo-hinh-nghien-cuu	model-theory	service	mo-hinh-servqual; mo-hinh-servperf; mo-hinh-5-khoang-cach-chat-luong-dich-vu; 5-khoang-cach-chat-luong-dich-vu-la-gi; acsi-la-gi	phantichspss.com:/so-sanh-mo-hinh-chat-luong-dich-vu-servqual-va-servperf.html	measured
57	bai-tap-hoi-quy-tuyen-tinh-co-loi-giai	bài tập hồi quy tuyến tính có lời giải	320		spss	spss-howto	regression	hoi-quy-tuyen-tinh; hoi-quy-logistic; mo-hinh-hoi-quy-tuyen-tinh; da-cong-tuyen-la-gi; phuong-trinh-hoi-quy-tuyen-tinh	phamlocblog.com:/2016/11/cach-chay-hoi-quy-trong-spss.html; xulysolieu.info:/bai-tap-hoi-quy-tuyen-tinh-don-bien/	measured
58	trung-vi	trung vị	5400	trung vị là gì; trung vị là gì; số trung vị; số trung vị là gì; trung vị bao nhiêu là tốt	thong-ke	term-la-gi	descriptive	do-lech-chuan; phuong-sai; outlier; cong-thuc-tinh-phuong-sai; cong-thuc-phuong-sai	phantichspss.com:/su-khac-nhau-giua-trung-binh-va-trung-vi.html; xulysolieu.info:/gia-tri-trung-binh-trung-vi-va-tu-phan-vi/; trithuccongdong.net:/hoi-dap/trung-vi-la-gi.html	measured
59	thang-do-likert-5-muc-do	thang đo likert 5 mức độ	1600	thang đo likert 5 mức là gì	khao-sat	survey	instrument	phieu-khao-sat; thiet-ke-bang-hoi; mau-phieu-khao-sat; thang-do-likert-7-muc-do; bang-cau-hoi-khao-sat	phamlocblog.com:/2026/01/cach-chay-thang-do-likert-spss.html; phantichspss.com:/y-nghia-gia-tri-trung-binh-trong-thang-do-khoang.html; xulysolieu.info:/thang-do-likert-5-muc-do-phan-tich-chi-tiet/; rces.info:/sinh-vien-kinh-te-nckh/cac-loai-thang-do-su-dung-trong-nghien-cuu/	measured
60	dinh-tinh-va-dinh-luong-la-gi	định tính và định lượng là gì	1000	định tính và định lượng; định tính định lượng là gì; định lượng và định tính	nghien-cuu-khoa-hoc	term-la-gi	harvest-nghien-cuu-khoa-hoc	nghien-cuu-khoa-hoc; nckh-la-gi; dinh-tinh-la-gi; linh-vuc-nghien-cuu; doi-tuong-nghien-cuu	xulysolieu.info:/dinh-tinh-va-dinh-luong-so-sanh-su-khac-biet/; mosl.vn:/dinh-luong-la-gi/; rces.info:/sinh-vien-kinh-te-nckh/phan-biet-ppnc-dinh-luong-va-ppnc-dinh-tinh/	measured
61	phuong-phap-nghien-cuu-khoa-hoc	phương pháp nghiên cứu khoa học	2400	các phương pháp nghiên cứu khoa học	khoa-luan-tot-nghiep	thesis-writing	ch3	phuong-phap-nghien-cuu; giao-trinh-phuong-phap-nghien-cuu-khoa-hoc-pdf; phuong-phap-nghien-cuu-dinh-tinh; quy-trinh-nghien-cuu-khoa-hoc; phuong-phap-nghien-cuu-dinh-luong	xulysolieu.info:/cac-loai-phuong-phap-nghien-cuu-khoa-hoc-pho-bien/; rces.info:/sinh-vien-kinh-te-nckh/cac-phuong-phap-thuong-duoc-su-dung-trong-nghien-cuu-kinh-te/; rces.info:/sinh-vien-kinh-te-nckh/phuong-phap-nghien-cuu-khoa-hoc-va-phuong-phap-luan-nghien-cuu-khoa-hoc/	measured
62	vif-la-gi	vif là gì	260		smartpls	smartpls-howto	structural-model	r-square; smart-pls; sem-la-gi; ave-la-gi; partial-least-squares-la-gi	phamlocblog.com:/2018/07/da-cong-tuyen-nhan-biet-khac-phuc.html; xulysolieu.info:/kiem-dinh-da-cong-tuyen-vif-cach-doc-va-xu-ly/	measured
63	mo-hinh-nghien-cuu	mô hình nghiên cứu	720	mô hình nghiên cứu là gì	mo-hinh-nghien-cuu	model-theory	harvest-mo-hinh-nghien-cuu	porter-s-five-forces; gia-thuyet-la-gi; gia-thiet-hay-gia-thuyet; ly-thuyet-la-gi; mo-hinh-la-gi	phamlocblog.com:/2025/01/khai-niem-cach-xay-dung-mo-hinh-nghien-cuu.html; phantichspss.com:/ve-mo-hinh-nghien-cuu-khoa-hoc-bang-visio.html; xulydinhluong.com:/mo-hinh-nghien-cuu-va-cach-xay-dung/; xulysolieu.info:/cac-mo-hinh-nghien-cuu-khoa-hoc-tu-ly-thuyet/; phantichspss.com:/mo-hinh-nghien-cuu-va-cac-van-de-lien-quan.html	measured
64	hoi-quy-logistic	hồi quy logistic	320		spss	spss-howto	regression	hoi-quy-tuyen-tinh; bai-tap-hoi-quy-tuyen-tinh-co-loi-giai; mo-hinh-hoi-quy-tuyen-tinh; da-cong-tuyen-la-gi; phuong-trinh-hoi-quy-tuyen-tinh	phamlocblog.com:/2019/02/hoi-quy-nhi-phan-binary-logistic-spss.html; phantichspss.com:/khi-nao-can-su-dung-hoi-quy-logistic-va-khi-nao-can-su-dung-hoi-quy-tuyen-tinh.html; xulydinhluong.com:/hoi-quy-nhi-phan-binary-logistic-spss/; xulysolieu.info:/logistic-regression-spss-huong-dan/	measured
65	cong-thuc-phuong-sai	công thức phương sai	4400	phương sai công thức	thong-ke	term-la-gi	descriptive	do-lech-chuan; phuong-sai; outlier; cong-thuc-tinh-phuong-sai; trung-vi	phantichspss.com:/do-lech-chuan-va-phuong-sai-cong-thuc-va-y-nghia.html; xulysolieu.info:/cong-thuc-tinh-phuong-sai-va-do-lech-chuan/; mosl.vn:/phuong-sai-la-gi/; trithuccongdong.net:/hoi-dap/phuong-sai-va-do-lech-chuan.html; xulysolieu.info:/cach-tinh-phuong-sai-va-do-lech-chuan/	measured
66	phieu-khao-sat	phiếu khảo sát	1300	cách làm phiếu khảo sát; phiếu khảo sát là gì	khao-sat	survey	instrument	thang-do-likert-5-muc-do; thiet-ke-bang-hoi; mau-phieu-khao-sat; thang-do-likert-7-muc-do; bang-cau-hoi-khao-sat	xulysolieu.info:/huong-dan-cach-lam-phieu-khao-sat-nghien-cuu/; xulysolieu.info:/khao-sat-tren-google-cach-tao-form-nhanh/; mosl.vn:/cach-tao-bang-khao-sat-bang-google-form-cuc-don-gian/	measured
67	phuong-phap-luan-la-gi	phương pháp luận là gì	1000		nghien-cuu-khoa-hoc	term-la-gi	harvest-nghien-cuu-khoa-hoc	nghien-cuu-khoa-hoc; nckh-la-gi; dinh-tinh-la-gi; linh-vuc-nghien-cuu; doi-tuong-nghien-cuu	xulysolieu.info:/phuong-phap-luan-nghien-cuu-khoa-hoc/	measured
68	luan-van	luận văn	1900	luận văn là gì	khoa-luan-tot-nghiep	thesis-writing	harvest-khoa-luan-tot-nghiep	check-turnitin; khoa-luan-tot-nghiep; de-tai-nckh; dao-van; cach-xac-dinh-de-tai	mosl.vn:/luan-van-la-gi-lieu-viet-luan-van-co-kho-khong/	measured
69	cb-sem-la-gi	cb sem là gì	40	cb sem bao nhiêu là tốt	smartpls	term-la-gi	sem	sem-la-gi; pls-sem; mo-hinh-sem; bien-tiem-an-la-gi; blindfolding-la-gi		measured
70	gia-thiet-hay-gia-thuyet	giả thiết hay giả thuyết	590	giả thuyết hay giả thiết; giả thiết và giả thuyết	mo-hinh-nghien-cuu	model-theory	harvest-mo-hinh-nghien-cuu	porter-s-five-forces; gia-thuyet-la-gi; mo-hinh-nghien-cuu; ly-thuyet-la-gi; mo-hinh-la-gi	xulysolieu.info:/phan-biet-gia-thuyet-va-gia-thiet-trong-nghien-cuu/; xulysolieu.info:/gia-thuyet-nghien-cuu-la-gi-khai-niem-vai-tro/	measured
71	mo-hinh-hoi-quy-tuyen-tinh	mô hình hồi quy tuyến tính	320		spss	spss-howto	regression	hoi-quy-tuyen-tinh; bai-tap-hoi-quy-tuyen-tinh-co-loi-giai; hoi-quy-logistic; da-cong-tuyen-la-gi; phuong-trinh-hoi-quy-tuyen-tinh	phamlocblog.com:/2016/11/cach-chay-hoi-quy-trong-spss.html; xulydinhluong.com:/phan-tich-va-doc-ket-qua-hoi-quy-da-bien-tren-spss/; xulysolieu.info:/hoi-quy-tuyen-tinh-la-gi/	measured
72	scale-la-gi	scale là gì	4400		thong-ke	term-la-gi	harvest-thong-ke	outliers; moderating; moderator; mediator; std-la-gi	phantichspss.com:/cac-loai-thang-do-trong-spss-scale-ordinal-nominal.html; xulysolieu.info:/4-loai-thang-do-co-ban-trong-spss/; rces.info:/sinh-vien-kinh-te-nckh/cac-loai-thang-do-su-dung-trong-nghien-cuu/; trithuccongdong.net:/tai-lieu-spss/thang-do-trong-spss.html	measured
73	gg-form-khao-sat	gg form khảo sát	1000		khao-sat	survey	collection	phieu-khao-sat-online; form-khao-sat; tao-form-khao-sat; google-form-khao-sat; bang-cau-hoi-khao-sat-khach-hang	xulysolieu.info:/khao-sat-tren-google-cach-tao-form-nhanh/; mosl.vn:/cach-tao-bang-khao-sat-bang-google-form-cuc-don-gian/	measured
74	bai-nghien-cuu-khoa-hoc	bài nghiên cứu khoa học	880		nghien-cuu-khoa-hoc	term-la-gi	harvest-nghien-cuu-khoa-hoc	nghien-cuu-khoa-hoc; nckh-la-gi; dinh-tinh-la-gi; linh-vuc-nghien-cuu; doi-tuong-nghien-cuu	xulysolieu.info:/cac-vi-du-ve-nghien-cuu-khoa-hoc-de-hieu/; rces.info:/sinh-vien-kinh-te-nckh/quy-trinh-thuc-hien-nghien-cuu-khoa-hoc/	measured
75	dao-van	đạo văn	1600	đạo văn là gì	khoa-luan-tot-nghiep	thesis-writing	harvest-khoa-luan-tot-nghiep	check-turnitin; khoa-luan-tot-nghiep; de-tai-nckh; luan-van; cach-xac-dinh-de-tai	rces.info:/sinh-vien-kinh-te-nckh/loi-dao-van-trong-nghien-cuu-khoa-hoc-va-cach-phong-tranh/	measured
76	ave-trong-smartpls	ave trong smartpls	10		smartpls	smartpls-howto	measurement-model	ave-la-gi; smart-pls; sem-la-gi; partial-least-squares-la-gi; pls-sem		measured
77	mo-hinh-tpb	mô hình tpb	590		mo-hinh-nghien-cuu	model-theory	behavior	mo-hinh-tra; gia-tri-tieu-dung-la-gi; hanh-vi-du-dinh-la-gi; ly-thuyet-tpb; mo-hinh-tu-quyet		measured
78	tuong-quan-pearson	tương quan pearson	320		spss	spss-howto	correlation	spss; ma-tran-xoay; cronbach-alpha; amos; efa	phamlocblog.com:/2015/11/phan-tich-tuong-quan-pearson-trong-spss.html; phantichspss.com:/he-so-tuong-quan-pearson-cach-thao-tac-phan-tich-tuong-quan-trong-spss.html; xulydinhluong.com:/phan-tich-tuong-quan-pearson-tren-spss/; xulysolieu.info:/he-so-tuong-quan-pearson-trong-spss/	measured
79	mediator	mediator	3600	mediator là gì	thong-ke	term-la-gi	harvest-thong-ke	outliers; moderating; moderator; scale-la-gi; std-la-gi	xulysolieu.info:/mediators-la-gi/; phamlocblog.com:/2021/03/bien-trung-gian-dieu-tiet-kiem-soat.html; phantichspss.com:/mo-hinh-bien-trung-gian-mediator-nam-loai-ket-qua-co-xuat-hien.html; xulydinhluong.com:/khai-niem-bien-trung-gian-bien-dieu-tiet-biet-kiem-soat/; xulysolieu.info:/phan-biet-2-loai-bien-trung-gian-mot-phan/	measured
80	tao-form-khao-sat	tạo form khảo sát	1000		khao-sat	survey	collection	phieu-khao-sat-online; form-khao-sat; gg-form-khao-sat; google-form-khao-sat; bang-cau-hoi-khao-sat-khach-hang	xulysolieu.info:/khao-sat-tren-google-cach-tao-form-nhanh/; mosl.vn:/cach-tao-bang-khao-sat-bang-google-form-cuc-don-gian/	measured
81	du-lieu-so-cap	dữ liệu sơ cấp	720	dữ liệu sơ cấp là gì; dữ liệu sơ cấp là gì	nghien-cuu-khoa-hoc	term-la-gi	data	du-lieu-thu-cap-la-gi; nghien-cuu-khoa-hoc; nckh-la-gi; dinh-tinh-la-gi; linh-vuc-nghien-cuu	xulysolieu.info:/du-lieu-thu-cap-la-gi-quy-trinh-thu-thap-du-lieu/	measured
82	de-cuong-nghien-cuu-khoa-hoc	đề cương nghiên cứu khoa học	1600		khoa-luan-tot-nghiep	thesis-writing	planning	de-cuong-la-gi; cach-ghi-tai-lieu-tham-khao; cach-trich-dan-tai-lieu-tham-khao; abstract; thac-si	mosl.vn:/huong-dan-viet-de-cuong-nghien-cuu/; rces.info:/sinh-vien-kinh-te-nckh/nhung-noi-dung-can-co-trong-mot-ban-de-cuong-nghien-cuu-chi-tiet/	measured
83	bien-dieu-tiet-trong-smartpls	biến điều tiết trong smartpls	10		smartpls	smartpls-howto	advanced	bien-dieu-tiet; smart-pls; sem-la-gi; ave-la-gi; partial-least-squares-la-gi		measured
84	ly-thuyet-la-gi	lý thuyết là gì	480		mo-hinh-nghien-cuu	model-theory	harvest-mo-hinh-nghien-cuu	porter-s-five-forces; gia-thuyet-la-gi; mo-hinh-nghien-cuu; gia-thiet-hay-gia-thuyet; mo-hinh-la-gi	xulysolieu.info:/khung-ly-thuyet-nghien-cuu-la-gi/	measured
85	cach-nhan-xet-bang-tan-so	cách nhận xét bảng tần số	260	cách tính giá trị trung bình	spss	spss-howto	descriptive	do-lech-chuan; phuong-sai; outlier; cong-thuc-tinh-phuong-sai; trung-vi	phamlocblog.com:/2025/02/cach-nhan-xet-bang-so-lieu-trong-spss.html; xulysolieu.info:/cach-nhan-xet-bang-so-lieu-trong-spss/; xulysolieu.info:/cach-tinh-trung-binh-mau-cong-thuc-vi-du/	measured
86	std-la-gi	std là gì	3600		thong-ke	term-la-gi	harvest-thong-ke	outliers; moderating; moderator; scale-la-gi; mediator	phamlocblog.com:/2020/08/do-lech-chuan-bao-nhieu-chap-nhan-duoc.html	measured
87	google-form-khao-sat	google form khảo sát	880		khao-sat	survey	collection	phieu-khao-sat-online; form-khao-sat; gg-form-khao-sat; tao-form-khao-sat; bang-cau-hoi-khao-sat-khach-hang	xulysolieu.info:/khao-sat-tren-google-cach-tao-form-nhanh/; mosl.vn:/cach-tao-bang-khao-sat-bang-google-form-cuc-don-gian/	measured
88	vi-du-ve-cau-hoi-dinh-luong	ví dụ về câu hỏi định lượng	720		nghien-cuu-khoa-hoc	term-la-gi	harvest-nghien-cuu-khoa-hoc	nghien-cuu-khoa-hoc; nckh-la-gi; dinh-tinh-la-gi; linh-vuc-nghien-cuu; doi-tuong-nghien-cuu	xulysolieu.info:/vi-du-ve-dinh-tinh-va-dinh-luong-ung-dung-hieu-qua/; rces.info:/sinh-vien-kinh-te-nckh/phan-biet-ppnc-dinh-luong-va-ppnc-dinh-tinh/	measured
89	phuong-phap-nghien-cuu	phương pháp nghiên cứu	1300	các phương pháp nghiên cứu; phương pháp nghiên cứu là gì	khoa-luan-tot-nghiep	thesis-writing	ch3	phuong-phap-nghien-cuu-khoa-hoc; giao-trinh-phuong-phap-nghien-cuu-khoa-hoc-pdf; phuong-phap-nghien-cuu-dinh-tinh; quy-trinh-nghien-cuu-khoa-hoc; phuong-phap-nghien-cuu-dinh-luong	xulysolieu.info:/cac-loai-phuong-phap-nghien-cuu-khoa-hoc-pho-bien/; rces.info:/sinh-vien-kinh-te-nckh/cac-phuong-phap-thuong-duoc-su-dung-trong-nghien-cuu-kinh-te/; xulysolieu.info:/phuong-phap-luan-nghien-cuu-khoa-hoc/	measured
90	mo-hinh-la-gi	mô hình là gì	480		mo-hinh-nghien-cuu	model-theory	harvest-mo-hinh-nghien-cuu	porter-s-five-forces; gia-thuyet-la-gi; mo-hinh-nghien-cuu; gia-thiet-hay-gia-thuyet; ly-thuyet-la-gi	phamlocblog.com:/2025/01/khai-niem-cach-xay-dung-mo-hinh-nghien-cuu.html; xulysolieu.info:/mo-hinh-la-gi/	measured
91	phan-mem-stata	phần mềm stata	260		spss	term-la-gi	harvest-phan-tich-du-lieu	amos; xu-ly-du-lieu; spss; ma-tran-xoay; cronbach-alpha	xulysolieu.info:/tai-phan-mem-stata-cach-cai-a-z/	measured
92	cach-tinh-phuong-sai	cách tính phương sai	2900	tính phương sai	thong-ke	term-la-gi	descriptive	do-lech-chuan; phuong-sai; outlier; cong-thuc-tinh-phuong-sai; trung-vi	xulysolieu.info:/cach-tinh-phuong-sai-va-do-lech-chuan/; trithuccongdong.net:/hoi-dap/phuong-sai-va-do-lech-chuan.html; phantichspss.com:/do-lech-chuan-va-phuong-sai-cong-thuc-va-y-nghia.html	measured
93	cong-thuc-tinh-co-mau	công thức tính cỡ mẫu	480		khao-sat	survey	sample-size	phieu-khao-sat-online; bieu-mau-khao-sat; form-khao-sat; bang-hoi-la-gi; co-mau-la-gi	phamlocblog.com:/2018/04/xac-dinh-kich-thuoc-mau-trong-nghien-cuu.html; phantichspss.com:/cong-thuc-xac-dinh-co-mau-bao-nhieu-la-phu-hop-cho-nghien-cuu.html; xulydinhluong.com:/kich-thuoc-mau-trong-nghien-cuu/; xulysolieu.info:/cong-thuc-tinh-co-mau-mo-ta-cat-ngang/	measured
94	du-lieu-dinh-luong-la-gi	dữ liệu định lượng là gì	590		nghien-cuu-khoa-hoc	term-la-gi	harvest-nghien-cuu-khoa-hoc	nghien-cuu-khoa-hoc; nckh-la-gi; dinh-tinh-la-gi; linh-vuc-nghien-cuu; doi-tuong-nghien-cuu	xulysolieu.info:/du-lieu-dinh-tinh-la-gi-phan-tich-dua-tren-y-kien/; mosl.vn:/dinh-luong-la-gi/; rces.info:/sinh-vien-kinh-te-nckh/phan-biet-ppnc-dinh-luong-va-ppnc-dinh-tinh/	measured
95	gia-thuyet-nghien-cuu-la-gi	giả thuyết nghiên cứu là gì	1000		khoa-luan-tot-nghiep	thesis-writing	ch2	co-so-ly-thuyet; khoang-trong-nghien-cuu-la-gi; cach-ghi-tai-lieu-tham-khao; cach-trich-dan-tai-lieu-tham-khao; abstract	xulydinhluong.com:/gia-thuyet-nghien-cuu-trong-nghien-cuu-khoa-hoc/; xulysolieu.info:/xay-dung-gia-thuyet-nghien-cuu/; mosl.vn:/huong-dan-viet-gia-thuyet-nghien-cuu/	measured
96	bien-kiem-soat-la-gi	biến kiểm soát là gì	390	biến kiểm soát; biến kiểm soát bao nhiêu là tốt	mo-hinh-nghien-cuu	term-la-gi	mediation	bien-trung-gian-la-gi; bootstrap-trung-gian-trong-spss; bien-doc-lap-la-gi; phan-tich-sobel-test-spss; process-macro-la-gi	phamlocblog.com:/2021/03/bien-trung-gian-dieu-tiet-kiem-soat.html; phantichspss.com:/su-khac-nhau-giua-kiem-dinh-anova-va-bien-dieu-tiet.html; xulydinhluong.com:/khai-niem-bien-trung-gian-bien-dieu-tiet-biet-kiem-soat/; xulysolieu.info:/phan-biet-bien-trung-gian-dieu-tiet-kiem-soat/	measured
97	phuong-trinh-hoi-quy-tuyen-tinh	phương trình hồi quy tuyến tính	260		spss	spss-howto	regression	hoi-quy-tuyen-tinh; bai-tap-hoi-quy-tuyen-tinh-co-loi-giai; hoi-quy-logistic; mo-hinh-hoi-quy-tuyen-tinh; da-cong-tuyen-la-gi	phamlocblog.com:/2025/02/cach-viet-phuong-trinh-hoi-quy-trong-spss.html; phantichspss.com:/cach-viet-phuong-trinh-hoi-quy-tuyen-tinh-da-bien.html; xulydinhluong.com:/viet-phuong-trinh-hoi-quy-tuyen-tinh-trong-spss/; xulysolieu.info:/huong-dan-phan-tich-hoi-quy-tuyen-tinh-trong-spss/	measured
98	median	median	2900	median là gì	thong-ke	term-la-gi	harvest-thong-ke	outliers; moderating; moderator; scale-la-gi; mediator	xulysolieu.info:/trung-vi-median-la-gi-cach-tinh-vi-du/; phantichspss.com:/su-khac-nhau-giua-trung-binh-va-trung-vi.html; xulysolieu.info:/gia-tri-trung-binh-trung-vi-va-tu-phan-vi/	measured
99	khao-sat-la-gi	khảo sát là gì	480		khao-sat	survey	harvest-khao-sat	bieu-mau-khao-sat; bang-hoi-la-gi; khao-sat-google; likert-scale-la-gi; bang-khao-sat	rces.info:/sinh-vien-kinh-te-nckh/cac-noi-dung-co-ban-trong-mot-bang-hoi-khao-sat/	measured
100	khach-the-nghien-cuu-la-gi	khách thể nghiên cứu là gì	480		nghien-cuu-khoa-hoc	term-la-gi	harvest-nghien-cuu-khoa-hoc	nghien-cuu-khoa-hoc; nckh-la-gi; dinh-tinh-la-gi; linh-vuc-nghien-cuu; doi-tuong-nghien-cuu	phantichspss.com:/mo-hinh-nghien-cuu-va-cac-van-de-lien-quan.html; mosl.vn:/khach-the-nghien-cuu-vi-du/; rces.info:/sinh-vien-kinh-te-nckh/quy-trinh-thuc-hien-nghien-cuu-khoa-hoc/	measured
101	ly-do-chon-de-tai	lý do chọn đề tài	1000		khoa-luan-tot-nghiep	topic-list	ch1	loi-mo-dau; loi-mo-dau-tieu-luan; muc-tieu-nghien-cuu; cau-hoi-nghien-cuu	xulydinhluong.com:/chon-de-tai-nghien-cuu-khoa-hoc/; xulysolieu.info:/lam-the-nao-de-xac-dinh-de-tai-nghien-cuu-phu-hop/; rces.info:/sinh-vien-kinh-te-nckh/luu-y-khi-dat-ten-de-tai-nghien-cuu/	measured
102	mo-hinh-hoi-quy-tong-the	mô hình hồi quy tổng thể	390		mo-hinh-nghien-cuu	model-theory	harvest-mo-hinh-nghien-cuu	porter-s-five-forces; gia-thuyet-la-gi; mo-hinh-nghien-cuu; gia-thiet-hay-gia-thuyet; ly-thuyet-la-gi	xulysolieu.info:/ham-hoi-quy-tong-the-khai-niem-va-vi-du/	measured
103	xu-ly-du-lieu	xử lý dữ liệu	260		spss	term-la-gi	harvest-phan-tich-du-lieu	amos; phan-mem-stata; spss; ma-tran-xoay; cronbach-alpha	xulysolieu.info:/huong-dan-xu-ly-so-lieu-chi-tiet-va-day-du-cho-nguoi-moi-bat-dau/	measured
104	regression	regression	2900	regression là gì	thong-ke	term-la-gi	harvest-thong-ke	outliers; moderating; moderator; scale-la-gi; mediator	phantichspss.com:/phan-tich-hoi-quy-regression-analysis-la-gi.html; xulysolieu.info:/regression-la-gi-huong-dan-toan-dien/; phamlocblog.com:/2019/09/khac-biet-tuong-quan-va-hoi-quy.html	measured
105	bang-cau-hoi-khao-sat-khach-hang	bảng câu hỏi khảo sát khách hàng	390		khao-sat	survey	collection	phieu-khao-sat-online; form-khao-sat; gg-form-khao-sat; tao-form-khao-sat; google-form-khao-sat	phantichspss.com:/tong-hop-gan-200-mau-bang-cau-hoi-khao-sat-du-moi-chu-de-cho-luan-van-tien-si-thac-si-va-dai-hoc.html	measured
106	nhung-bai-nghien-cuu-khoa-hoc-cua-sinh-vien	những bài nghiên cứu khoa học của sinh viên	480		nghien-cuu-khoa-hoc	term-la-gi	harvest-nghien-cuu-khoa-hoc	nghien-cuu-khoa-hoc; nckh-la-gi; dinh-tinh-la-gi; linh-vuc-nghien-cuu; doi-tuong-nghien-cuu	rces.info:/du-an-rces-spreadout/gioi-thieu-nhung-bai-nghien-cuu-khoa-hoc-sinh-vien/	measured
107	muc-luc-tieu-luan	mục lục tiểu luận	1000		khoa-luan-tot-nghiep	thesis-writing	front-back	cach-ghi-tai-lieu-tham-khao; cach-trich-dan-tai-lieu-tham-khao; abstract; phu-luc-la-gi; loi-cam-doan-khoa-luan	mosl.vn:/cach-tao-muc-luc-tu-dong/	measured
108	mo-hinh-chap-nhan-cong-nghe-tam	mô hình chấp nhận công nghệ tam	320		mo-hinh-nghien-cuu	model-theory	technology	mo-hinh-tam; chap-nhan-cong-nghe-tam-la-gi; is-success-delone-mclean-la-gi; khuech-tan-doi-moi-la-gi; ky-vong-xac-nhan-ecm-la-gi		measured
109	cach-chay-thong-ke-mo-ta-trong-spss	cách chạy thống kê mô tả trong spss	40	thống kê mô tả trong spss	spss	spss-howto	descriptive	do-lech-chuan; phuong-sai; outlier; cong-thuc-tinh-phuong-sai; trung-vi		measured
110	variance	variance	2900	variance là gì	thong-ke	term-la-gi	harvest-thong-ke	outliers; moderating; moderator; scale-la-gi; mediator	xulysolieu.info:/variance-la-gi-cong-thuc-tinh-va-vai-tro-cua-no/; mosl.vn:/phuong-sai-la-gi/; phamlocblog.com:/2020/08/do-lech-chuan-bao-nhieu-chap-nhan-duoc.html; phantichspss.com:/do-lech-chuan-va-phuong-sai-cong-thuc-va-y-nghia.html	measured
111	bang-khao-sat	bảng khảo sát	390		khao-sat	survey	harvest-khao-sat	bieu-mau-khao-sat; bang-hoi-la-gi; khao-sat-google; likert-scale-la-gi; khao-sat-la-gi	phantichspss.com:/tong-hop-gan-200-mau-bang-cau-hoi-khao-sat-du-moi-chu-de-cho-luan-van-tien-si-thac-si-va-dai-hoc.html; xulysolieu.info:/cach-tao-bang-khao-sat-bang-google-forms-nhanh/; mosl.vn:/cach-tao-bang-khao-sat-bang-google-form-cuc-don-gian/; rces.info:/sinh-vien-kinh-te-nckh/cac-noi-dung-co-ban-trong-mot-bang-hoi-khao-sat/	measured
112	phuong-phap-luan-nghien-cuu-khoa-hoc	phương pháp luận nghiên cứu khoa học	480		nghien-cuu-khoa-hoc	term-la-gi	harvest-nghien-cuu-khoa-hoc	nghien-cuu-khoa-hoc; nckh-la-gi; dinh-tinh-la-gi; linh-vuc-nghien-cuu; doi-tuong-nghien-cuu	xulysolieu.info:/phuong-phap-luan-nghien-cuu-khoa-hoc/; mosl.vn:/5-buoc-lam-tieu-luan-phuong-phap-nghien-cuu-khoa-hoc/; rces.info:/sinh-vien-kinh-te-nckh/phuong-phap-nghien-cuu-khoa-hoc-va-phuong-phap-luan-nghien-cuu-khoa-hoc/	measured
113	cach-xac-dinh-de-tai	cách xác định đề tài	880		khoa-luan-tot-nghiep	topic-list	harvest-khoa-luan-tot-nghiep	check-turnitin; khoa-luan-tot-nghiep; de-tai-nckh; luan-van; dao-van	xulysolieu.info:/lam-the-nao-de-xac-dinh-de-tai-nghien-cuu-phu-hop/	measured
114	mo-hinh-hoi-quy	mô hình hồi quy	320		mo-hinh-nghien-cuu	model-theory	harvest-mo-hinh-nghien-cuu	porter-s-five-forces; gia-thuyet-la-gi; mo-hinh-nghien-cuu; gia-thiet-hay-gia-thuyet; ly-thuyet-la-gi	phamlocblog.com:/2016/11/cach-chay-hoi-quy-trong-spss.html; phantichspss.com:/phan-tich-hoi-quy-regression-analysis-la-gi.html; xulydinhluong.com:/do-phu-hop-mo-hinh-phan-du-hoi-quy/; xulysolieu.info:/mo-hinh-hoi-quy-trong-phan-tich-du-doan-nghien-cuu/	measured
115	anova	anova	2400	anova là gì; anova là gì; anova bao nhiêu là tốt	thong-ke	term-la-gi	test-term	t-test; kiem-dinh-t-test; bang-anova; one-factor-anova; kiem-dinh-chi-binh-phuong-la-gi	phamlocblog.com:/2016/03/phan-tich-anova-trong-spss.html; trithuccongdong.net:/tai-lieu-spss/kiem-dinh-anova-trong-spss.html; phantichspss.com:/su-khac-nhau-giua-t-test-va-anova.html; xulydinhluong.com:/kiem-dinh-one-way-anova-tren-spss-26/; xulysolieu.info:/anova-la-gi-huong-dan-phan-tich-phuong-sai/; mosl.vn:/anova-mot-chieu-hai-chieu-spss/	measured
116	co-mau-cua-mau-so-lieu-la-gi	cỡ mẫu của mẫu số liệu là gì	390		khao-sat	term-la-gi	sampling	co-mau-la-gi; tinh-co-mau; phuong-phap-chon-mau; chon-mau-ngau-nhien; co-mau-trong-spss	phamlocblog.com:/2018/04/xac-dinh-kich-thuoc-mau-trong-nghien-cuu.html; phantichspss.com:/cong-thuc-xac-dinh-co-mau-bao-nhieu-la-phu-hop-cho-nghien-cuu.html; xulydinhluong.com:/kich-thuoc-mau-trong-nghien-cuu/; xulysolieu.info:/cong-thuc-tinh-co-mau-n/	measured
117	nghien-cuu-dinh-luong	nghiên cứu định lượng	320	nghiên cứu định lượng là gì	nghien-cuu-khoa-hoc	term-la-gi	harvest-nghien-cuu-khoa-hoc	nghien-cuu-khoa-hoc; nckh-la-gi; dinh-tinh-la-gi; linh-vuc-nghien-cuu; doi-tuong-nghien-cuu	xulysolieu.info:/phuong-phap-dinh-luong-la-gi-cach-ap-dung/; rces.info:/sinh-vien-kinh-te-nckh/phan-biet-ppnc-dinh-luong-va-ppnc-dinh-tinh/; xulysolieu.info:/dinh-tinh-va-dinh-luong-so-sanh-su-khac-biet/	measured
118	loi-cam-doan-khoa-luan	lời cam đoan khóa luận	880		khoa-luan-tot-nghiep	thesis-writing	front-back	cach-ghi-tai-lieu-tham-khao; cach-trich-dan-tai-lieu-tham-khao; abstract; phu-luc-la-gi; muc-luc-tieu-luan	mosl.vn:/loi-cam-on-trong-luan-van/	measured
119	mo-hinh-servperf	mô hình servperf	320		mo-hinh-nghien-cuu	model-theory	service	mo-hinh-servqual; servqual; mo-hinh-5-khoang-cach-chat-luong-dich-vu; 5-khoang-cach-chat-luong-dich-vu-la-gi; acsi-la-gi	phantichspss.com:/so-sanh-mo-hinh-chat-luong-dich-vu-servqual-va-servperf.html	measured
120	cong-thuc-do-lech-chuan	công thức độ lệch chuẩn	2400	công thức tính độ lệch chuẩn; độ lệch chuẩn công thức	thong-ke	term-la-gi	descriptive	do-lech-chuan; phuong-sai; outlier; cong-thuc-tinh-phuong-sai; trung-vi	phantichspss.com:/do-lech-chuan-va-phuong-sai-cong-thuc-va-y-nghia.html; xulysolieu.info:/cong-thuc-tinh-do-lech-chuan/; trithuccongdong.net:/hoi-dap/cong-thuc-tinh-do-lech-chuan.html; phamlocblog.com:/2020/08/do-lech-chuan-bao-nhieu-chap-nhan-duoc.html	measured
121	khao-sat-muc-do-hai-long-cua-khach-hang	khảo sát mức độ hài lòng của khách hàng	390		khao-sat	survey	harvest-khao-sat	bieu-mau-khao-sat; bang-hoi-la-gi; khao-sat-google; likert-scale-la-gi; khao-sat-la-gi	xulysolieu.info:/phieu-khao-sat-muc-do-hai-long-cua-khach-hang/	measured
122	phuong-phap-dinh-tinh	phương pháp định tính	320	phương pháp định tính là gì	nghien-cuu-khoa-hoc	term-la-gi	harvest-nghien-cuu-khoa-hoc	nghien-cuu-khoa-hoc; nckh-la-gi; dinh-tinh-la-gi; linh-vuc-nghien-cuu; doi-tuong-nghien-cuu	xulysolieu.info:/dinh-tinh-la-gi/; rces.info:/sinh-vien-kinh-te-nckh/phan-biet-ppnc-dinh-luong-va-ppnc-dinh-tinh/	measured
123	loi-mo-dau	lời mở đầu	880		khoa-luan-tot-nghiep	thesis-writing	ch1	ly-do-chon-de-tai; loi-mo-dau-tieu-luan; muc-tieu-nghien-cuu; cau-hoi-nghien-cuu	mosl.vn:/phuong-phap-viet-loi-mo-dau-cho-bai-luan-chat-luong/	measured
124	mo-hinh-tra	mô hình tra	260		mo-hinh-nghien-cuu	model-theory	behavior	mo-hinh-tpb; gia-tri-tieu-dung-la-gi; hanh-vi-du-dinh-la-gi; ly-thuyet-tpb; mo-hinh-tu-quyet		measured
125	phuong-sai-va-do-lech-chuan	phương sai và độ lệch chuẩn	2400	phương sai độ lệch chuẩn; độ lệch chuẩn và phương sai; phương sai và độ lệch chuẩn là gì	thong-ke	term-la-gi	descriptive	do-lech-chuan; phuong-sai; outlier; cong-thuc-tinh-phuong-sai; trung-vi	phantichspss.com:/do-lech-chuan-va-phuong-sai-cong-thuc-va-y-nghia.html; xulysolieu.info:/hieu-ro-ve-do-lech-chuan-va-phuong-sai/; xulysolieu.info:/cach-tinh-phuong-sai-va-do-lech-chuan/; phamlocblog.com:/2020/08/do-lech-chuan-bao-nhieu-chap-nhan-duoc.html	measured
126	thiet-ke-bang-hoi	thiết kế bảng hỏi	390	thiết kế bảng hỏi là gì	khao-sat	survey	instrument	thang-do-likert-5-muc-do; phieu-khao-sat; mau-phieu-khao-sat; thang-do-likert-7-muc-do; bang-cau-hoi-khao-sat	phantichspss.com:/tong-hop-gan-200-mau-bang-cau-hoi-khao-sat-du-moi-chu-de-cho-luan-van-tien-si-thac-si-va-dai-hoc.html; xulysolieu.info:/bang-cau-hoi-dinh-tinh-cach-thiet-ke/; rces.info:/sinh-vien-kinh-te-nckh/quy-trinh-thiet-ke-bang-hoi-nghien-cuu/	measured
127	chu-de-nghien-cuu-khoa-hoc	chủ đề nghiên cứu khoa học	260		nghien-cuu-khoa-hoc	term-la-gi	harvest-nghien-cuu-khoa-hoc	nghien-cuu-khoa-hoc; nckh-la-gi; dinh-tinh-la-gi; linh-vuc-nghien-cuu; doi-tuong-nghien-cuu	rces.info:/sinh-vien-kinh-te-nckh/nhung-nguon-y-tuong-cho-de-tai-nghien-cuu/	measured
128	trich-dan	trích dẫn	880	cách trích dẫn; trích dẫn là gì	khoa-luan-tot-nghiep	thesis-writing	harvest-khoa-luan-tot-nghiep	check-turnitin; khoa-luan-tot-nghiep; de-tai-nckh; luan-van; dao-van	rces.info:/sinh-vien-kinh-te-nckh/trich-dan-nao-la-dung-cach/	measured
129	bien-trung-gian-la-gi	biến trung gian là gì	210	biến trung gian bao nhiêu là tốt	mo-hinh-nghien-cuu	term-la-gi	mediation	bien-kiem-soat-la-gi; bootstrap-trung-gian-trong-spss; bien-doc-lap-la-gi; phan-tich-sobel-test-spss; process-macro-la-gi		measured
130	pls	pls	2400	pls là gì	thong-ke	term-la-gi	harvest-thong-ke	outliers; moderating; moderator; scale-la-gi; mediator	xulysolieu.info:/pls-la-gi-giai-ma-suc-manh-du-doan-du-lieu/; phamlocblog.com:/2021/03/mo-hinh-cau-truc-do-luong-pls.html; phantichspss.com:/so-sanh-pls-sem-va-cb-sem-khi-nao-nen-dung-smartpls-hay-amos.html; xulydinhluong.com:/mo-hinh-nguyen-nhan-ket-qua-pls-sem/; rces.info:/sinh-vien-kinh-te-nckh/gioi-thieu-phan-mem-smartpls/	measured
131	mau-phieu-khao-sat	mẫu phiếu khảo sát	320	mẫu phiếu khảo sát là gì	khao-sat	survey	instrument	thang-do-likert-5-muc-do; phieu-khao-sat; thiet-ke-bang-hoi; thang-do-likert-7-muc-do; bang-cau-hoi-khao-sat	phantichspss.com:/tong-hop-gan-200-mau-bang-cau-hoi-khao-sat-du-moi-chu-de-cho-luan-van-tien-si-thac-si-va-dai-hoc.html; xulysolieu.info:/huong-dan-cach-lam-phieu-khao-sat-nghien-cuu/	measured
132	nghien-cuu-khoa-hoc-sinh-vien	nghiên cứu khoa học sinh viên	260		nghien-cuu-khoa-hoc	term-la-gi	harvest-nghien-cuu-khoa-hoc	nghien-cuu-khoa-hoc; nckh-la-gi; dinh-tinh-la-gi; linh-vuc-nghien-cuu; doi-tuong-nghien-cuu	rces.info:/du-an-rces-spreadout/gioi-thieu-nhung-bai-nghien-cuu-khoa-hoc-sinh-vien/	measured
133	loi-mo-dau-tieu-luan	lời mở đầu tiểu luận	720		khoa-luan-tot-nghiep	thesis-writing	ch1	ly-do-chon-de-tai; loi-mo-dau; muc-tieu-nghien-cuu; cau-hoi-nghien-cuu	mosl.vn:/phuong-phap-viet-loi-mo-dau-cho-bai-luan-chat-luong/	measured
134	mo-hinh-maslow	mô hình maslow	210		mo-hinh-nghien-cuu	model-theory	hrm	thap-nhu-cau-maslow; mo-hinh-swot; porter-s-five-forces; mo-hinh-aida; mo-hinh-servqual		measured
135	cach-tinh-do-lech-chuan	cách tính độ lệch chuẩn	1900	tính độ lệch chuẩn	thong-ke	term-la-gi	descriptive	do-lech-chuan; phuong-sai; outlier; cong-thuc-tinh-phuong-sai; trung-vi	phamlocblog.com:/2020/08/do-lech-chuan-bao-nhieu-chap-nhan-duoc.html; xulysolieu.info:/cong-thuc-tinh-do-lech-chuan/; phantichspss.com:/do-lech-chuan-va-phuong-sai-cong-thuc-va-y-nghia.html	measured
136	thang-do-likert-7-muc-do	thang đo likert 7 mức độ	320	thang đo likert 7 mức là gì	khao-sat	survey	instrument	thang-do-likert-5-muc-do; phieu-khao-sat; thiet-ke-bang-hoi; mau-phieu-khao-sat; bang-cau-hoi-khao-sat	phantichspss.com:/y-nghia-gia-tri-trung-binh-trong-thang-do-khoang.html; xulysolieu.info:/thang-do-likert-la-gi/	measured
137	pham-vi-nghien-cuu	phạm vi nghiên cứu	260		nghien-cuu-khoa-hoc	term-la-gi	harvest-nghien-cuu-khoa-hoc	nghien-cuu-khoa-hoc; nckh-la-gi; dinh-tinh-la-gi; linh-vuc-nghien-cuu; doi-tuong-nghien-cuu	rces.info:/sinh-vien-kinh-te-nckh/nen-trinh-bay-phan-ket-luan-va-khuyen-nghi-cua-nghien-cuu-nhu-the-nao/	measured
138	danh-muc-bang-bieu-la-gi	danh mục bảng biểu là gì	590		khoa-luan-tot-nghiep	thesis-writing	front-back	cach-ghi-tai-lieu-tham-khao; cach-trich-dan-tai-lieu-tham-khao; abstract; phu-luc-la-gi; muc-luc-tieu-luan	mosl.vn:/tao-muc-luc-bang-bieu-do-hinh-anh/	measured
139	mo-hinh-5-khoang-cach-chat-luong-dich-vu	mô hình 5 khoảng cách chất lượng dịch vụ	40		mo-hinh-nghien-cuu	model-theory	service	mo-hinh-servqual; servqual; mo-hinh-servperf; 5-khoang-cach-chat-luong-dich-vu-la-gi; acsi-la-gi		measured
140	communality	communality	1900		thong-ke	term-la-gi	efa	cfa; ma-tran-xoay; principal-component-analysis; efa; eigenvalue	phantichspss.com:/gia-tri-communalities-trong-phan-tich-nhan-efa.html	measured
141	tao-gg-form-khao-sat	tạo gg form khảo sát	260		khao-sat	survey	collection	phieu-khao-sat-online; form-khao-sat; gg-form-khao-sat; tao-form-khao-sat; google-form-khao-sat	xulysolieu.info:/khao-sat-tren-google-cach-tao-form-nhanh/	measured
142	phuong-phap-dinh-luong	phương pháp định lượng	260		nghien-cuu-khoa-hoc	term-la-gi	harvest-nghien-cuu-khoa-hoc	nghien-cuu-khoa-hoc; nckh-la-gi; dinh-tinh-la-gi; linh-vuc-nghien-cuu; doi-tuong-nghien-cuu	xulysolieu.info:/phuong-phap-dinh-luong-la-gi-cach-ap-dung/; rces.info:/sinh-vien-kinh-te-nckh/phan-biet-ppnc-dinh-luong-va-ppnc-dinh-tinh/	measured
143	luan-an-tien-si	luận án tiến sĩ	590		khoa-luan-tot-nghiep	thesis-writing	harvest-luan-van-thac-si	thac-si; cach-ghi-tai-lieu-tham-khao; cach-trich-dan-tai-lieu-tham-khao; abstract; check-turnitin	xulysolieu.info:/dich-vu-ho-tro-luan-an-tien-si-a-z/	measured
144	mo-hinh-chuoi-gia-tri-porter	mô hình chuỗi giá trị porter	10		mo-hinh-nghien-cuu	model-theory	strategy	mo-hinh-swot; 5-ap-luc-canh-tranh-porter-la-gi; balanced-scorecard-la-gi; bcg-la-gi; cac-ben-lien-quan-la-gi		measured
145	pca	pca	1900	pca là gì	thong-ke	term-la-gi	harvest-thong-ke	outliers; moderating; moderator; scale-la-gi; mediator	phamlocblog.com:/2020/06/phep-trich-principal-component-principal-axis-factoring.html; xulysolieu.info:/huong-dan-phan-tich-thanh-phan-chinh-pca-phan-1/; xulysolieu.info:/pca-la-gi-kien-thuc-can-co-ve-pca/	measured
146	tinh-co-mau	tính cỡ mẫu	260		khao-sat	term-la-gi	sampling	co-mau-la-gi; co-mau-cua-mau-so-lieu-la-gi; phuong-phap-chon-mau; chon-mau-ngau-nhien; co-mau-trong-spss	phamlocblog.com:/2018/04/xac-dinh-kich-thuoc-mau-trong-nghien-cuu.html; xulydinhluong.com:/kich-thuoc-mau-trong-nghien-cuu/; xulysolieu.info:/cong-thuc-tinh-co-mau-mo-ta-cat-ngang/	measured
147	de-cuong-la-gi	đề cương là gì	480		khoa-luan-tot-nghiep	thesis-writing	planning	de-cuong-nghien-cuu-khoa-hoc; cach-ghi-tai-lieu-tham-khao; cach-trich-dan-tai-lieu-tham-khao; abstract; thac-si	mosl.vn:/huong-dan-viet-de-cuong-nghien-cuu/; rces.info:/sinh-vien-kinh-te-nckh/tai-sao-phai-xay-dung-de-cuong-nghien-cuu/	measured
148	thang-do-chat-luong-dich-vu	thang đo chất lượng dịch vụ	10		mo-hinh-nghien-cuu	scale	quality	thap-nhu-cau-maslow; mo-hinh-swot; porter-s-five-forces; mo-hinh-aida; mo-hinh-servqual		measured
149	principal-component-analysis	principal component analysis	1900		thong-ke	term-la-gi	efa	cfa; ma-tran-xoay; communality; efa; eigenvalue	xulysolieu.info:/pca-la-gi-kien-thuc-can-co-ve-pca/	measured
150	likert-5	likert 5	210		khao-sat	survey	harvest-khao-sat	bieu-mau-khao-sat; bang-hoi-la-gi; khao-sat-google; likert-scale-la-gi; khao-sat-la-gi	phamlocblog.com:/2026/01/cach-chay-thang-do-likert-spss.html; xulysolieu.info:/thang-do-likert-5-muc-do-phan-tich-chi-tiet/	measured
151	muc-tieu-nghien-cuu	mục tiêu nghiên cứu	480		khoa-luan-tot-nghiep	thesis-writing	ch1	ly-do-chon-de-tai; loi-mo-dau; loi-mo-dau-tieu-luan; cau-hoi-nghien-cuu	mosl.vn:/5-nguyen-tac-viet-muc-dich-nghien-cuu/; rces.info:/sinh-vien-kinh-te-nckh/dau-la-nhung-noi-dung-can-chu-y-khi-doc-tai-lieu-nghien-cuu/	measured
152	thang-do-thai-do	thang đo thái độ	10		mo-hinh-nghien-cuu	scale	tam-construct	thap-nhu-cau-maslow; mo-hinh-swot; porter-s-five-forces; mo-hinh-aida; mo-hinh-servqual		measured
153	tinh-trung-vi	tính trung vị	1900	cách tính số trung vị; tính số trung vị	thong-ke	term-la-gi	descriptive	do-lech-chuan; phuong-sai; outlier; cong-thuc-tinh-phuong-sai; trung-vi	phantichspss.com:/gia-tri-trung-binh-trung-vi-tu-phan-vi-dinh-nghia-va-phan-biet.html; xulysolieu.info:/tinh-trung-vi-trong-thong-ke-cach-tinh-va-y-nghia/	measured
154	phuong-phap-chon-mau	phương pháp chọn mẫu	210	phương pháp chọn mẫu là gì	khao-sat	survey	sampling	co-mau-la-gi; co-mau-cua-mau-so-lieu-la-gi; tinh-co-mau; chon-mau-ngau-nhien; co-mau-trong-spss	phamlocblog.com:/2018/06/ky-thuat-chon-mau-trong-nghien-cuu-marketing.html	measured
155	cach-ghi-nguon-trich-dan-hinh-anh	cách ghi nguồn trích dẫn hình ảnh	390		khoa-luan-tot-nghiep	thesis-writing	harvest-khoa-luan-tot-nghiep	check-turnitin; khoa-luan-tot-nghiep; de-tai-nckh; luan-van; dao-van	rces.info:/sinh-vien-kinh-te-nckh/trich-dan-nao-la-dung-cach/	measured
156	reliability-la-gi	reliability là gì	1600		thong-ke	term-la-gi	harvest-thong-ke	outliers; moderating; moderator; scale-la-gi; mediator	phamlocblog.com:/2021/12/do-tin-cay-tong-hop-composite-reliability-cr.html; phantichspss.com:/cach-tinh-do-tin-cay-tong-hop-composite-reliability-trong-amos.html; xulydinhluong.com:/danh-gia-do-tin-cay-tong-hop-qua-chi-so-composite-reliability/; xulysolieu.info:/hieu-ro-ve-cronbachs-alpha-va-reliability-la-gi/	measured
157	bang-cau-hoi-khao-sat	bảng câu hỏi khảo sát	170		khao-sat	survey	instrument	thang-do-likert-5-muc-do; phieu-khao-sat; thiet-ke-bang-hoi; mau-phieu-khao-sat; thang-do-likert-7-muc-do		measured
158	cau-hoi-nghien-cuu	câu hỏi nghiên cứu	390	câu hỏi nghiên cứu là gì	khoa-luan-tot-nghiep	thesis-writing	ch1	ly-do-chon-de-tai; loi-mo-dau; loi-mo-dau-tieu-luan; muc-tieu-nghien-cuu	mosl.vn:/cach-dat-cau-hoi-nghien-cuu-khoa-hoc-va-vi-du/; rces.info:/sinh-vien-kinh-te-nckh/nhung-cau-hoi-cua-sinh-vien-moi-bat-dau-den-voi-hoat-dong-nckh-phan-1/	measured
159	sd-la-gi	sd là gì	1600		thong-ke	term-la-gi	harvest-thong-ke	outliers; moderating; moderator; scale-la-gi; mediator	phamlocblog.com:/2020/08/do-lech-chuan-bao-nhieu-chap-nhan-duoc.html	measured
160	thang-do-dinh-danh-la-gi	thang đo định danh là gì	50		khao-sat	term-la-gi	measurement	thang-do-likert; phieu-khao-sat-online; bieu-mau-khao-sat; form-khao-sat; bang-hoi-la-gi		measured
161	co-so-ly-thuyet	cơ sở lý thuyết	390	cơ sở lý thuyết là gì	khoa-luan-tot-nghiep	thesis-writing	ch2	gia-thuyet-nghien-cuu-la-gi; khoang-trong-nghien-cuu-la-gi; cach-ghi-tai-lieu-tham-khao; cach-trich-dan-tai-lieu-tham-khao; abstract	xulysolieu.info:/co-so-ly-luan-la-gi-vi-du-minh-hoa/; mosl.vn:/3-buoc-lam-co-so-ly-thuyet-trong-luan-van-cuc-don-gian/; xulysolieu.info:/khung-ly-thuyet-nghien-cuu-la-gi/	measured
162	boxplot	boxplot	1300	boxplot là gì; boxplot bao nhiêu là tốt	thong-ke	term-la-gi	descriptive	do-lech-chuan; phuong-sai; outlier; cong-thuc-tinh-phuong-sai; trung-vi	phantichspss.com:/cach-doc-bieu-do-hop-boxplot.html	measured
163	giao-trinh-phuong-phap-nghien-cuu-khoa-hoc-pdf	giáo trình phương pháp nghiên cứu khoa học pdf	390		khoa-luan-tot-nghiep	thesis-writing	ch3	phuong-phap-nghien-cuu-khoa-hoc; phuong-phap-nghien-cuu; phuong-phap-nghien-cuu-dinh-tinh; quy-trinh-nghien-cuu-khoa-hoc; phuong-phap-nghien-cuu-dinh-luong	rces.info:/sinh-vien-kinh-te-nckh/ebook-phuong-phap-luan-nghien-cuu-khoa-hoc/	measured
164	paired-la-gi	paired là gì	1300		thong-ke	term-la-gi	harvest-thong-ke	outliers; moderating; moderator; scale-la-gi; mediator	phantichspss.com:/thuc-hanh-cach-phan-tich-paired-samples-t-test.html; xulydinhluong.com:/kiem-dinh-paired-samples-t-test-tren-spss-26/; xulysolieu.info:/paired-la-gi-trong-thong-ke-giai-thich-va-ung-dung-thuc-te/	measured
165	loi-noi-dau	lời nói đầu	390		khoa-luan-tot-nghiep	thesis-writing	harvest-khoa-luan-tot-nghiep	check-turnitin; khoa-luan-tot-nghiep; de-tai-nckh; luan-van; dao-van	mosl.vn:/phuong-phap-viet-loi-mo-dau-cho-bai-luan-chat-luong/	measured
166	robustness-la-gi	robustness là gì	1300		thong-ke	term-la-gi	harvest-thong-ke	outliers; moderating; moderator; scale-la-gi; mediator	mosl.vn:/mo-hinh-sai-so-chuan-manh-robust-standard-errorsr/	measured
167	trich-dan-ieee	trích dẫn ieee	390	trích dẫn sách	khoa-luan-tot-nghiep	thesis-writing	harvest-khoa-luan-tot-nghiep	check-turnitin; khoa-luan-tot-nghiep; de-tai-nckh; luan-van; dao-van	rces.info:/sinh-vien-kinh-te-nckh/trich-dan-nao-la-dung-cach/	measured
168	trung-binh-nhan	trung bình nhân	1300	trung bình nhân là gì	thong-ke	term-la-gi	harvest-thong-ke	outliers; moderating; moderator; scale-la-gi; mediator	phantichspss.com:/su-khac-nhau-giua-trung-binh-va-trung-vi.html; xulysolieu.info:/cach-tinh-trung-binh-mau-cong-thuc-vi-du/; xulysolieu.info:/gia-tri-trung-binh-la-gi/	measured
169	cac-de-tai-nghien-cuu-khoa-hoc-cho-sinh-vien	các đề tài nghiên cứu khoa học cho sinh viên	320		khoa-luan-tot-nghiep	topic-list	harvest-khoa-luan-tot-nghiep	check-turnitin; khoa-luan-tot-nghiep; de-tai-nckh; luan-van; dao-van	rces.info:/sinh-vien-kinh-te-nckh/nhung-nguon-y-tuong-cho-de-tai-nghien-cuu/	measured
170	average-variance-extracted	average variance extracted	1000		thong-ke	term-la-gi	harvest-thong-ke	outliers; moderating; moderator; scale-la-gi; mediator	phamlocblog.com:/2021/12/danh-gia-tinh-hoi-tu-bang-ave.html; phantichspss.com:/ban-luan-ve-ban-chat-cua-phuong-sai-trich-vevariance-extracted-va-phuong-sai-trich-trung-binh-ave-average-variance-extracted.html	measured
171	cach-trinh-bay-tai-lieu-tham-khao	cách trình bày tài liệu tham khảo	320		khoa-luan-tot-nghiep	thesis-writing	front-back	cach-ghi-tai-lieu-tham-khao; cach-trich-dan-tai-lieu-tham-khao; abstract; phu-luc-la-gi; muc-luc-tieu-luan	rces.info:/sinh-vien-kinh-te-nckh/trich-dan-nao-la-dung-cach/	measured
172	chi-square	chi square	1000	chi-square	thong-ke	term-la-gi	harvest-thong-ke	outliers; moderating; moderator; scale-la-gi; mediator	phamlocblog.com:/2020/08/kiem-dinh-chi-binh-phuong-spss.html; phantichspss.com:/kiem-dinh-chi-binh-phuong-chi-square-test-cach-thuc-hien-cach-doc-ket-qua-cach-thao-tac-tinh-toan-bang-tay-thay-vi-dung-spss.html; xulysolieu.info:/kiem-dinh-chi-binh-phuong-la-gi-cach-chay/; xulysolieu.info:/kiem-dinh-chi-binh-phuong-chi-square-trong-spss/	measured
173	phuong-phap-nghien-cuu-dinh-tinh	phương pháp nghiên cứu định tính	320		khoa-luan-tot-nghiep	thesis-writing	ch3	phuong-phap-nghien-cuu-khoa-hoc; phuong-phap-nghien-cuu; giao-trinh-phuong-phap-nghien-cuu-khoa-hoc-pdf; quy-trinh-nghien-cuu-khoa-hoc; phuong-phap-nghien-cuu-dinh-luong	xulysolieu.info:/dinh-tinh-la-gi/; rces.info:/sinh-vien-kinh-te-nckh/phan-biet-ppnc-dinh-luong-va-ppnc-dinh-tinh/	measured
174	correlation-la-gi	correlation là gì	1000		thong-ke	term-la-gi	harvest-thong-ke	outliers; moderating; moderator; scale-la-gi; mediator	phamlocblog.com:/2019/09/khac-biet-tuong-quan-va-hoi-quy.html; xulysolieu.info:/correlation-coefficient-la-gi-dinh-nghia-ung-dung/	measured
175	sua-dao-van	sửa đạo văn	320		khoa-luan-tot-nghiep	thesis-writing	harvest-khoa-luan-tot-nghiep	check-turnitin; khoa-luan-tot-nghiep; de-tai-nckh; luan-van; dao-van	xulysolieu.info:/combo-chinh-sua-luan-van-format-ha-dao-van/	measured
176	ki-hieu-phuong-sai	kí hiệu phương sai	1000		thong-ke	term-la-gi	descriptive	do-lech-chuan; phuong-sai; outlier; cong-thuc-tinh-phuong-sai; trung-vi	xulysolieu.info:/cach-tinh-phuong-sai-va-do-lech-chuan/	measured
177	cach-trich-nguon-tai-lieu-tham-khao	cách trích nguồn tài liệu tham khảo	260		khoa-luan-tot-nghiep	thesis-writing	front-back	cach-ghi-tai-lieu-tham-khao; cach-trich-dan-tai-lieu-tham-khao; abstract; phu-luc-la-gi; muc-luc-tieu-luan	rces.info:/sinh-vien-kinh-te-nckh/trich-dan-nao-la-dung-cach/	measured
178	p-value	p-value	1000	p value; p value là gì; p-value là gì; p value là gì; p value bao nhiêu là tốt	thong-ke	term-la-gi	harvest-thong-ke	outliers; moderating; moderator; scale-la-gi; mediator	phamlocblog.com:/2025/11/he-so-sig-la-gi-he-so-p-value-la-gi.html; xulysolieu.info:/p-value-la-gi-y-nghia-phuong-phap/; xulysolieu.info:/p-value-la-gi-cach-tinh-p-cach-doc-ket-qua/; phantichspss.com:/sig-la-gi-p-value-la-gi.html; xulydinhluong.com:/he-so-sig-la-gi-he-so-p-value-la-gi-trong-thong-ke/	measured
179	dat-van-de	đặt vấn đề	260		khoa-luan-tot-nghiep	thesis-writing	harvest-khoa-luan-tot-nghiep	check-turnitin; khoa-luan-tot-nghiep; de-tai-nckh; luan-van; dao-van	xulysolieu.info:/van-de-nghien-cuu-la-gi-cach-xac-dinh/	measured
180	phan-mem-spss	phần mềm spss	1000	phần mềm spss là gì	thong-ke	term-la-gi	harvest-thong-ke	outliers; moderating; moderator; scale-la-gi; mediator	phamlocblog.com:/2026/01/cach-tai-spss-27-mien-phi-va-cai-dat.html; phantichspss.com:/huong-dan-su-dung-spss-co-ban-cho-nguoi-moi-bat-dau.html; xulysolieu.info:/tai-spss-mien-phi/; mosl.vn:/spss-la-gi/; rces.info:/sinh-vien-kinh-te-nckh/gioi-thieu-phan-mem-spss/; phamlocblog.com:/2025/01/cach-su-dung-spss-trong-nghien-cuu-khoa-hoc.html; xulydinhluong.com:/bang-gia-chay-spss/	measured
181	khoang-trong-nghien-cuu-la-gi	khoảng trống nghiên cứu là gì	260		khoa-luan-tot-nghiep	thesis-writing	ch2	gia-thuyet-nghien-cuu-la-gi; co-so-ly-thuyet; cach-ghi-tai-lieu-tham-khao; cach-trich-dan-tai-lieu-tham-khao; abstract	rces.info:/sinh-vien-kinh-te-nckh/nen-trinh-bay-phan-ket-luan-va-khuyen-nghi-cua-nghien-cuu-nhu-the-nao/	measured
182	t-test	t test	1000	t-test; t test là gì; t-test là gì; t test là gì; t test bao nhiêu là tốt	thong-ke	term-la-gi	test-term	anova; kiem-dinh-t-test; bang-anova; one-factor-anova; kiem-dinh-chi-binh-phuong-la-gi	phamlocblog.com:/2017/07/kiem-dinh-independent-sample-t-test-SPSS.html; phantichspss.com:/ba-loai-t-test-trong-thong-ke-khi-nao-can-su-dung-loai-nao.html; xulydinhluong.com:/kiem-dinh-independent-samples-t-test-tren-spss-26/; xulysolieu.info:/kiem-dinh-independent-sample-t-test-trong-spss/; xulydinhluong.com:/kiem-dinh-paired-samples-t-test-tren-spss-26/	measured
183	mendeley-la-gi	mendeley là gì	260		khoa-luan-tot-nghiep	thesis-writing	harvest-khoa-luan-tot-nghiep	check-turnitin; khoa-luan-tot-nghiep; de-tai-nckh; luan-van; dao-van	rces.info:/sinh-vien-kinh-te-nckh/trich-dan-tu-dong-voi-phan-mem-mendeley/	measured
184	deviation-la-gi	deviation là gì	880		thong-ke	term-la-gi	harvest-thong-ke	outliers; moderating; moderator; scale-la-gi; mediator	phamlocblog.com:/2020/08/do-lech-chuan-bao-nhieu-chap-nhan-duoc.html; xulysolieu.info:/deviation-la-gi-cong-thuc-va-vai-tro/	measured
185	quy-trinh-nghien-cuu-khoa-hoc	quy trình nghiên cứu khoa học	260		khoa-luan-tot-nghiep	thesis-writing	ch3	phuong-phap-nghien-cuu-khoa-hoc; phuong-phap-nghien-cuu; giao-trinh-phuong-phap-nghien-cuu-khoa-hoc-pdf; phuong-phap-nghien-cuu-dinh-tinh; phuong-phap-nghien-cuu-dinh-luong	xulysolieu.info:/so-do-quy-trinh-nghien-cuu-khoa-hoc-chuan/	measured
186	df-la-gi	df là gì	880	df bao nhiêu là tốt	thong-ke	term-la-gi	inference	khoang-tin-cay; muc-y-nghia-la-gi; bac-tu-do-la-gi; df-trong-spss; do-tin-cay-95-la-gi	xulysolieu.info:/df-la-gi-ung-dung-va-giai-thich-chi-tiet-spss/	measured
187	khoa-luan-la-gi	khóa luận là gì	210		khoa-luan-tot-nghiep	thesis-writing	harvest-khoa-luan-tot-nghiep	check-turnitin; khoa-luan-tot-nghiep; de-tai-nckh; luan-van; dao-van	xulysolieu.info:/9-meo-bao-ve-khoa-luan-tot-nghiep/	measured
188	do-lech-chuan-ki-hieu	độ lệch chuẩn kí hiệu	880		thong-ke	term-la-gi	descriptive	do-lech-chuan; phuong-sai; outlier; cong-thuc-tinh-phuong-sai; trung-vi	phamlocblog.com:/2020/08/do-lech-chuan-bao-nhieu-chap-nhan-duoc.html; phantichspss.com:/do-lech-chuan-va-phuong-sai-cong-thuc-va-y-nghia.html; xulysolieu.info:/ky-hieu-do-lech-chuan-la-gi/	measured
189	phuong-phap-nghien-cuu-dinh-luong	phương pháp nghiên cứu định lượng	210		khoa-luan-tot-nghiep	thesis-writing	ch3	phuong-phap-nghien-cuu-khoa-hoc; phuong-phap-nghien-cuu; giao-trinh-phuong-phap-nghien-cuu-khoa-hoc-pdf; phuong-phap-nghien-cuu-dinh-tinh; quy-trinh-nghien-cuu-khoa-hoc	xulysolieu.info:/phuong-phap-nghien-cuu-dinh-luong-la-gi/	measured
190	dummy-la-gi	dummy là gì	880		thong-ke	term-la-gi	harvest-thong-ke	outliers; moderating; moderator; scale-la-gi; mediator	phantichspss.com:/dien-giai-ket-qua-hoi-quy-bien-doc-lap-theo-theo-thang-do-dummy-bien-gia.html; xulysolieu.info:/bien-gia-dummy-cach-tao-va-dua-vao-mo-hinh/	measured
191	thiet-ke-nghien-cuu	thiết kế nghiên cứu	210		khoa-luan-tot-nghiep	thesis-writing	ch3	phuong-phap-nghien-cuu-khoa-hoc; phuong-phap-nghien-cuu; giao-trinh-phuong-phap-nghien-cuu-khoa-hoc-pdf; phuong-phap-nghien-cuu-dinh-tinh; quy-trinh-nghien-cuu-khoa-hoc	phamlocblog.com:/2025/01/khai-niem-cach-xay-dung-mo-hinh-nghien-cuu.html; xulydinhluong.com:/mo-hinh-nghien-cuu-va-cach-xay-dung/	measured
192	mediation-la-gi	mediation là gì	880		thong-ke	term-la-gi	harvest-thong-ke	outliers; moderating; moderator; scale-la-gi; mediator	phamlocblog.com:/2025/09/trung-gian-toan-phan-mot-phan.html; phantichspss.com:/mo-hinh-bien-trung-gian-mediator-nam-loai-ket-qua-co-xuat-hien.html; xulydinhluong.com:/mo-hinh-moderated-mediation-process-spss/; xulysolieu.info:/phan-biet-2-loai-bien-trung-gian-mot-phan/	measured
193	mediators-la-gi	mediators là gì	880		thong-ke	term-la-gi	harvest-thong-ke	outliers; moderating; moderator; scale-la-gi; mediator	phamlocblog.com:/2025/09/trung-gian-toan-phan-mot-phan.html; xulydinhluong.com:/xu-ly-bien-trung-gian-mediator-spss/; xulysolieu.info:/mediators-la-gi/	measured
194	standard-deviation-la-gi	standard deviation là gì	880		thong-ke	term-la-gi	harvest-thong-ke	outliers; moderating; moderator; scale-la-gi; mediator	phamlocblog.com:/2020/08/do-lech-chuan-bao-nhieu-chap-nhan-duoc.html; phantichspss.com:/do-lech-chuan-va-phuong-sai-cong-thuc-va-y-nghia.html; xulysolieu.info:/deviation-la-gi-cong-thuc-va-vai-tro/	measured
195	thu-thap-du-lieu	thu thập dữ liệu	880		thong-ke	term-la-gi	harvest-thong-ke	outliers; moderating; moderator; scale-la-gi; mediator	xulysolieu.info:/2-phuong-phap-thu-thap-du-lieu-trong-nghien-cuu/	measured
196	tuong-quan-la-gi	tương quan là gì	880	tương quan; hệ số tương quan; hệ số tương quan là gì	thong-ke	term-la-gi	harvest-thong-ke	outliers; moderating; moderator; scale-la-gi; mediator	phamlocblog.com:/2019/09/khac-biet-tuong-quan-va-hoi-quy.html; phantichspss.com:/hoi-quy-va-tuong-quan.html; xulysolieu.info:/phan-tich-tuong-quan-la-gi-cach-thuc-hien/; mosl.vn:/tu-tuong-quan-la-gi/; xulydinhluong.com:/su-khac-nhau-giua-tuong-quan-va-hoi-quy/; phamlocblog.com:/2015/11/phan-tich-tuong-quan-pearson-trong-spss.html; phantichspss.com:/he-so-tuong-quan-pearson-cach-thao-tac-phan-tich-tuong-quan-trong-spss.html; xulydinhluong.com:/phan-tich-tuong-quan-pearson-tren-spss/; xulysolieu.info:/correlation-coefficient-la-gi-dinh-nghia-ung-dung/	measured
197	coef-la-gi	coef là gì	720		thong-ke	term-la-gi	harvest-thong-ke	outliers; moderating; moderator; scale-la-gi; mediator	xulysolieu.info:/correlation-coefficient-la-gi-dinh-nghia-ung-dung/	measured
198	coefficient-la-gi	coefficient là gì	720		thong-ke	term-la-gi	harvest-thong-ke	outliers; moderating; moderator; scale-la-gi; mediator	phamlocblog.com:/2015/07/chuan-hoa-va-chua-chuan-hoa.html; xulysolieu.info:/correlation-coefficient-la-gi-dinh-nghia-ung-dung/	measured
199	coefficients-la-gi	coefficients là gì	720		thong-ke	term-la-gi	harvest-thong-ke	outliers; moderating; moderator; scale-la-gi; mediator	phamlocblog.com:/2015/07/chuan-hoa-va-chua-chuan-hoa.html; phantichspss.com:/cach-doc-cac-gia-tri-variance-covariance-coefficient-correlation-trong-amos.html; xulydinhluong.com:/he-so-hoi-quy-chuan-hoa-va-chua-chuan-hoa-trong-spss/; xulysolieu.info:/hieu-ro-ve-beta-tai-trong-coefficients-la-gi/	measured
200	eigenvalue	eigenvalue	720		thong-ke	term-la-gi	efa	cfa; ma-tran-xoay; communality; principal-component-analysis; efa	phamlocblog.com:/2024/12/trich-nhan-to-eigenvalue-va-fixed-numbers-of-factors.html; phantichspss.com:/quan-giua-eigenvalues-va-luong-nhan-duoc-tao-thanh-khi-phan-tich-nhan-efa.html; xulysolieu.info:/eigenvalue-va-eigenvector-la-gi/	measured
201	eigenvector	eigenvector	720		thong-ke	term-la-gi	harvest-thong-ke	outliers; moderating; moderator; scale-la-gi; mediator	xulysolieu.info:/eigenvalue-va-eigenvector-la-gi/	measured
202	hoi-quy-la-gi	hồi quy là gì	720	hồi quy	thong-ke	term-la-gi	harvest-thong-ke	outliers; moderating; moderator; scale-la-gi; mediator	phamlocblog.com:/2016/11/cach-chay-hoi-quy-trong-spss.html; phantichspss.com:/phan-tich-hoi-quy-regression-analysis-la-gi.html; xulysolieu.info:/mo-hinh-hoi-quy-trong-phan-tich-du-doan-nghien-cuu/; phantichspss.com:/khi-nao-can-su-dung-hoi-quy-logistic-va-khi-nao-can-su-dung-hoi-quy-tuyen-tinh.html; xulysolieu.info:/cach-chay-hoi-quy-spss-huong-dan-tung-buoc/	measured
203	tan-so-tich-luy-la-gi	tần số tích lũy là gì	720		thong-ke	term-la-gi	descriptive	do-lech-chuan; phuong-sai; outlier; cong-thuc-tinh-phuong-sai; trung-vi	xulysolieu.info:/tan-so-tich-luy-trong-thong-ke-la-gi/	measured
204	bieu-do-tan-suat	biểu đồ tần suất	590		thong-ke	term-la-gi	harvest-thong-ke	outliers; moderating; moderator; scale-la-gi; mediator	phamlocblog.com:/2019/05/thong-ke-mo-ta-tan-so-trong-spss.html	measured
205	construct-la-gi	construct là gì	590		thong-ke	term-la-gi	harvest-thong-ke	outliers; moderating; moderator; scale-la-gi; mediator	phantichspss.com:/amos-co-the-ve-duoc-formative-construct-hay-khong-va-ve-nhu-the-nao.html	measured
206	ky-hieu-do-lech-chuan	ký hiệu độ lệch chuẩn	590	độ lệch chuẩn ký hiệu là gì; độ lệch chuẩn ký hiệu	thong-ke	term-la-gi	descriptive	do-lech-chuan; phuong-sai; outlier; cong-thuc-tinh-phuong-sai; trung-vi	phamlocblog.com:/2020/08/do-lech-chuan-bao-nhieu-chap-nhan-duoc.html; phantichspss.com:/do-lech-chuan-va-phuong-sai-cong-thuc-va-y-nghia.html; xulysolieu.info:/ky-hieu-do-lech-chuan-la-gi/	measured
207	ols	ols	590	ols là gì	thong-ke	term-la-gi	harvest-thong-ke	outliers; moderating; moderator; scale-la-gi; mediator	xulydinhluong.com:/uoc-luong-hoi-quy-tuyen-tinh-bang-ols/; xulysolieu.info:/ols-la-gi-tim-hieu-ve-hoi-quy-tuyen-tinh/; mosl.vn:/mo-hinh-hoi-quy-tuyen-tinh/; phantichspss.com:/uu-diem-sem-so-voi-hoi-quy-ols-ba-tinh-chat-phan-biet-cua-covariance-based-sem.html	measured
208	phuong-sai-ky-hieu	phương sai ký hiệu	590	ký hiệu phương sai; phương sai ký hiệu là gì	thong-ke	term-la-gi	descriptive	do-lech-chuan; phuong-sai; outlier; cong-thuc-tinh-phuong-sai; trung-vi	phantichspss.com:/do-lech-chuan-va-phuong-sai-cong-thuc-va-y-nghia.html; xulysolieu.info:/cach-tinh-phuong-sai-va-do-lech-chuan/; xulysolieu.info:/ky-hieu-do-lech-chuan-la-gi/; mosl.vn:/phuong-sai-la-gi/	measured
209	tan-suat-la-gi	tần suất là gì	590		thong-ke	term-la-gi	harvest-thong-ke	outliers; moderating; moderator; scale-la-gi; mediator	xulysolieu.info:/tan-so-tich-luy-trong-thong-ke-la-gi/	measured
210	cach-tinh-phuong-sai-va-do-lech-chuan	cách tính phương sai và độ lệch chuẩn	480		thong-ke	term-la-gi	descriptive	do-lech-chuan; phuong-sai; outlier; cong-thuc-tinh-phuong-sai; trung-vi	xulysolieu.info:/cong-thuc-tinh-phuong-sai-va-do-lech-chuan/	measured
211	cach-tinh-so-trung-binh-cua-mau-so-lieu	cách tính số trung bình của mẫu số liệu	480		thong-ke	term-la-gi	harvest-thong-ke	outliers; moderating; moderator; scale-la-gi; mediator	xulysolieu.info:/cach-tinh-trung-binh-mau-cong-thuc-vi-du/	measured
212	cong-thuc-tinh-beta	công thức tính beta	480		thong-ke	term-la-gi	harvest-thong-ke	outliers; moderating; moderator; scale-la-gi; mediator	phamlocblog.com:/2015/07/chuan-hoa-va-chua-chuan-hoa.html; xulysolieu.info:/hieu-ro-ve-beta-tai-trong-coefficients-la-gi/	measured
213	cong-thuc-tinh-phuong-sai-lop-10	công thức tính phương sai lớp 10	480		thong-ke	term-la-gi	descriptive	do-lech-chuan; phuong-sai; outlier; cong-thuc-tinh-phuong-sai; trung-vi	xulysolieu.info:/cong-thuc-tinh-do-lech-chuan/	measured
214	covariance	covariance	480	covariance là gì	thong-ke	term-la-gi	harvest-thong-ke	outliers; moderating; moderator; scale-la-gi; mediator	phantichspss.com:/cach-doc-cac-gia-tri-variance-covariance-coefficient-correlation-trong-amos.html	measured
215	kiem-dinh-t-test	kiểm định t test	480	kiểm định t-test	thong-ke	test	test-term	anova; t-test; bang-anova; one-factor-anova; kiem-dinh-chi-binh-phuong-la-gi	phamlocblog.com:/2017/07/kiem-dinh-independent-sample-t-test-SPSS.html; phantichspss.com:/cach-su-dung-independent-samples-t-test-trong-spss.html; xulydinhluong.com:/kiem-dinh-paired-samples-t-test-tren-spss-26/; xulysolieu.info:/kiem-dinh-independent-sample-t-test-trong-spss/; mosl.vn:/so-sanh-t-test-spss-2025/	measured
216	bieu-do-hop	biểu đồ hộp	390		thong-ke	term-la-gi	harvest-thong-ke	outliers; moderating; moderator; scale-la-gi; mediator	phantichspss.com:/cach-doc-bieu-do-hop-boxplot.html	measured
217	chi-phi-trung-binh	chi phí trung bình	390		thong-ke	term-la-gi	harvest-thong-ke	outliers; moderating; moderator; scale-la-gi; mediator	xulysolieu.info:/gia-tri-trung-binh-la-gi/	measured
218	chuan-hoa-la-gi	chuẩn hóa là gì	390		thong-ke	term-la-gi	harvest-thong-ke	outliers; moderating; moderator; scale-la-gi; mediator	phamlocblog.com:/2015/07/chuan-hoa-va-chua-chuan-hoa.html; phantichspss.com:/so-sanh-su-khac-nhau-giua-he-so-beta-da-chuan-hoa-va-chua-chuan-hoa-khi-phan-tich-hoi-quy.html; xulydinhluong.com:/he-so-hoi-quy-chuan-hoa-va-chua-chuan-hoa-trong-spss/	measured
219	cong-thuc-he-so-tuong-quan	công thức hệ số tương quan	390		thong-ke	term-la-gi	harvest-thong-ke	outliers; moderating; moderator; scale-la-gi; mediator	phamlocblog.com:/2015/11/phan-tich-tuong-quan-pearson-trong-spss.html; phantichspss.com:/he-so-tuong-quan-pearson-cach-thao-tac-phan-tich-tuong-quan-trong-spss.html; xulydinhluong.com:/phan-tich-tuong-quan-pearson-tren-spss/; xulysolieu.info:/correlation-coefficient-la-gi-dinh-nghia-ung-dung/	measured
220	cong-thuc-tinh-so-trung-vi	công thức tính số trung vị	390	phương sai và độ lệch chuẩn công thức; công thức phương sai độ lệch chuẩn; công thức tính giá trị trung bình; phương sai độ lệch chuẩn công thức	thong-ke	term-la-gi	descriptive	do-lech-chuan; phuong-sai; outlier; cong-thuc-tinh-phuong-sai; trung-vi	xulysolieu.info:/tinh-trung-vi-trong-thong-ke-cach-tinh-va-y-nghia/; phantichspss.com:/do-lech-chuan-va-phuong-sai-cong-thuc-va-y-nghia.html; xulysolieu.info:/cach-tinh-phuong-sai-va-do-lech-chuan/; xulysolieu.info:/cach-tinh-trung-binh-mau-cong-thuc-vi-du/	measured
221	do-lech-chuan-trong-may-tinh	độ lệch chuẩn trong máy tính	390		thong-ke	term-la-gi	descriptive	do-lech-chuan; phuong-sai; outlier; cong-thuc-tinh-phuong-sai; trung-vi	phamlocblog.com:/2020/08/do-lech-chuan-bao-nhieu-chap-nhan-duoc.html	measured
222	exploratory-factor-analysis-la-gi	exploratory factor analysis là gì	390		thong-ke	term-la-gi	harvest-thong-ke	outliers; moderating; moderator; scale-la-gi; mediator	phamlocblog.com:/2018/07/phan-tich-nhan-to-kham-pha-efa.html; phantichspss.com:/tong-quan-phan-tich-nhan-to-kham-pha-efa.html; xulydinhluong.com:/phan-tich-nhan-to-kham-pha-efa-tren-spss/; xulysolieu.info:/efa-la-gi-tim-hieu-ve-phan-tich-nhan-to-kham-pha/; mosl.vn:/phan-tich-nhan-to-efa-spss-huong-dan/	measured
223	gia-thiet	giả thiết	390	giả thiết là gì	thong-ke	term-la-gi	harvest-thong-ke	outliers; moderating; moderator; scale-la-gi; mediator	xulysolieu.info:/phan-biet-gia-thuyet-va-gia-thiet-trong-nghien-cuu/	measured
224	nhan-to	nhân tố	390	nhân tố là gì	thong-ke	term-la-gi	harvest-thong-ke	outliers; moderating; moderator; scale-la-gi; mediator	phamlocblog.com:/2018/07/phan-tich-nhan-to-kham-pha-efa.html; phantichspss.com:/tong-quan-phan-tich-nhan-to-kham-pha-efa.html; xulydinhluong.com:/so-luong-nhan-to-trich-khong-phu-hop-efa/; xulysolieu.info:/nhan-to-la-gi-trong-phan-tich-du-lieu/	measured
225	ordinary-least-squares-la-gi	ordinary least squares là gì	390		thong-ke	term-la-gi	harvest-thong-ke	outliers; moderating; moderator; scale-la-gi; mediator	phantichspss.com:/phan-tich-hoi-quy-regression-analysis-la-gi.html; xulydinhluong.com:/uoc-luong-hoi-quy-tuyen-tinh-bang-ols/; xulysolieu.info:/ols-la-gi-tim-hieu-ve-hoi-quy-tuyen-tinh/	measured
226	phuong-trinh-hoi-quy	phương trình hồi quy	390		thong-ke	term-la-gi	harvest-thong-ke	outliers; moderating; moderator; scale-la-gi; mediator	phamlocblog.com:/2025/02/cach-viet-phuong-trinh-hoi-quy-trong-spss.html; phantichspss.com:/cach-viet-phuong-trinh-hoi-quy-tuyen-tinh-da-bien.html; xulydinhluong.com:/viet-phuong-trinh-hoi-quy-tuyen-tinh-trong-spss/; xulysolieu.info:/huong-dan-phan-tich-hoi-quy-tuyen-tinh-trong-spss/	measured
227	residual-la-gi	residual là gì	390		thong-ke	term-la-gi	harvest-thong-ke	outliers; moderating; moderator; scale-la-gi; mediator	phantichspss.com:/khai-niem-phan-du-phan-du-chuan-hoa-standardized-residuals-studentized-residual.html	measured
228	residuals-la-gi	residuals là gì	390		thong-ke	term-la-gi	harvest-thong-ke	outliers; moderating; moderator; scale-la-gi; mediator	phantichspss.com:/khai-niem-phan-du-phan-du-chuan-hoa-standardized-residuals-studentized-residual.html; xulysolieu.info:/residual-plot-la-gi/	measured
229	tong-quan-la-gi	tổng quan là gì	390		thong-ke	term-la-gi	harvest-thong-ke	outliers; moderating; moderator; scale-la-gi; mediator	xulysolieu.info:/tong-quan-tinh-hinh-nghien-cuu-cach-viet-cau-truc/	measured
230	bieu-do-duong-la-gi	biểu đồ đường là gì	320		thong-ke	term-la-gi	harvest-thong-ke	outliers; moderating; moderator; scale-la-gi; mediator	xulysolieu.info:/cach-xu-ly-so-lieu-bieu-do-duong-tu-khai-niem-den-ung-dung-thuc-tien-hieu-qua/	measured
231	cach-lay-so-lieu-tu-tong-cuc-thong-ke	cách lấy số liệu tư tổng cục thống kê	320		thong-ke	term-la-gi	harvest-thong-ke	outliers; moderating; moderator; scale-la-gi; mediator	rces.info:/sinh-vien-kinh-te-nckh/gioi-thieu-mot-so-nguon-lay-du-lieu-thu-cap-dang-tin-cay/	measured
232	chi-test	chi test	320	chi test square	thong-ke	term-la-gi	harvest-thong-ke	outliers; moderating; moderator; scale-la-gi; mediator	phantichspss.com:/kiem-dinh-chi-binh-phuong-chi-square-test-cach-thuc-hien-cach-doc-ket-qua-cach-thao-tac-tinh-toan-bang-tay-thay-vi-dung-spss.html; phamlocblog.com:/2020/08/kiem-dinh-chi-binh-phuong-spss.html; xulysolieu.info:/kiem-dinh-chi-binh-phuong-chi-square-trong-spss/	measured
233	collinearity	collinearity	320		thong-ke	term-la-gi	harvest-thong-ke	outliers; moderating; moderator; scale-la-gi; mediator	phamlocblog.com:/2018/07/da-cong-tuyen-nhan-biet-khac-phuc.html; phantichspss.com:/da-cong-tuyen-dinh-nghia-cach-phat-hien-hau-qua-cach-khac-phuc.html; xulysolieu.info:/multicollinearity-la-gi-cach-nhan-biet-tac-dong/	measured
234	cong-thuc-tinh-phuong-sai-mau	công thức tính phương sai mẫu	320	công thức tính phương sai và độ lệch chuẩn; công thức tính phương sai độ lệch chuẩn; công thức tính phương sai lớp 12	thong-ke	term-la-gi	descriptive	do-lech-chuan; phuong-sai; outlier; cong-thuc-tinh-phuong-sai; trung-vi	phantichspss.com:/do-lech-chuan-va-phuong-sai-cong-thuc-va-y-nghia.html; xulysolieu.info:/cong-thuc-tinh-phuong-sai-va-do-lech-chuan/; xulysolieu.info:/cach-tinh-phuong-sai-va-do-lech-chuan/	measured
235	da-cong-tuyen-la-gi	đa cộng tuyến là gì	320		thong-ke	term-la-gi	regression	hoi-quy-tuyen-tinh; bai-tap-hoi-quy-tuyen-tinh-co-loi-giai; hoi-quy-logistic; mo-hinh-hoi-quy-tuyen-tinh; phuong-trinh-hoi-quy-tuyen-tinh	phamlocblog.com:/2024/10/danh-gia-da-cong-tuyen-sem-amos.html; phantichspss.com:/da-cong-tuyen-dinh-nghia-cach-phat-hien-hau-qua-cach-khac-phuc.html; xulysolieu.info:/da-cong-tuyen-nguyen-nhan-cach-khac-phuc/	measured
236	dinh-ly-gia-tri-trung-binh	định lý giá trị trung bình	320		thong-ke	term-la-gi	descriptive	do-lech-chuan; phuong-sai; outlier; cong-thuc-tinh-phuong-sai; trung-vi	xulysolieu.info:/gia-tri-trung-binh-la-gi/	measured
237	discriminant	discriminant	320		thong-ke	term-la-gi	harvest-thong-ke	outliers; moderating; moderator; scale-la-gi; mediator	phamlocblog.com:/2021/12/gia-tri-hoi-tu-gia-tri-phan-biet-la-gi.html; phantichspss.com:/phan-tich-biet-phan-tich-phan-biet-discriminant-analysis.html	measured
238	du-lieu-so	dữ liệu số	320		thong-ke	term-la-gi	harvest-thong-ke	outliers; moderating; moderator; scale-la-gi; mediator	xulysolieu.info:/	measured
239	kmo	kmo	320		thong-ke	term-la-gi	efa	cfa; ma-tran-xoay; communality; principal-component-analysis; efa	phamlocblog.com:/2018/07/phan-tich-nhan-to-kham-pha-efa.html; phantichspss.com:/xu-ly-loi-chi-so-kmo-khong-xuat-hien-khi-phan-tich-nhan-to-efa.html; xulydinhluong.com:/phan-tich-nhan-to-kham-pha-efa-tren-spss/; xulysolieu.info:/cach-chay-efa-cho-bien-phu-thuoc-trong-spss/	measured
240	kurtosis	kurtosis	320	kurtosis là gì; kurtosis bao nhiêu là tốt	thong-ke	term-la-gi	descriptive	do-lech-chuan; phuong-sai; outlier; cong-thuc-tinh-phuong-sai; trung-vi	phamlocblog.com:/2025/03/chi-so-skewness-kurtosis-phan-phoi-chuan-spss.html; phantichspss.com:/chi-so-skewness-va-kurtosis-la-gi-va-dung-de-lam-gi.html; xulydinhluong.com:/chi-so-skewness-va-kurtosis-trong-spss/	measured
241	ky-hieu-phuong-sai-va-do-lech-chuan	ký hiệu phương sai và độ lệch chuẩn	320		thong-ke	term-la-gi	descriptive	do-lech-chuan; phuong-sai; outlier; cong-thuc-tinh-phuong-sai; trung-vi	phantichspss.com:/do-lech-chuan-va-phuong-sai-cong-thuc-va-y-nghia.html; xulysolieu.info:/ky-hieu-do-lech-chuan-la-gi/	measured
242	moderation-la-gi	moderation là gì	320		thong-ke	term-la-gi	harvest-thong-ke	outliers; moderating; moderator; scale-la-gi; mediator	phamlocblog.com:/2021/03/bien-trung-gian-dieu-tiet-kiem-soat.html; phantichspss.com:/quan-he-dieu-tiet-moderation-cac-loai-bien-dieu-tiet-moderator-mo-hinh-hoa-quan-dieu-tiet.html; xulydinhluong.com:/khai-niem-bien-trung-gian-bien-dieu-tiet-biet-kiem-soat/; xulysolieu.info:/hieu-ro-ve-moderator-la-gi-va-vai-tro-cua-no/	measured
243	multicollinearity	multicollinearity	320		thong-ke	term-la-gi	harvest-thong-ke	outliers; moderating; moderator; scale-la-gi; mediator	phamlocblog.com:/2018/07/da-cong-tuyen-nhan-biet-khac-phuc.html; phantichspss.com:/da-cong-tuyen-dinh-nghia-cach-phat-hien-hau-qua-cach-khac-phuc.html; xulysolieu.info:/multicollinearity-la-gi-cach-nhan-biet-tac-dong/	measured
244	pearson-correlation	pearson correlation	320		thong-ke	term-la-gi	harvest-thong-ke	outliers; moderating; moderator; scale-la-gi; mediator	phamlocblog.com:/2015/11/phan-tich-tuong-quan-pearson-trong-spss.html	measured
245	skewed-la-gi	skewed là gì	320		thong-ke	term-la-gi	harvest-thong-ke	outliers; moderating; moderator; scale-la-gi; mediator	phamlocblog.com:/2020/08/do-lech-chuan-bao-nhieu-chap-nhan-duoc.html; phantichspss.com:/chi-so-skewness-va-kurtosis-la-gi-va-dung-de-lam-gi.html; xulysolieu.info:/skewness-la-gi-cach-tinh-va-dien-giai/	measured
246	skewness-la-gi	skewness là gì	320	skewness bao nhiêu là tốt	thong-ke	term-la-gi	descriptive	do-lech-chuan; phuong-sai; outlier; cong-thuc-tinh-phuong-sai; trung-vi	phamlocblog.com:/2025/03/chi-so-skewness-kurtosis-phan-phoi-chuan-spss.html; phantichspss.com:/chi-so-skewness-va-kurtosis-la-gi-va-dung-de-lam-gi.html; xulydinhluong.com:/chi-so-skewness-va-kurtosis-trong-spss/; xulysolieu.info:/skewness-la-gi-cach-tinh-va-dien-giai/	measured
247	tong-quan-nghien-cuu	tổng quan nghiên cứu	320	tổng quan nghiên cứu là gì	thong-ke	term-la-gi	harvest-thong-ke	outliers; moderating; moderator; scale-la-gi; mediator	xulysolieu.info:/tong-quan-tinh-hinh-nghien-cuu-cach-viet-cau-truc/; rces.info:/sinh-vien-kinh-te-nckh/dau-la-nhung-noi-dung-can-chu-y-khi-doc-tai-lieu-nghien-cuu/	measured
248	trung-binh-la-gi	trung bình là gì	320		thong-ke	term-la-gi	harvest-thong-ke	outliers; moderating; moderator; scale-la-gi; mediator	phantichspss.com:/su-khac-nhau-giua-trung-binh-va-trung-vi.html; xulysolieu.info:/gia-tri-trung-binh-la-gi/	measured
249	trung-vi-la-q-may	trung vị là q mấy	320		thong-ke	term-la-gi	descriptive	do-lech-chuan; phuong-sai; outlier; cong-thuc-tinh-phuong-sai; trung-vi	phantichspss.com:/gia-tri-trung-binh-trung-vi-tu-phan-vi-dinh-nghia-va-phan-biet.html; xulysolieu.info:/gia-tri-trung-binh-trung-vi-va-tu-phan-vi/	measured
250	bang-anova	bảng anova	260		thong-ke	term-la-gi	test-term	anova; t-test; kiem-dinh-t-test; one-factor-anova; kiem-dinh-chi-binh-phuong-la-gi	phamlocblog.com:/2016/03/phan-tich-anova-trong-spss.html; phantichspss.com:/su-khac-nhau-giua-t-test-va-anova.html; xulydinhluong.com:/kiem-dinh-one-way-anova-tren-spss-26/; xulysolieu.info:/anova-la-gi-huong-dan-phan-tich-phuong-sai/	measured
251	correlate-la-gi	correlate là gì	260		thong-ke	term-la-gi	harvest-thong-ke	outliers; moderating; moderator; scale-la-gi; mediator	xulysolieu.info:/correlate-la-gi-y-nghia-he-so-tuong-quan/	measured
252	correlated-la-gi	correlated là gì	260		thong-ke	term-la-gi	harvest-thong-ke	outliers; moderating; moderator; scale-la-gi; mediator	xulysolieu.info:/correlate-la-gi-y-nghia-he-so-tuong-quan/	measured
253	descriptive-statistics-la-gi	descriptive statistics là gì	260		thong-ke	term-la-gi	harvest-thong-ke	outliers; moderating; moderator; scale-la-gi; mediator	phamlocblog.com:/2019/05/thong-ke-mo-ta-trung-binh-tren-spss.html; xulydinhluong.com:/thong-ke-mo-ta-trung-binh-trong-spss/; xulysolieu.info:/cach-doc-ket-qua-thong-ke-mo-ta-trong-spss/	measured
254	do-tin-cay	độ tin cậy	260		thong-ke	term-la-gi	harvest-thong-ke	outliers; moderating; moderator; scale-la-gi; mediator	phamlocblog.com:/2017/03/kiem-dinh-do-tin-cay-cronbach-alpha-spss.html; xulydinhluong.com:/phan-tich-cronbachs-alpha-trong-spss/; xulysolieu.info:/do-tin-cay-tong-hop-composite-reliability-smartpls/	measured
255	hiep-phuong-sai	hiệp phương sai	260		thong-ke	term-la-gi	descriptive	do-lech-chuan; phuong-sai; outlier; cong-thuc-tinh-phuong-sai; trung-vi	xulysolieu.info:/hieu-ro-ve-do-lech-chuan-va-phuong-sai/	measured
256	khoang-tin-cay	khoảng tin cậy	260	khoảng tin cậy là gì; khoảng tin cậy bao nhiêu là tốt	thong-ke	term-la-gi	inference	df-la-gi; muc-y-nghia-la-gi; bac-tu-do-la-gi; df-trong-spss; do-tin-cay-95-la-gi	xulysolieu.info:/khoang-tin-cay-muc-y-nghia-hieu-dung/	measured
257	linear-regression-la-gi	linear regression là gì	260		thong-ke	term-la-gi	harvest-thong-ke	outliers; moderating; moderator; scale-la-gi; mediator	xulysolieu.info:/linear-regression-la-gi-giai-thich-de-hieu/	measured
258	pearson-la-gi	pearson là gì	260		thong-ke	term-la-gi	harvest-thong-ke	outliers; moderating; moderator; scale-la-gi; mediator	phamlocblog.com:/2015/11/phan-tich-tuong-quan-pearson-trong-spss.html; phantichspss.com:/he-so-tuong-quan-pearson-cach-thao-tac-phan-tich-tuong-quan-trong-spss.html; xulydinhluong.com:/phan-tich-tuong-quan-pearson-tren-spss/; xulysolieu.info:/he-so-tuong-quan-pearson-trong-spss/	measured
259	thu-thap-thong-tin	thu thập thông tin	260		thong-ke	term-la-gi	harvest-thong-ke	outliers; moderating; moderator; scale-la-gi; mediator	xulysolieu.info:/du-lieu-thu-cap-la-gi-quy-trinh-thu-thap-du-lieu/	measured
260	cach-tinh-tan-so-tich-luy	cách tính tần số tích lũy	210		thong-ke	term-la-gi	descriptive	do-lech-chuan; phuong-sai; outlier; cong-thuc-tinh-phuong-sai; trung-vi	xulysolieu.info:/tan-so-tich-luy-trong-thong-ke-la-gi/	measured
261	do-lech-chuan-ki-hieu-la-gi-trong-may-tinh	độ lệch chuẩn kí hiệu là gì trong máy tính	210		thong-ke	term-la-gi	descriptive	do-lech-chuan; phuong-sai; outlier; cong-thuc-tinh-phuong-sai; trung-vi	phamlocblog.com:/2020/08/do-lech-chuan-bao-nhieu-chap-nhan-duoc.html	measured
262	logistic-regression-la-gi	logistic regression là gì	210		thong-ke	term-la-gi	harvest-thong-ke	outliers; moderating; moderator; scale-la-gi; mediator	xulysolieu.info:/logistic-regression-la-gi-ung-dung-phan-tich/	measured
263	mean-la-gi-trong-thong-ke	mean là gì trong thống kê	210		thong-ke	term-la-gi	harvest-thong-ke	outliers; moderating; moderator; scale-la-gi; mediator	phamlocblog.com:/2019/05/thong-ke-mo-ta-trung-binh-tren-spss.html; xulysolieu.info:/mean-trong-spss-la-gi/	measured
264	one-factor-anova	one factor anova	210		thong-ke	term-la-gi	test-term	anova; t-test; kiem-dinh-t-test; bang-anova; kiem-dinh-chi-binh-phuong-la-gi	phamlocblog.com:/2016/03/phan-tich-anova-trong-spss.html	measured
265	phan-vi-la-gi	phân vị là gì	210		thong-ke	term-la-gi	harvest-thong-ke	outliers; moderating; moderator; scale-la-gi; mediator	xulysolieu.info:/gia-tri-trung-binh-trung-vi-va-tu-phan-vi/	measured
266	phuong-sai-mau	phương sai mẫu	210		thong-ke	term-la-gi	descriptive	do-lech-chuan; phuong-sai; outlier; cong-thuc-tinh-phuong-sai; trung-vi	xulysolieu.info:/cach-tinh-phuong-sai-va-do-lech-chuan/	measured
267	spss-cach-dung	spss cách dùng	210		thong-ke	term-la-gi	harvest-thong-ke	outliers; moderating; moderator; scale-la-gi; mediator	phamlocblog.com:/2025/01/cach-su-dung-spss-trong-nghien-cuu-khoa-hoc.html; xulydinhluong.com:/huong-dan-cach-chay-spss-cho-nguoi-moi-bat-dau/	measured
268	muc-y-nghia-la-gi	mức ý nghĩa là gì	170	mức ý nghĩa bao nhiêu là tốt	thong-ke	term-la-gi	inference	df-la-gi; khoang-tin-cay; bac-tu-do-la-gi; df-trong-spss; do-tin-cay-95-la-gi		measured
269	test-de-durbin-watson	test de durbin watson	170	test de durbin-watson	thong-ke	term-la-gi	regression	hoi-quy-tuyen-tinh; bai-tap-hoi-quy-tuyen-tinh-co-loi-giai; hoi-quy-logistic; mo-hinh-hoi-quy-tuyen-tinh; da-cong-tuyen-la-gi	phamlocblog.com:/2020/12/bang-tra-durbin-watson-dw.html	measured
270	phan-tich-gia-tri-ngoai-lai-la-gi	phân tích giá trị ngoại lai là gì	90		thong-ke	term-la-gi	harvest-thong-ke	outliers; moderating; moderator; scale-la-gi; mediator	phamlocblog.com:/2021/01/diem-di-biet-outlier-la-gi.html	measured
271	kiem-dinh-chi-binh-phuong-la-gi	kiểm định chi bình phương là gì	20	kiểm định chi bình phương bao nhiêu là tốt	thong-ke	term-la-gi	test-term	anova; t-test; kiem-dinh-t-test; bang-anova; one-factor-anova		measured
272	gia-tri-hoi-tu-la-gi	giá trị hội tụ là gì	10	giá trị hội tụ bao nhiêu là tốt	thong-ke	term-la-gi	validity	ave-trong-spss; construct-validity-la-gi; cross-loading-la-gi; fornell-larcker-la-gi; gia-tri-be-mat-la-gi		measured
273	bang-tan-so-trong-spss	bảng tần số trong spss	0	bảng chéo crosstabs trong spss	spss	spss-howto	descriptive	do-lech-chuan; phuong-sai; outlier; cong-thuc-tinh-phuong-sai; trung-vi		family-inferred
274	ancova-la-gi	ancova là gì	0	ancova bao nhiêu là tốt	thong-ke	term-la-gi	test-term	anova; t-test; kiem-dinh-t-test; bang-anova; one-factor-anova		family-inferred
275	bang-cau-hoi-la-gi	bảng câu hỏi là gì	0		khao-sat	survey	instrument	thang-do-likert-5-muc-do; phieu-khao-sat; thiet-ke-bang-hoi; mau-phieu-khao-sat; thang-do-likert-7-muc-do		family-inferred
276	bien-tiem-an-la-gi	biến tiềm ẩn là gì	0	biến tiềm ẩn bao nhiêu là tốt; biến tiềm ẩn trong spss; biến quan sát là gì; biến quan sát bao nhiêu là tốt; biến quan sát trong spss	smartpls	term-la-gi	sem	sem-la-gi; pls-sem; mo-hinh-sem; cb-sem-la-gi; blindfolding-la-gi		family-inferred
277	5-ap-luc-canh-tranh-porter-la-gi	5 áp lực cạnh tranh porter là gì	0		mo-hinh-nghien-cuu	model-theory	strategy	mo-hinh-swot; mo-hinh-chuoi-gia-tri-porter; balanced-scorecard-la-gi; bcg-la-gi; cac-ben-lien-quan-la-gi		family-inferred
278	bieu-do-boxplot-trong-spss	biểu đồ boxplot trong spss	0	cách chạy biểu đồ boxplot trong spss; cách chạy biểu đồ histogram trong spss; biểu đồ histogram trong spss; cách chạy biểu đồ scatter trong spss; biểu đồ scatter trong spss; cách chạy biểu đồ p p plot trong spss; biểu đồ p p plot trong spss	spss	spss-howto	descriptive	do-lech-chuan; phuong-sai; outlier; cong-thuc-tinh-phuong-sai; trung-vi		family-inferred
279	anova-trong-spss	anova trong spss	0		thong-ke	term-la-gi	test-term	anova; t-test; kiem-dinh-t-test; bang-anova; one-factor-anova		family-inferred
280	cach-lam-khao-sat-online	cách làm khảo sát online	0		khao-sat	survey	collection	phieu-khao-sat-online; form-khao-sat; gg-form-khao-sat; tao-form-khao-sat; google-form-khao-sat		family-inferred
281	blindfolding-la-gi	blindfolding là gì	0	blindfolding bao nhiêu là tốt; blindfolding trong spss	smartpls	term-la-gi	sem	sem-la-gi; pls-sem; mo-hinh-sem; cb-sem-la-gi; bien-tiem-an-la-gi		family-inferred
282	5-khoang-cach-chat-luong-dich-vu-la-gi	5 khoảng cách chất lượng dịch vụ là gì	0		mo-hinh-nghien-cuu	model-theory	service	mo-hinh-servqual; servqual; mo-hinh-servperf; mo-hinh-5-khoang-cach-chat-luong-dich-vu; acsi-la-gi		family-inferred
283	bootstrap-trung-gian-trong-spss	bootstrap trung gian trong spss	0	cách chạy bootstrap trung gian trong spss	spss	spss-howto	mediation	bien-kiem-soat-la-gi; bien-trung-gian-la-gi; bien-doc-lap-la-gi; phan-tich-sobel-test-spss; process-macro-la-gi		family-inferred
284	ave-trong-spss	ave trong spss	0		thong-ke	term-la-gi	validity	gia-tri-hoi-tu-la-gi; construct-validity-la-gi; cross-loading-la-gi; fornell-larcker-la-gi; gia-tri-be-mat-la-gi		family-inferred
285	cau-hoi-sang-loc-la-gi	câu hỏi sàng lọc là gì	0	câu hỏi sàng lọc khảo sát; câu hỏi nhân khẩu học khảo sát; câu hỏi nhân khẩu học là gì	khao-sat	survey	instrument	thang-do-likert-5-muc-do; phieu-khao-sat; thiet-ke-bang-hoi; mau-phieu-khao-sat; thang-do-likert-7-muc-do		family-inferred
286	bootstrapping-la-gi	bootstrapping là gì	0	bootstrapping bao nhiêu là tốt; bootstrapping trong spss	smartpls	term-la-gi	sem	sem-la-gi; pls-sem; mo-hinh-sem; cb-sem-la-gi; bien-tiem-an-la-gi		family-inferred
287	acsi-la-gi	acsi là gì	0		mo-hinh-nghien-cuu	model-theory	service	mo-hinh-servqual; servqual; mo-hinh-servperf; mo-hinh-5-khoang-cach-chat-luong-dich-vu; 5-khoang-cach-chat-luong-dich-vu-la-gi		family-inferred
288	cronbach-alpha-trong-spss	cronbach alpha trong spss	0	cách chạy cronbach alpha trong spss; hệ số cronbach alpha trong spss; cronbach alpha if item deleted là gì; cronbach alpha if item deleted bao nhiêu là tốt; cronbach alpha if item deleted trong spss; cronbach alpha thấp phải làm sao; cronbach alpha âm phải làm sao; cronbach alpha quá cao phải làm sao	spss	spss-howto	reliability	cronbach-alpha; item-total-correlation-nho-hon-0-3-phai-lam-sao; kiem-dinh-do-tin-cay-thang-do-trong-spss; composite-reliability-la-gi; loi-cronbach-alpha-am-spss		family-inferred
289	bac-tu-do-la-gi	bậc tự do là gì	0	bậc tự do bao nhiêu là tốt; bậc tự do trong spss	thong-ke	term-la-gi	inference	df-la-gi; khoang-tin-cay; muc-y-nghia-la-gi; df-trong-spss; do-tin-cay-95-la-gi		family-inferred
290	chon-mau-ngau-nhien	chọn mẫu ngẫu nhiên	0	chọn mẫu ngẫu nhiên là gì; chọn mẫu ngẫu nhiên bao nhiêu là tốt; chọn mẫu thuận tiện trong spss; chọn mẫu thuận tiện bao nhiêu là tốt; chọn mẫu thuận tiện; chọn mẫu ngẫu nhiên trong spss; chọn mẫu phân tầng là gì; chọn mẫu phân tầng bao nhiêu là tốt	khao-sat	survey	sampling	co-mau-la-gi; co-mau-cua-mau-so-lieu-la-gi; tinh-co-mau; phuong-phap-chon-mau; co-mau-trong-spss		family-inferred
291	cb-sem-trong-spss	cb sem trong spss	0		smartpls	term-la-gi	sem	sem-la-gi; pls-sem; mo-hinh-sem; cb-sem-la-gi; bien-tiem-an-la-gi		family-inferred
292	balanced-scorecard-la-gi	balanced scorecard là gì	0		mo-hinh-nghien-cuu	model-theory	strategy	mo-hinh-swot; mo-hinh-chuoi-gia-tri-porter; 5-ap-luc-canh-tranh-porter-la-gi; bcg-la-gi; cac-ben-lien-quan-la-gi		family-inferred
293	item-total-correlation-nho-hon-0-3-phai-lam-sao	item total correlation nhỏ hơn 0 3 phải làm sao	0		spss	troubleshoot	reliability	cronbach-alpha; cronbach-alpha-trong-spss; kiem-dinh-do-tin-cay-thang-do-trong-spss; composite-reliability-la-gi; loi-cronbach-alpha-am-spss		family-inferred
294	boxplot-trong-spss	boxplot trong spss	0		thong-ke	term-la-gi	descriptive	do-lech-chuan; phuong-sai; outlier; cong-thuc-tinh-phuong-sai; trung-vi		family-inferred
295	co-mau-trong-spss	cỡ mẫu trong spss	0	cỡ mẫu tối thiểu trong spss; cỡ mẫu tối thiểu bao nhiêu là tốt	khao-sat	term-la-gi	sampling	co-mau-la-gi; co-mau-cua-mau-so-lieu-la-gi; tinh-co-mau; phuong-phap-chon-mau; chon-mau-ngau-nhien		family-inferred
296	cfi-la-gi	cfi là gì	0	cfi bao nhiêu là tốt; cfi trong spss	smartpls	term-la-gi	sem	sem-la-gi; pls-sem; mo-hinh-sem; cb-sem-la-gi; bien-tiem-an-la-gi		family-inferred
297	bcg-la-gi	bcg là gì	0		mo-hinh-nghien-cuu	model-theory	strategy	mo-hinh-swot; mo-hinh-chuoi-gia-tri-porter; 5-ap-luc-canh-tranh-porter-la-gi; balanced-scorecard-la-gi; cac-ben-lien-quan-la-gi		family-inferred
298	kiem-dinh-do-tin-cay-thang-do-trong-spss	kiểm định độ tin cậy thang đo trong spss	0	cách chạy kiểm định độ tin cậy thang đo trong spss	spss	spss-howto	reliability	cronbach-alpha; cronbach-alpha-trong-spss; item-total-correlation-nho-hon-0-3-phai-lam-sao; composite-reliability-la-gi; loi-cronbach-alpha-am-spss		family-inferred
299	composite-reliability-la-gi	composite reliability là gì	0	composite reliability bao nhiêu là tốt; composite reliability trong spss	thong-ke	term-la-gi	reliability	cronbach-alpha; cronbach-alpha-trong-spss; item-total-correlation-nho-hon-0-3-phai-lam-sao; kiem-dinh-do-tin-cay-thang-do-trong-spss; loi-cronbach-alpha-am-spss		family-inferred
300	google-form	google form	0	cách làm google form	khao-sat	survey	collection	phieu-khao-sat-online; form-khao-sat; gg-form-khao-sat; tao-form-khao-sat; google-form-khao-sat		family-inferred
301	chi-so-phu-hop-mo-hinh-la-gi	chỉ số phù hợp mô hình là gì	0	chỉ số phù hợp mô hình bao nhiêu là tốt; chỉ số phù hợp mô hình trong spss; chi square trên bậc tự do là gì; chi square trên bậc tự do bao nhiêu là tốt; chi square trên bậc tự do trong spss	smartpls	term-la-gi	sem	sem-la-gi; pls-sem; mo-hinh-sem; cb-sem-la-gi; bien-tiem-an-la-gi		family-inferred
302	bien-doc-lap-la-gi	biến độc lập là gì	0	biến độc lập bao nhiêu là tốt; biến trung gian trong spss; biến điều tiết trong spss; biến kiểm soát trong spss; biến độc lập trong spss; biến phụ thuộc là gì; biến phụ thuộc bao nhiêu là tốt; biến phụ thuộc trong spss	mo-hinh-nghien-cuu	term-la-gi	mediation	bien-kiem-soat-la-gi; bien-trung-gian-la-gi; bootstrap-trung-gian-trong-spss; phan-tich-sobel-test-spss; process-macro-la-gi		family-inferred
303	loi-cronbach-alpha-am-spss	lỗi cronbach alpha âm spss	0	lỗi cronbach alpha thấp spss; lỗi cronbach alpha quá cao spss; lỗi item total correlation nhỏ hơn 0 3 spss; lỗi thang đo không đạt độ tin cậy spss	spss	troubleshoot	reliability	cronbach-alpha; cronbach-alpha-trong-spss; item-total-correlation-nho-hon-0-3-phai-lam-sao; kiem-dinh-do-tin-cay-thang-do-trong-spss; composite-reliability-la-gi		family-inferred
304	construct-validity-la-gi	construct validity là gì	0	construct validity bao nhiêu là tốt; construct validity trong spss	thong-ke	term-la-gi	validity	gia-tri-hoi-tu-la-gi; ave-trong-spss; cross-loading-la-gi; fornell-larcker-la-gi; gia-tri-be-mat-la-gi		family-inferred
305	khao-sat-thu	khảo sát thử	0	cách làm khảo sát thử; khảo sát khách hàng; cách làm khảo sát khách hàng; khảo sát nhân viên; cách làm khảo sát nhân viên; khảo sát sinh viên; cách làm khảo sát sinh viên	khao-sat	survey	collection	phieu-khao-sat-online; form-khao-sat; gg-form-khao-sat; tao-form-khao-sat; google-form-khao-sat		family-inferred
306	f-square-la-gi	f square là gì	0	f square bao nhiêu là tốt; f square trong spss	smartpls	term-la-gi	sem	sem-la-gi; pls-sem; mo-hinh-sem; cb-sem-la-gi; bien-tiem-an-la-gi		family-inferred
307	cac-ben-lien-quan-la-gi	các bên liên quan là gì	0		mo-hinh-nghien-cuu	model-theory	strategy	mo-hinh-swot; mo-hinh-chuoi-gia-tri-porter; 5-ap-luc-canh-tranh-porter-la-gi; balanced-scorecard-la-gi; bcg-la-gi		family-inferred
308	phan-tich-cronbach-alpha-spss	phân tích cronbach alpha spss	0	phân tích kiểm định độ tin cậy thang đo spss	spss	spss-howto	reliability	cronbach-alpha; cronbach-alpha-trong-spss; item-total-correlation-nho-hon-0-3-phai-lam-sao; kiem-dinh-do-tin-cay-thang-do-trong-spss; composite-reliability-la-gi		family-inferred
309	corrected-item-total-correlation-la-gi	corrected item total correlation là gì	0	corrected item total correlation bao nhiêu là tốt; corrected item total correlation trong spss	thong-ke	term-la-gi	reliability	cronbach-alpha; cronbach-alpha-trong-spss; item-total-correlation-nho-hon-0-3-phai-lam-sao; kiem-dinh-do-tin-cay-thang-do-trong-spss; composite-reliability-la-gi		family-inferred
310	khung-mau-la-gi	khung mẫu là gì	0	khung mẫu bao nhiêu là tốt; khung mẫu trong spss	khao-sat	term-la-gi	sampling	co-mau-la-gi; co-mau-cua-mau-so-lieu-la-gi; tinh-co-mau; phuong-phap-chon-mau; chon-mau-ngau-nhien		family-inferred
311	gfi-la-gi	gfi là gì	0	gfi bao nhiêu là tốt; gfi trong spss	smartpls	term-la-gi	sem	sem-la-gi; pls-sem; mo-hinh-sem; cb-sem-la-gi; bien-tiem-an-la-gi		family-inferred
312	chap-nhan-cong-nghe-tam-la-gi	chấp nhận công nghệ tam là gì	0		mo-hinh-nghien-cuu	model-theory	technology	mo-hinh-tam; mo-hinh-chap-nhan-cong-nghe-tam; is-success-delone-mclean-la-gi; khuech-tan-doi-moi-la-gi; ky-vong-xac-nhan-ecm-la-gi		family-inferred
313	phan-tich-sobel-test-spss	phân tích sobel test spss	0	phân tích process macro trung gian spss; phân tích process macro điều tiết spss; phân tích bootstrap trung gian spss	spss	spss-howto	mediation	bien-kiem-soat-la-gi; bien-trung-gian-la-gi; bootstrap-trung-gian-trong-spss; bien-doc-lap-la-gi; process-macro-la-gi		family-inferred
314	cross-loading-la-gi	cross loading là gì	0	cross loading bao nhiêu là tốt; cross loading trong spss	thong-ke	term-la-gi	validity	gia-tri-hoi-tu-la-gi; ave-trong-spss; construct-validity-la-gi; fornell-larcker-la-gi; gia-tri-be-mat-la-gi		family-inferred
315	ma-hoa-bang-hoi-la-gi	mã hóa bảng hỏi là gì	0	mã hóa bảng hỏi khảo sát	khao-sat	survey	instrument	thang-do-likert-5-muc-do; phieu-khao-sat; thiet-ke-bang-hoi; mau-phieu-khao-sat; thang-do-likert-7-muc-do		family-inferred
316	mo-hinh-cau-truc-la-gi	mô hình cấu trúc là gì	0	mô hình cấu trúc bao nhiêu là tốt; mô hình đo lường là gì; mô hình đo lường bao nhiêu là tốt; mô hình đo lường trong spss; mô hình cấu trúc trong spss	smartpls	term-la-gi	sem	sem-la-gi; pls-sem; mo-hinh-sem; cb-sem-la-gi; bien-tiem-an-la-gi		family-inferred
317	chat-luong-dich-vu-gronroos-la-gi	chất lượng dịch vụ gronroos là gì	0		mo-hinh-nghien-cuu	model-theory	service	mo-hinh-servqual; servqual; mo-hinh-servperf; mo-hinh-5-khoang-cach-chat-luong-dich-vu; 5-khoang-cach-chat-luong-dich-vu-la-gi		family-inferred
318	thang-do-khong-dat-do-tin-cay-phai-lam-sao	thang đo không đạt độ tin cậy phải làm sao	0		spss	troubleshoot	reliability	cronbach-alpha; cronbach-alpha-trong-spss; item-total-correlation-nho-hon-0-3-phai-lam-sao; kiem-dinh-do-tin-cay-thang-do-trong-spss; composite-reliability-la-gi		family-inferred
319	df-trong-spss	df trong spss	0		thong-ke	term-la-gi	inference	df-la-gi; khoang-tin-cay; muc-y-nghia-la-gi; bac-tu-do-la-gi; do-tin-cay-95-la-gi		family-inferred
320	mau-nghien-cuu-la-gi	mẫu nghiên cứu là gì	0	mẫu nghiên cứu bao nhiêu là tốt; mẫu nghiên cứu trong spss	khao-sat	term-la-gi	sampling	co-mau-la-gi; co-mau-cua-mau-so-lieu-la-gi; tinh-co-mau; phuong-phap-chon-mau; chon-mau-ngau-nhien		family-inferred
321	modification-indices-la-gi	modification indices là gì	0	modification indices bao nhiêu là tốt; modification indices trong spss	smartpls	term-la-gi	sem	sem-la-gi; pls-sem; mo-hinh-sem; cb-sem-la-gi; bien-tiem-an-la-gi		family-inferred
322	chuoi-gia-tri-porter-la-gi	chuỗi giá trị porter là gì	0		mo-hinh-nghien-cuu	model-theory	strategy	mo-hinh-swot; mo-hinh-chuoi-gia-tri-porter; 5-ap-luc-canh-tranh-porter-la-gi; balanced-scorecard-la-gi; bcg-la-gi		family-inferred
323	thong-ke-nhan-khau-hoc-trong-spss	thống kê nhân khẩu học trong spss	0	cách chạy thống kê nhân khẩu học trong spss	spss	spss-howto	descriptive	do-lech-chuan; phuong-sai; outlier; cong-thuc-tinh-phuong-sai; trung-vi		family-inferred
324	do-lech-chuan-trong-spss	độ lệch chuẩn trong spss	0		thong-ke	term-la-gi	descriptive	do-lech-chuan; phuong-sai; outlier; cong-thuc-tinh-phuong-sai; trung-vi		family-inferred
325	sai-so-chon-mau-la-gi	sai số chọn mẫu là gì	0	sai số chọn mẫu bao nhiêu là tốt; sai số chọn mẫu trong spss	khao-sat	term-la-gi	sampling	co-mau-la-gi; co-mau-cua-mau-so-lieu-la-gi; tinh-co-mau; phuong-phap-chon-mau; chon-mau-ngau-nhien		family-inferred
326	outer-weight-la-gi	outer weight là gì	0	outer weight bao nhiêu là tốt; outer loading là gì; outer loading bao nhiêu là tốt; outer loading trong spss; outer weight trong spss	smartpls	term-la-gi	sem	sem-la-gi; pls-sem; mo-hinh-sem; cb-sem-la-gi; bien-tiem-an-la-gi		family-inferred
327	dai-dien-la-gi	đại diện là gì	0		mo-hinh-nghien-cuu	model-theory	strategy	mo-hinh-swot; mo-hinh-chuoi-gia-tri-porter; 5-ap-luc-canh-tranh-porter-la-gi; balanced-scorecard-la-gi; bcg-la-gi		family-inferred
328	do-tin-cay-95-la-gi	độ tin cậy 95 là gì	0	độ tin cậy 95 bao nhiêu là tốt; độ tin cậy 95 trong spss	thong-ke	term-la-gi	inference	df-la-gi; khoang-tin-cay; muc-y-nghia-la-gi; bac-tu-do-la-gi; df-trong-spss		family-inferred
329	so-quan-sat-tren-mot-bien-quan-sat-la-gi	số quan sát trên một biến quan sát là gì	0	số quan sát trên một biến quan sát bao nhiêu là tốt; số quan sát trên một biến quan sát trong spss	khao-sat	term-la-gi	sampling	co-mau-la-gi; co-mau-cua-mau-so-lieu-la-gi; tinh-co-mau; phuong-phap-chon-mau; chon-mau-ngau-nhien		family-inferred
330	path-coefficient-la-gi	path coefficient là gì	0	path coefficient bao nhiêu là tốt; path coefficient trong spss	smartpls	term-la-gi	sem	sem-la-gi; pls-sem; mo-hinh-sem; cb-sem-la-gi; bien-tiem-an-la-gi		family-inferred
331	e-servqual-la-gi	e servqual là gì	0		mo-hinh-nghien-cuu	model-theory	service	mo-hinh-servqual; servqual; mo-hinh-servperf; mo-hinh-5-khoang-cach-chat-luong-dich-vu; 5-khoang-cach-chat-luong-dich-vu-la-gi		family-inferred
332	do-tin-cay-tong-hop-la-gi	độ tin cậy tổng hợp là gì	0	độ tin cậy tổng hợp bao nhiêu là tốt; độ tin cậy thang đo trong spss; độ tin cậy thang đo bao nhiêu là tốt; độ tin cậy tổng hợp trong spss	thong-ke	term-la-gi	reliability	cronbach-alpha; cronbach-alpha-trong-spss; item-total-correlation-nho-hon-0-3-phai-lam-sao; kiem-dinh-do-tin-cay-thang-do-trong-spss; composite-reliability-la-gi		family-inferred
333	thang-do-likert-5-muc-khao-sat	thang đo likert 5 mức khảo sát	0	thang đo likert 7 mức khảo sát	khao-sat	survey	instrument	thang-do-likert-5-muc-do; phieu-khao-sat; thiet-ke-bang-hoi; mau-phieu-khao-sat; thang-do-likert-7-muc-do		family-inferred
334	pls-predict-la-gi	pls predict là gì	0	pls predict bao nhiêu là tốt; pls sem trong spss; pls predict trong spss	smartpls	term-la-gi	sem	sem-la-gi; pls-sem; mo-hinh-sem; cb-sem-la-gi; bien-tiem-an-la-gi		family-inferred
335	ecsi-la-gi	ecsi là gì	0		mo-hinh-nghien-cuu	model-theory	service	mo-hinh-servqual; servqual; mo-hinh-servperf; mo-hinh-5-khoang-cach-chat-luong-dich-vu; 5-khoang-cach-chat-luong-dich-vu-la-gi		family-inferred
336	effect-size-la-gi	effect size là gì	0	effect size bao nhiêu là tốt; effect size trong spss	thong-ke	term-la-gi	inference	df-la-gi; khoang-tin-cay; muc-y-nghia-la-gi; bac-tu-do-la-gi; df-trong-spss		family-inferred
337	thiet-ke-bang-hoi-khao-sat	thiết kế bảng hỏi khảo sát	0		khao-sat	survey	instrument	thang-do-likert-5-muc-do; phieu-khao-sat; thiet-ke-bang-hoi; mau-phieu-khao-sat; thang-do-likert-7-muc-do		family-inferred
338	q-square-la-gi	q square là gì	0	q square bao nhiêu là tốt; q square trong spss	smartpls	term-la-gi	sem	sem-la-gi; pls-sem; mo-hinh-sem; cb-sem-la-gi; bien-tiem-an-la-gi		family-inferred
339	gia-tri-tieu-dung-la-gi	giá trị tiêu dùng là gì	0		mo-hinh-nghien-cuu	model-theory	behavior	mo-hinh-tpb; mo-hinh-tra; hanh-vi-du-dinh-la-gi; ly-thuyet-tpb; mo-hinh-tu-quyet		family-inferred
340	fornell-larcker-la-gi	fornell larcker là gì	0	fornell larcker bao nhiêu là tốt; fornell larcker trong spss	thong-ke	term-la-gi	validity	gia-tri-hoi-tu-la-gi; ave-trong-spss; construct-validity-la-gi; cross-loading-la-gi; gia-tri-be-mat-la-gi		family-inferred
341	thu-thap-du-lieu-so-cap	thu thập dữ liệu sơ cấp	0	thu thập dữ liệu sơ cấp là gì	khao-sat	survey	collection	phieu-khao-sat-online; form-khao-sat; gg-form-khao-sat; tao-form-khao-sat; google-form-khao-sat		family-inferred
342	r-square-trong-spss	r square trong spss	0		smartpls	term-la-gi	sem	sem-la-gi; pls-sem; mo-hinh-sem; cb-sem-la-gi; bien-tiem-an-la-gi		family-inferred
343	hanh-vi-du-dinh-la-gi	hành vi dự định là gì	0	hành động hợp lý là gì; hành vi người tiêu dùng là gì	mo-hinh-nghien-cuu	model-theory	behavior	mo-hinh-tpb; mo-hinh-tra; gia-tri-tieu-dung-la-gi; ly-thuyet-tpb; mo-hinh-tu-quyet		family-inferred
344	gia-thuyet-h0-la-gi	giả thuyết h0 là gì	0	giả thuyết h0 bao nhiêu là tốt; giả thuyết h0 trong spss; giả thuyết đối là gì; giả thuyết đối bao nhiêu là tốt; giả thuyết đối trong spss; giá trị tới hạn là gì; giá trị tới hạn bao nhiêu là tốt; giá trị tới hạn trong spss	thong-ke	term-la-gi	inference	df-la-gi; khoang-tin-cay; muc-y-nghia-la-gi; bac-tu-do-la-gi; df-trong-spss		family-inferred
345	tong-the-nghien-cuu-la-gi	tổng thể nghiên cứu là gì	0	tổng thể nghiên cứu bao nhiêu là tốt; tổng thể nghiên cứu trong spss	khao-sat	term-la-gi	sampling	co-mau-la-gi; co-mau-cua-mau-so-lieu-la-gi; tinh-co-mau; phuong-phap-chon-mau; chon-mau-ngau-nhien		family-inferred
346	rmsea-la-gi	rmsea là gì	0	rmsea bao nhiêu là tốt; rmsea trong spss	smartpls	term-la-gi	sem	sem-la-gi; pls-sem; mo-hinh-sem; cb-sem-la-gi; bien-tiem-an-la-gi		family-inferred
347	is-success-delone-mclean-la-gi	is success delone mclean là gì	0		mo-hinh-nghien-cuu	model-theory	technology	mo-hinh-tam; mo-hinh-chap-nhan-cong-nghe-tam; chap-nhan-cong-nghe-tam-la-gi; khuech-tan-doi-moi-la-gi; ky-vong-xac-nhan-ecm-la-gi		family-inferred
348	gia-tri-be-mat-la-gi	giá trị bề mặt là gì	0	giá trị bề mặt bao nhiêu là tốt; giá trị hội tụ trong spss; giá trị phân biệt trong spss; giá trị phân biệt bao nhiêu là tốt; giá trị nội dung là gì; giá trị nội dung bao nhiêu là tốt; giá trị nội dung trong spss; giá trị bề mặt trong spss	thong-ke	term-la-gi	validity	gia-tri-hoi-tu-la-gi; ave-trong-spss; construct-validity-la-gi; cross-loading-la-gi; fornell-larcker-la-gi		family-inferred
349	ty-le-phan-hoi	tỷ lệ phản hồi	0	tỷ lệ phản hồi là gì	khao-sat	survey	collection	phieu-khao-sat-online; form-khao-sat; gg-form-khao-sat; tao-form-khao-sat; google-form-khao-sat		family-inferred
350	sem-trong-spss	sem trong spss	0		smartpls	term-la-gi	sem	sem-la-gi; pls-sem; mo-hinh-sem; cb-sem-la-gi; bien-tiem-an-la-gi		family-inferred
351	kano-la-gi	kano là gì	0		mo-hinh-nghien-cuu	model-theory	service	mo-hinh-servqual; servqual; mo-hinh-servperf; mo-hinh-5-khoang-cach-chat-luong-dich-vu; 5-khoang-cach-chat-luong-dich-vu-la-gi		family-inferred
352	gia-tri-trung-binh-la-gi	giá trị trung bình là gì	0	giá trị trung bình bao nhiêu là tốt; giá trị trung bình trong spss	thong-ke	term-la-gi	descriptive	do-lech-chuan; phuong-sai; outlier; cong-thuc-tinh-phuong-sai; trung-vi		family-inferred
353	srmr-la-gi	srmr là gì	0	srmr bao nhiêu là tốt; srmr trong spss	smartpls	term-la-gi	sem	sem-la-gi; pls-sem; mo-hinh-sem; cb-sem-la-gi; bien-tiem-an-la-gi		family-inferred
354	khuech-tan-doi-moi-la-gi	khuếch tán đổi mới là gì	0		mo-hinh-nghien-cuu	model-theory	technology	mo-hinh-tam; mo-hinh-chap-nhan-cong-nghe-tam; chap-nhan-cong-nghe-tam-la-gi; is-success-delone-mclean-la-gi; ky-vong-xac-nhan-ecm-la-gi		family-inferred
355	hieu-chinh-bonferroni-la-gi	hiệu chỉnh bonferroni là gì	0	hiệu chỉnh bonferroni bao nhiêu là tốt; hiệu chỉnh bonferroni trong spss	thong-ke	term-la-gi	test-term	anova; t-test; kiem-dinh-t-test; bang-anova; one-factor-anova		family-inferred
356	thang-do-bac-hai-la-gi	thang đo bậc hai là gì	0	thang đo bậc hai bao nhiêu là tốt; thang đo bậc hai trong spss; thang đo cấu tạo là gì; thang đo cấu tạo bao nhiêu là tốt; thang đo cấu tạo trong spss; thang đo phản ánh là gì; thang đo phản ánh bao nhiêu là tốt; thang đo phản ánh trong spss	smartpls	term-la-gi	sem	sem-la-gi; pls-sem; mo-hinh-sem; cb-sem-la-gi; bien-tiem-an-la-gi		family-inferred
357	ky-vong-xac-nhan-ecm-la-gi	kỳ vọng xác nhận ecm là gì	0		mo-hinh-nghien-cuu	model-theory	technology	mo-hinh-tam; mo-hinh-chap-nhan-cong-nghe-tam; chap-nhan-cong-nghe-tam-la-gi; is-success-delone-mclean-la-gi; khuech-tan-doi-moi-la-gi		family-inferred
358	histogram-la-gi	histogram là gì	0	histogram bao nhiêu là tốt; histogram trong spss	thong-ke	term-la-gi	descriptive	do-lech-chuan; phuong-sai; outlier; cong-thuc-tinh-phuong-sai; trung-vi		family-inferred
359	tli-la-gi	tli là gì	0	tli bao nhiêu là tốt; tli trong spss	smartpls	term-la-gi	sem	sem-la-gi; pls-sem; mo-hinh-sem; cb-sem-la-gi; bien-tiem-an-la-gi		family-inferred
360	ly-thuyet-acsi	lý thuyết acsi	0	lý thuyết servqual; lý thuyết servperf; lý thuyết 5 khoảng cách chất lượng dịch vụ; lý thuyết chất lượng dịch vụ gronroos; lý thuyết e servqual; lý thuyết ecsi; lý thuyết kano; lý thuyết sự hài lòng khách hàng	mo-hinh-nghien-cuu	model-theory	service	mo-hinh-servqual; servqual; mo-hinh-servperf; mo-hinh-5-khoang-cach-chat-luong-dich-vu; 5-khoang-cach-chat-luong-dich-vu-la-gi		family-inferred
361	htmt-la-gi	htmt là gì	0	htmt bao nhiêu là tốt; htmt trong spss	thong-ke	term-la-gi	validity	gia-tri-hoi-tu-la-gi; ave-trong-spss; construct-validity-la-gi; cross-loading-la-gi; fornell-larcker-la-gi		family-inferred
362	ly-thuyet-bcg	lý thuyết bcg	0	lý thuyết 5 áp lực cạnh tranh porter; lý thuyết chuỗi giá trị porter; lý thuyết swot; lý thuyết balanced scorecard; lý thuyết nguồn lực rbv; lý thuyết thể chế; lý thuyết các bên liên quan; lý thuyết đại diện	mo-hinh-nghien-cuu	model-theory	strategy	mo-hinh-swot; mo-hinh-chuoi-gia-tri-porter; 5-ap-luc-canh-tranh-porter-la-gi; balanced-scorecard-la-gi; bcg-la-gi		family-inferred
363	khoang-bien-thien-la-gi	khoảng biến thiên là gì	0	khoảng biến thiên bao nhiêu là tốt; khoảng biến thiên trong spss	thong-ke	term-la-gi	descriptive	do-lech-chuan; phuong-sai; outlier; cong-thuc-tinh-phuong-sai; trung-vi		family-inferred
364	ly-thuyet-tam	lý thuyết tam	0	lý thuyết chấp nhận công nghệ tam; lý thuyết tam 2; lý thuyết tam 3; lý thuyết utaut; lý thuyết utaut2; lý thuyết toe; lý thuyết task technology fit; lý thuyết is success delone mclean	mo-hinh-nghien-cuu	model-theory	technology	mo-hinh-tam; mo-hinh-chap-nhan-cong-nghe-tam; chap-nhan-cong-nghe-tam-la-gi; is-success-delone-mclean-la-gi; khuech-tan-doi-moi-la-gi		family-inferred
365	khoang-tin-cay-trong-spss	khoảng tin cậy trong spss	0		thong-ke	term-la-gi	inference	df-la-gi; khoang-tin-cay; muc-y-nghia-la-gi; bac-tu-do-la-gi; df-trong-spss		family-inferred
366	ly-thuyet-tpb	lý thuyết tpb	0	lý thuyết tra; lý thuyết hành động hợp lý; lý thuyết hành vi dự định; lý thuyết hành vi người tiêu dùng; lý thuyết niềm tin sức khỏe; lý thuyết trao đổi xã hội; lý thuyết giá trị tiêu dùng; lý thuyết tự quyết	mo-hinh-nghien-cuu	model-theory	behavior	mo-hinh-tpb; mo-hinh-tra; gia-tri-tieu-dung-la-gi; hanh-vi-du-dinh-la-gi; mo-hinh-tu-quyet		family-inferred
367	kiem-dinh-hai-duoi-la-gi	kiểm định hai đuôi là gì	0	kiểm định hai đuôi bao nhiêu là tốt; kiểm định một đuôi là gì; kiểm định một đuôi bao nhiêu là tốt; kiểm định một đuôi trong spss; kiểm định hai đuôi trong spss; kiểm định giả thuyết là gì; kiểm định giả thuyết bao nhiêu là tốt; kiểm định giả thuyết trong spss	thong-ke	term-la-gi	inference	df-la-gi; khoang-tin-cay; muc-y-nghia-la-gi; bac-tu-do-la-gi; df-trong-spss		family-inferred
368	mo-hinh-acsi	mô hình acsi	0	mô hình chất lượng dịch vụ gronroos; mô hình e servqual; mô hình ecsi; mô hình kano; mô hình sự hài lòng khách hàng	mo-hinh-nghien-cuu	model-theory	service	mo-hinh-servqual; servqual; mo-hinh-servperf; mo-hinh-5-khoang-cach-chat-luong-dich-vu; 5-khoang-cach-chat-luong-dich-vu-la-gi		family-inferred
369	kiem-dinh-tukey-la-gi	kiểm định tukey là gì	0	kiểm định tukey bao nhiêu là tốt; kiểm định levene là gì; kiểm định levene bao nhiêu là tốt; kiểm định welch là gì; kiểm định welch bao nhiêu là tốt; kiểm định welch trong spss; kiểm định tukey trong spss; kiểm định tham số là gì	thong-ke	term-la-gi	test-term	anova; t-test; kiem-dinh-t-test; bang-anova; one-factor-anova		family-inferred
370	mo-hinh-bcg	mô hình bcg	0	mô hình balanced scorecard; mô hình nguồn lực rbv; mô hình thể chế; mô hình các bên liên quan; mô hình đại diện	mo-hinh-nghien-cuu	model-theory	strategy	mo-hinh-swot; mo-hinh-chuoi-gia-tri-porter; 5-ap-luc-canh-tranh-porter-la-gi; balanced-scorecard-la-gi; bcg-la-gi		family-inferred
371	kolmogorov-smirnov-la-gi	kolmogorov smirnov là gì	0	kolmogorov smirnov bao nhiêu là tốt; kolmogorov smirnov trong spss	thong-ke	term-la-gi	test-term	anova; t-test; kiem-dinh-t-test; bang-anova; one-factor-anova		family-inferred
372	mo-hinh-toe	mô hình toe	0	mô hình tam 3; mô hình utaut; mô hình utaut2; mô hình task technology fit; mô hình is success delone mclean; mô hình khuếch tán đổi mới; mô hình kỳ vọng xác nhận ecm; mô hình nhận thức rủi ro tpr	mo-hinh-nghien-cuu	model-theory	technology	mo-hinh-tam; mo-hinh-chap-nhan-cong-nghe-tam; chap-nhan-cong-nghe-tam-la-gi; is-success-delone-mclean-la-gi; khuech-tan-doi-moi-la-gi		family-inferred
373	kruskal-wallis-la-gi	kruskal wallis là gì	0	kruskal wallis bao nhiêu là tốt	thong-ke	term-la-gi	test-term	anova; t-test; kiem-dinh-t-test; bang-anova; one-factor-anova		family-inferred
374	mo-hinh-tu-quyet	mô hình tự quyết	0	mô hình hành vi dự định; mô hình hành vi người tiêu dùng; mô hình niềm tin sức khỏe; mô hình trao đổi xã hội; mô hình giá trị tiêu dùng	mo-hinh-nghien-cuu	model-theory	behavior	mo-hinh-tpb; mo-hinh-tra; gia-tri-tieu-dung-la-gi; hanh-vi-du-dinh-la-gi; ly-thuyet-tpb		family-inferred
375	kurtosis-trong-spss	kurtosis trong spss	0		thong-ke	term-la-gi	descriptive	do-lech-chuan; phuong-sai; outlier; cong-thuc-tinh-phuong-sai; trung-vi		family-inferred
376	nguon-luc-rbv-la-gi	nguồn lực rbv là gì	0		mo-hinh-nghien-cuu	model-theory	strategy	mo-hinh-swot; mo-hinh-chuoi-gia-tri-porter; 5-ap-luc-canh-tranh-porter-la-gi; balanced-scorecard-la-gi; bcg-la-gi		family-inferred
377	mann-whitney-la-gi	mann whitney là gì	0	mann whitney bao nhiêu là tốt	thong-ke	term-la-gi	test-term	anova; t-test; kiem-dinh-t-test; bang-anova; one-factor-anova		family-inferred
378	nhan-thuc-rui-ro-tpr-la-gi	nhận thức rủi ro tpr là gì	0		mo-hinh-nghien-cuu	model-theory	technology	mo-hinh-tam; mo-hinh-chap-nhan-cong-nghe-tam; chap-nhan-cong-nghe-tam-la-gi; is-success-delone-mclean-la-gi; khuech-tan-doi-moi-la-gi		family-inferred
379	manova-la-gi	manova là gì	0	manova bao nhiêu là tốt	thong-ke	term-la-gi	test-term	anova; t-test; kiem-dinh-t-test; bang-anova; one-factor-anova		family-inferred
380	niem-tin-suc-khoe-la-gi	niềm tin sức khỏe là gì	0		mo-hinh-nghien-cuu	model-theory	behavior	mo-hinh-tpb; mo-hinh-tra; gia-tri-tieu-dung-la-gi; hanh-vi-du-dinh-la-gi; ly-thuyet-tpb		family-inferred
381	missing-value-la-gi	missing value là gì	0	missing value bao nhiêu là tốt; missing value trong spss	thong-ke	term-la-gi	descriptive	do-lech-chuan; phuong-sai; outlier; cong-thuc-tinh-phuong-sai; trung-vi		family-inferred
382	process-macro-la-gi	process macro là gì	0	process macro bao nhiêu là tốt; cách chạy process macro trung gian trong spss; process macro trung gian trong spss; cách chạy process macro điều tiết trong spss; process macro điều tiết trong spss; process macro trong spss	mo-hinh-nghien-cuu	term-la-gi	mediation	bien-kiem-soat-la-gi; bien-trung-gian-la-gi; bootstrap-trung-gian-trong-spss; bien-doc-lap-la-gi; phan-tich-sobel-test-spss		family-inferred
383	mode-trong-thong-ke-la-gi	mode trong thống kê là gì	0	mode trong thống kê bao nhiêu là tốt; mode trong thống kê trong spss	thong-ke	term-la-gi	descriptive	do-lech-chuan; phuong-sai; outlier; cong-thuc-tinh-phuong-sai; trung-vi		family-inferred
384	servperf-la-gi	servperf là gì	0		mo-hinh-nghien-cuu	model-theory	service	mo-hinh-servqual; servqual; mo-hinh-servperf; mo-hinh-5-khoang-cach-chat-luong-dich-vu; 5-khoang-cach-chat-luong-dich-vu-la-gi		family-inferred
385	muc-y-nghia-trong-spss	mức ý nghĩa trong spss	0		thong-ke	term-la-gi	inference	df-la-gi; khoang-tin-cay; muc-y-nghia-la-gi; bac-tu-do-la-gi; df-trong-spss		family-inferred
386	sobel-test-la-gi	sobel test là gì	0	sobel test bao nhiêu là tốt; cách chạy sobel test trong spss; sobel test trong spss	mo-hinh-nghien-cuu	term-la-gi	mediation	bien-kiem-soat-la-gi; bien-trung-gian-la-gi; bootstrap-trung-gian-trong-spss; bien-doc-lap-la-gi; phan-tich-sobel-test-spss		family-inferred
387	outlier-trong-spss	outlier trong spss	0		thong-ke	term-la-gi	descriptive	do-lech-chuan; phuong-sai; outlier; cong-thuc-tinh-phuong-sai; trung-vi		family-inferred
388	swot-la-gi	swot là gì	0		mo-hinh-nghien-cuu	model-theory	strategy	mo-hinh-swot; mo-hinh-chuoi-gia-tri-porter; 5-ap-luc-canh-tranh-porter-la-gi; balanced-scorecard-la-gi; bcg-la-gi		family-inferred
389	p-value-trong-spss	p value trong spss	0		thong-ke	term-la-gi	inference	df-la-gi; khoang-tin-cay; muc-y-nghia-la-gi; bac-tu-do-la-gi; df-trong-spss		family-inferred
390	tac-dong-gian-tiep-la-gi	tác động gián tiếp là gì	0	tác động gián tiếp bao nhiêu là tốt; tác động trực tiếp là gì; tác động trực tiếp bao nhiêu là tốt; tác động trực tiếp trong spss; tác động gián tiếp trong spss	mo-hinh-nghien-cuu	term-la-gi	mediation	bien-kiem-soat-la-gi; bien-trung-gian-la-gi; bootstrap-trung-gian-trong-spss; bien-doc-lap-la-gi; phan-tich-sobel-test-spss		family-inferred
391	phan-phoi-chuan-la-gi	phân phối chuẩn là gì	0	phân phối chuẩn bao nhiêu là tốt; phân tích thống kê mô tả spss; phân tích bảng tần số spss; phân tích bảng chéo crosstabs spss; phân tích thống kê nhân khẩu học spss; phân tích biểu đồ histogram spss; phân tích biểu đồ boxplot spss; phân tích biểu đồ scatter spss	thong-ke	term-la-gi	descriptive	do-lech-chuan; phuong-sai; outlier; cong-thuc-tinh-phuong-sai; trung-vi		family-inferred
392	tam-la-gi	tam là gì	0	tam 2 là gì; tam 3 là gì	mo-hinh-nghien-cuu	model-theory	technology	mo-hinh-tam; mo-hinh-chap-nhan-cong-nghe-tam; chap-nhan-cong-nghe-tam-la-gi; is-success-delone-mclean-la-gi; khuech-tan-doi-moi-la-gi		family-inferred
393	phan-phoi-t-la-gi	phân phối t là gì	0	phân phối t bao nhiêu là tốt; phân phối t trong spss; phân phối chi bình phương là gì; phân phối chi bình phương bao nhiêu là tốt; phân phối chi bình phương trong spss	thong-ke	term-la-gi	inference	df-la-gi; khoang-tin-cay; muc-y-nghia-la-gi; bac-tu-do-la-gi; df-trong-spss		family-inferred
394	task-technology-fit-la-gi	task technology fit là gì	0		mo-hinh-nghien-cuu	model-theory	technology	mo-hinh-tam; mo-hinh-chap-nhan-cong-nghe-tam; chap-nhan-cong-nghe-tam-la-gi; is-success-delone-mclean-la-gi; khuech-tan-doi-moi-la-gi		family-inferred
395	phuong-sai-trich-ave-la-gi	phương sai trích ave là gì	0	phương sai trích ave bao nhiêu là tốt; phương sai trích ave trong spss	thong-ke	term-la-gi	validity	gia-tri-hoi-tu-la-gi; ave-trong-spss; construct-validity-la-gi; cross-loading-la-gi; fornell-larcker-la-gi		family-inferred
396	the-che-la-gi	thể chế là gì	0		mo-hinh-nghien-cuu	model-theory	strategy	mo-hinh-swot; mo-hinh-chuoi-gia-tri-porter; 5-ap-luc-canh-tranh-porter-la-gi; balanced-scorecard-la-gi; bcg-la-gi		family-inferred
397	phuong-sai-trong-spss	phương sai trong spss	0		thong-ke	term-la-gi	descriptive	do-lech-chuan; phuong-sai; outlier; cong-thuc-tinh-phuong-sai; trung-vi		family-inferred
398	toe-la-gi	toe là gì	0		mo-hinh-nghien-cuu	model-theory	technology	mo-hinh-tam; mo-hinh-chap-nhan-cong-nghe-tam; chap-nhan-cong-nghe-tam-la-gi; is-success-delone-mclean-la-gi; khuech-tan-doi-moi-la-gi		family-inferred
399	post-hoc-la-gi	post hoc là gì	0	post hoc bao nhiêu là tốt; post hoc trong spss	thong-ke	term-la-gi	test-term	anova; t-test; kiem-dinh-t-test; bang-anova; one-factor-anova		family-inferred
400	tong-tac-dong-la-gi	tổng tác động là gì	0	tổng tác động bao nhiêu là tốt; tổng tác động trong spss	mo-hinh-nghien-cuu	term-la-gi	mediation	bien-kiem-soat-la-gi; bien-trung-gian-la-gi; bootstrap-trung-gian-trong-spss; bien-doc-lap-la-gi; phan-tich-sobel-test-spss		family-inferred
401	power-cua-kiem-dinh-la-gi	power của kiểm định là gì	0	power của kiểm định bao nhiêu là tốt; power của kiểm định trong spss	thong-ke	term-la-gi	inference	df-la-gi; khoang-tin-cay; muc-y-nghia-la-gi; bac-tu-do-la-gi; df-trong-spss		family-inferred
402	tpb-la-gi	tpb là gì	0		mo-hinh-nghien-cuu	model-theory	behavior	mo-hinh-tpb; mo-hinh-tra; gia-tri-tieu-dung-la-gi; hanh-vi-du-dinh-la-gi; ly-thuyet-tpb		family-inferred
403	rho-a-la-gi	rho a là gì	0	rho a bao nhiêu là tốt; rho a trong spss	thong-ke	term-la-gi	reliability	cronbach-alpha; cronbach-alpha-trong-spss; item-total-correlation-nho-hon-0-3-phai-lam-sao; kiem-dinh-do-tin-cay-thang-do-trong-spss; composite-reliability-la-gi		family-inferred
404	tra-la-gi	tra là gì	0		mo-hinh-nghien-cuu	model-theory	behavior	mo-hinh-tpb; mo-hinh-tra; gia-tri-tieu-dung-la-gi; hanh-vi-du-dinh-la-gi; ly-thuyet-tpb		family-inferred
405	sai-lam-loai-1-la-gi	sai lầm loại 1 là gì	0	sai lầm loại 1 bao nhiêu là tốt; sai lầm loại 1 trong spss; sai lầm loại 2 là gì; sai lầm loại 2 bao nhiêu là tốt; sai lầm loại 2 trong spss	thong-ke	term-la-gi	inference	df-la-gi; khoang-tin-cay; muc-y-nghia-la-gi; bac-tu-do-la-gi; df-trong-spss		family-inferred
406	trao-doi-xa-hoi-la-gi	trao đổi xã hội là gì	0		mo-hinh-nghien-cuu	model-theory	behavior	mo-hinh-tpb; mo-hinh-tra; gia-tri-tieu-dung-la-gi; hanh-vi-du-dinh-la-gi; ly-thuyet-tpb		family-inferred
407	shapiro-wilk-la-gi	shapiro wilk là gì	0	shapiro wilk bao nhiêu là tốt; shapiro wilk trong spss	thong-ke	term-la-gi	test-term	anova; t-test; kiem-dinh-t-test; bang-anova; one-factor-anova		family-inferred
408	trung-gian-mot-phan-la-gi	trung gian một phần là gì	0	trung gian một phần bao nhiêu là tốt; trung gian toàn phần là gì; trung gian toàn phần bao nhiêu là tốt; trung gian toàn phần trong spss; trung gian một phần trong spss	mo-hinh-nghien-cuu	term-la-gi	mediation	bien-kiem-soat-la-gi; bien-trung-gian-la-gi; bootstrap-trung-gian-trong-spss; bien-doc-lap-la-gi; phan-tich-sobel-test-spss		family-inferred
409	skewness-trong-spss	skewness trong spss	0		thong-ke	term-la-gi	descriptive	do-lech-chuan; phuong-sai; outlier; cong-thuc-tinh-phuong-sai; trung-vi		family-inferred
410	tu-quyet-la-gi	tự quyết là gì	0		mo-hinh-nghien-cuu	model-theory	behavior	mo-hinh-tpb; mo-hinh-tra; gia-tri-tieu-dung-la-gi; hanh-vi-du-dinh-la-gi; ly-thuyet-tpb		family-inferred
411	split-half-reliability-la-gi	split half reliability là gì	0	split half reliability bao nhiêu là tốt; split half reliability trong spss	thong-ke	term-la-gi	reliability	cronbach-alpha; cronbach-alpha-trong-spss; item-total-correlation-nho-hon-0-3-phai-lam-sao; kiem-dinh-do-tin-cay-thang-do-trong-spss; composite-reliability-la-gi		family-inferred
412	utaut-la-gi	utaut là gì	0		mo-hinh-nghien-cuu	model-theory	technology	mo-hinh-tam; mo-hinh-chap-nhan-cong-nghe-tam; chap-nhan-cong-nghe-tam-la-gi; is-success-delone-mclean-la-gi; khuech-tan-doi-moi-la-gi		family-inferred
413	t-test-trong-spss	t test trong spss	0		thong-ke	term-la-gi	test-term	anova; t-test; kiem-dinh-t-test; bang-anova; one-factor-anova		family-inferred
414	utaut2-la-gi	utaut2 là gì	0		mo-hinh-nghien-cuu	model-theory	technology	mo-hinh-tam; mo-hinh-chap-nhan-cong-nghe-tam; chap-nhan-cong-nghe-tam-la-gi; is-success-delone-mclean-la-gi; khuech-tan-doi-moi-la-gi		family-inferred
415	tan-so-la-gi	tần số là gì	0	tần số bao nhiêu là tốt; tần số trong spss	thong-ke	term-la-gi	descriptive	do-lech-chuan; phuong-sai; outlier; cong-thuc-tinh-phuong-sai; trung-vi		family-inferred
416	vaf-la-gi	vaf là gì	0	vaf bao nhiêu là tốt; vaf trong spss	mo-hinh-nghien-cuu	term-la-gi	mediation	bien-kiem-soat-la-gi; bien-trung-gian-la-gi; bootstrap-trung-gian-trong-spss; bien-doc-lap-la-gi; phan-tich-sobel-test-spss		family-inferred
417	test-retest-reliability-la-gi	test retest reliability là gì	0	test retest reliability bao nhiêu là tốt; test retest reliability trong spss	thong-ke	term-la-gi	reliability	cronbach-alpha; cronbach-alpha-trong-spss; item-total-correlation-nho-hon-0-3-phai-lam-sao; kiem-dinh-do-tin-cay-thang-do-trong-spss; composite-reliability-la-gi		family-inferred
418	trung-vi-trong-spss	trung vị trong spss	0		thong-ke	term-la-gi	descriptive	do-lech-chuan; phuong-sai; outlier; cong-thuc-tinh-phuong-sai; trung-vi		family-inferred
419	tu-phan-vi-la-gi	tứ phân vị là gì	0	tứ phân vị bao nhiêu là tốt; tứ phân vị trong spss	thong-ke	term-la-gi	descriptive	do-lech-chuan; phuong-sai; outlier; cong-thuc-tinh-phuong-sai; trung-vi		family-inferred
420	wilcoxon-la-gi	wilcoxon là gì	0	wilcoxon bao nhiêu là tốt	thong-ke	term-la-gi	test-term	anova; t-test; kiem-dinh-t-test; bang-anova; one-factor-anova		family-inferred
421	z-score-la-gi	z score là gì	0	z score bao nhiêu là tốt; z score trong spss	thong-ke	term-la-gi	descriptive	do-lech-chuan; phuong-sai; outlier; cong-thuc-tinh-phuong-sai; trung-vi		family-inferred
