keyword	axis	unit	family	category	archetype
thang đo sự hài lòng khách hàng	construct-scale	su-hai-long-khach-hang	satisfaction	mo-hinh-nghien-cuu	scale
sự hài lòng khách hàng là gì	construct-scale	su-hai-long-khach-hang	satisfaction	mo-hinh-nghien-cuu	scale
thang đo sự hài lòng công việc	construct-scale	su-hai-long-cong-viec	satisfaction	mo-hinh-nghien-cuu	scale
sự hài lòng công việc là gì	construct-scale	su-hai-long-cong-viec	satisfaction	mo-hinh-nghien-cuu	scale
thang đo sự hài lòng sinh viên	construct-scale	su-hai-long-sinh-vien	satisfaction	mo-hinh-nghien-cuu	scale
sự hài lòng sinh viên là gì	construct-scale	su-hai-long-sinh-vien	satisfaction	mo-hinh-nghien-cuu	scale
thang đo sự hài lòng du khách	construct-scale	su-hai-long-du-khach	satisfaction	mo-hinh-nghien-cuu	scale
sự hài lòng du khách là gì	construct-scale	su-hai-long-du-khach	satisfaction	mo-hinh-nghien-cuu	scale
thang đo lòng trung thành khách hàng	construct-scale	long-trung-thanh-khach-hang	loyalty	mo-hinh-nghien-cuu	scale
lòng trung thành khách hàng là gì	construct-scale	long-trung-thanh-khach-hang	loyalty	mo-hinh-nghien-cuu	scale
thang đo lòng trung thành thương hiệu	construct-scale	long-trung-thanh-thuong-hieu	loyalty	mo-hinh-nghien-cuu	scale
lòng trung thành thương hiệu là gì	construct-scale	long-trung-thanh-thuong-hieu	loyalty	mo-hinh-nghien-cuu	scale
thang đo ý định quay lại	construct-scale	y-dinh-quay-lai	loyalty	mo-hinh-nghien-cuu	scale
ý định quay lại là gì	construct-scale	y-dinh-quay-lai	loyalty	mo-hinh-nghien-cuu	scale
thang đo ý định truyền miệng	construct-scale	y-dinh-truyen-mieng	loyalty	mo-hinh-nghien-cuu	scale
ý định truyền miệng là gì	construct-scale	y-dinh-truyen-mieng	loyalty	mo-hinh-nghien-cuu	scale
thang đo chi phí chuyển đổi	construct-scale	chi-phi-chuyen-doi	loyalty	mo-hinh-nghien-cuu	scale
chi phí chuyển đổi là gì	construct-scale	chi-phi-chuyen-doi	loyalty	mo-hinh-nghien-cuu	scale
thang đo rào cản chuyển đổi	construct-scale	rao-can-chuyen-doi	loyalty	mo-hinh-nghien-cuu	scale
rào cản chuyển đổi là gì	construct-scale	rao-can-chuyen-doi	loyalty	mo-hinh-nghien-cuu	scale
thang đo ý định mua	construct-scale	y-dinh-mua	intention	mo-hinh-nghien-cuu	scale
ý định mua là gì	construct-scale	y-dinh-mua	intention	mo-hinh-nghien-cuu	scale
thang đo ý định mua lại	construct-scale	y-dinh-mua-lai	intention	mo-hinh-nghien-cuu	scale
ý định mua lại là gì	construct-scale	y-dinh-mua-lai	intention	mo-hinh-nghien-cuu	scale
thang đo ý định sử dụng	construct-scale	y-dinh-su-dung	intention	mo-hinh-nghien-cuu	scale
ý định sử dụng là gì	construct-scale	y-dinh-su-dung	intention	mo-hinh-nghien-cuu	scale
thang đo ý định hành vi	construct-scale	y-dinh-hanh-vi	intention	mo-hinh-nghien-cuu	scale
ý định hành vi là gì	construct-scale	y-dinh-hanh-vi	intention	mo-hinh-nghien-cuu	scale
thang đo quyết định mua	construct-scale	quyet-dinh-mua	intention	mo-hinh-nghien-cuu	scale
quyết định mua là gì	construct-scale	quyet-dinh-mua	intention	mo-hinh-nghien-cuu	scale
thang đo hành vi mua ngẫu hứng	construct-scale	hanh-vi-mua-ngau-hung	intention	mo-hinh-nghien-cuu	scale
hành vi mua ngẫu hứng là gì	construct-scale	hanh-vi-mua-ngau-hung	intention	mo-hinh-nghien-cuu	scale
thang đo ý định tiếp tục sử dụng	construct-scale	y-dinh-tiep-tuc-su-dung	intention	mo-hinh-nghien-cuu	scale
ý định tiếp tục sử dụng là gì	construct-scale	y-dinh-tiep-tuc-su-dung	intention	mo-hinh-nghien-cuu	scale
thang đo ý định mua sản phẩm xanh	construct-scale	y-dinh-mua-san-pham-xanh	intention	mo-hinh-nghien-cuu	scale
ý định mua sản phẩm xanh là gì	construct-scale	y-dinh-mua-san-pham-xanh	intention	mo-hinh-nghien-cuu	scale
thang đo ý định khởi nghiệp	construct-scale	y-dinh-khoi-nghiep	intention	mo-hinh-nghien-cuu	scale
ý định khởi nghiệp là gì	construct-scale	y-dinh-khoi-nghiep	intention	mo-hinh-nghien-cuu	scale
thang đo nhận biết thương hiệu	construct-scale	nhan-biet-thuong-hieu	brand	mo-hinh-nghien-cuu	scale
nhận biết thương hiệu là gì	construct-scale	nhan-biet-thuong-hieu	brand	mo-hinh-nghien-cuu	scale
thang đo hình ảnh thương hiệu	construct-scale	hinh-anh-thuong-hieu	brand	mo-hinh-nghien-cuu	scale
hình ảnh thương hiệu là gì	construct-scale	hinh-anh-thuong-hieu	brand	mo-hinh-nghien-cuu	scale
thang đo giá trị thương hiệu	construct-scale	gia-tri-thuong-hieu	brand	mo-hinh-nghien-cuu	scale
giá trị thương hiệu là gì	construct-scale	gia-tri-thuong-hieu	brand	mo-hinh-nghien-cuu	scale
thang đo tình yêu thương hiệu	construct-scale	tinh-yeu-thuong-hieu	brand	mo-hinh-nghien-cuu	scale
tình yêu thương hiệu là gì	construct-scale	tinh-yeu-thuong-hieu	brand	mo-hinh-nghien-cuu	scale
thang đo uy tín thương hiệu	construct-scale	uy-tin-thuong-hieu	brand	mo-hinh-nghien-cuu	scale
uy tín thương hiệu là gì	construct-scale	uy-tin-thuong-hieu	brand	mo-hinh-nghien-cuu	scale
thang đo chất lượng dịch vụ	construct-scale	chat-luong-dich-vu	quality	mo-hinh-nghien-cuu	scale
chất lượng dịch vụ là gì	construct-scale	chat-luong-dich-vu	quality	mo-hinh-nghien-cuu	scale
thang đo chất lượng sản phẩm	construct-scale	chat-luong-san-pham	quality	mo-hinh-nghien-cuu	scale
chất lượng sản phẩm là gì	construct-scale	chat-luong-san-pham	quality	mo-hinh-nghien-cuu	scale
thang đo chất lượng cảm nhận	construct-scale	chat-luong-cam-nhan	quality	mo-hinh-nghien-cuu	scale
chất lượng cảm nhận là gì	construct-scale	chat-luong-cam-nhan	quality	mo-hinh-nghien-cuu	scale
thang đo chất lượng thông tin	construct-scale	chat-luong-thong-tin	quality	mo-hinh-nghien-cuu	scale
chất lượng thông tin là gì	construct-scale	chat-luong-thong-tin	quality	mo-hinh-nghien-cuu	scale
thang đo chất lượng hệ thống	construct-scale	chat-luong-he-thong	quality	mo-hinh-nghien-cuu	scale
chất lượng hệ thống là gì	construct-scale	chat-luong-he-thong	quality	mo-hinh-nghien-cuu	scale
thang đo chất lượng dịch vụ điện tử	construct-scale	chat-luong-dich-vu-dien-tu	quality	mo-hinh-nghien-cuu	scale
chất lượng dịch vụ điện tử là gì	construct-scale	chat-luong-dich-vu-dien-tu	quality	mo-hinh-nghien-cuu	scale
thang đo chất lượng đào tạo	construct-scale	chat-luong-dao-tao	quality	mo-hinh-nghien-cuu	scale
chất lượng đào tạo là gì	construct-scale	chat-luong-dao-tao	quality	mo-hinh-nghien-cuu	scale
thang đo sự tin cậy	construct-scale	su-tin-cay	quality	mo-hinh-nghien-cuu	scale
sự tin cậy là gì	construct-scale	su-tin-cay	quality	mo-hinh-nghien-cuu	scale
thang đo sự đáp ứng	construct-scale	su-dap-ung	quality	mo-hinh-nghien-cuu	scale
sự đáp ứng là gì	construct-scale	su-dap-ung	quality	mo-hinh-nghien-cuu	scale
thang đo năng lực phục vụ	construct-scale	nang-luc-phuc-vu	quality	mo-hinh-nghien-cuu	scale
năng lực phục vụ là gì	construct-scale	nang-luc-phuc-vu	quality	mo-hinh-nghien-cuu	scale
thang đo sự đồng cảm	construct-scale	su-dong-cam	quality	mo-hinh-nghien-cuu	scale
sự đồng cảm là gì	construct-scale	su-dong-cam	quality	mo-hinh-nghien-cuu	scale
thang đo phương tiện hữu hình	construct-scale	phuong-tien-huu-hinh	quality	mo-hinh-nghien-cuu	scale
phương tiện hữu hình là gì	construct-scale	phuong-tien-huu-hinh	quality	mo-hinh-nghien-cuu	scale
thang đo giá cả cảm nhận	construct-scale	gia-ca-cam-nhan	value	mo-hinh-nghien-cuu	scale
giá cả cảm nhận là gì	construct-scale	gia-ca-cam-nhan	value	mo-hinh-nghien-cuu	scale
thang đo giá trị cảm nhận	construct-scale	gia-tri-cam-nhan	value	mo-hinh-nghien-cuu	scale
giá trị cảm nhận là gì	construct-scale	gia-tri-cam-nhan	value	mo-hinh-nghien-cuu	scale
thang đo giá trị hưởng thụ	construct-scale	gia-tri-huong-thu	value	mo-hinh-nghien-cuu	scale
giá trị hưởng thụ là gì	construct-scale	gia-tri-huong-thu	value	mo-hinh-nghien-cuu	scale
thang đo giá trị thực dụng	construct-scale	gia-tri-thuc-dung	value	mo-hinh-nghien-cuu	scale
giá trị thực dụng là gì	construct-scale	gia-tri-thuc-dung	value	mo-hinh-nghien-cuu	scale
thang đo sự thuận tiện	construct-scale	su-thuan-tien	value	mo-hinh-nghien-cuu	scale
sự thuận tiện là gì	construct-scale	su-thuan-tien	value	mo-hinh-nghien-cuu	scale
thang đo khuyến mãi	construct-scale	khuyen-mai	value	mo-hinh-nghien-cuu	scale
khuyến mãi là gì	construct-scale	khuyen-mai	value	mo-hinh-nghien-cuu	scale
thang đo tính hữu ích cảm nhận	construct-scale	tinh-huu-ich-cam-nhan	tam-construct	mo-hinh-nghien-cuu	scale
tính hữu ích cảm nhận là gì	construct-scale	tinh-huu-ich-cam-nhan	tam-construct	mo-hinh-nghien-cuu	scale
thang đo tính dễ sử dụng cảm nhận	construct-scale	tinh-de-su-dung-cam-nhan	tam-construct	mo-hinh-nghien-cuu	scale
tính dễ sử dụng cảm nhận là gì	construct-scale	tinh-de-su-dung-cam-nhan	tam-construct	mo-hinh-nghien-cuu	scale
thang đo thái độ	construct-scale	thai-do	tam-construct	mo-hinh-nghien-cuu	scale
thái độ là gì	construct-scale	thai-do	tam-construct	mo-hinh-nghien-cuu	scale
thang đo chuẩn chủ quan	construct-scale	chuan-chu-quan	tam-construct	mo-hinh-nghien-cuu	scale
chuẩn chủ quan là gì	construct-scale	chuan-chu-quan	tam-construct	mo-hinh-nghien-cuu	scale
thang đo nhận thức kiểm soát hành vi	construct-scale	nhan-thuc-kiem-soat-hanh-vi	tam-construct	mo-hinh-nghien-cuu	scale
nhận thức kiểm soát hành vi là gì	construct-scale	nhan-thuc-kiem-soat-hanh-vi	tam-construct	mo-hinh-nghien-cuu	scale
thang đo ảnh hưởng xã hội	construct-scale	anh-huong-xa-hoi	tam-construct	mo-hinh-nghien-cuu	scale
ảnh hưởng xã hội là gì	construct-scale	anh-huong-xa-hoi	tam-construct	mo-hinh-nghien-cuu	scale
thang đo điều kiện thuận lợi	construct-scale	dieu-kien-thuan-loi	tam-construct	mo-hinh-nghien-cuu	scale
điều kiện thuận lợi là gì	construct-scale	dieu-kien-thuan-loi	tam-construct	mo-hinh-nghien-cuu	scale
thang đo kỳ vọng nỗ lực	construct-scale	ky-vong-no-luc	tam-construct	mo-hinh-nghien-cuu	scale
kỳ vọng nỗ lực là gì	construct-scale	ky-vong-no-luc	tam-construct	mo-hinh-nghien-cuu	scale
thang đo kỳ vọng hiệu quả	construct-scale	ky-vong-hieu-qua	tam-construct	mo-hinh-nghien-cuu	scale
kỳ vọng hiệu quả là gì	construct-scale	ky-vong-hieu-qua	tam-construct	mo-hinh-nghien-cuu	scale
thang đo động lực hưởng thụ	construct-scale	dong-luc-huong-thu	tam-construct	mo-hinh-nghien-cuu	scale
động lực hưởng thụ là gì	construct-scale	dong-luc-huong-thu	tam-construct	mo-hinh-nghien-cuu	scale
thang đo thói quen	construct-scale	thoi-quen	tam-construct	mo-hinh-nghien-cuu	scale
thói quen là gì	construct-scale	thoi-quen	tam-construct	mo-hinh-nghien-cuu	scale
thang đo giá trị giá cả	construct-scale	gia-tri-gia-ca	tam-construct	mo-hinh-nghien-cuu	scale
giá trị giá cả là gì	construct-scale	gia-tri-gia-ca	tam-construct	mo-hinh-nghien-cuu	scale
thang đo tính tương thích	construct-scale	tinh-tuong-thich	tam-construct	mo-hinh-nghien-cuu	scale
tính tương thích là gì	construct-scale	tinh-tuong-thich	tam-construct	mo-hinh-nghien-cuu	scale
thang đo sự thích thú cảm nhận	construct-scale	su-thich-thu-cam-nhan	tam-construct	mo-hinh-nghien-cuu	scale
sự thích thú cảm nhận là gì	construct-scale	su-thich-thu-cam-nhan	tam-construct	mo-hinh-nghien-cuu	scale
thang đo niềm tin	construct-scale	niem-tin	trust	mo-hinh-nghien-cuu	scale
niềm tin là gì	construct-scale	niem-tin	trust	mo-hinh-nghien-cuu	scale
thang đo rủi ro cảm nhận	construct-scale	rui-ro-cam-nhan	trust	mo-hinh-nghien-cuu	scale
rủi ro cảm nhận là gì	construct-scale	rui-ro-cam-nhan	trust	mo-hinh-nghien-cuu	scale
thang đo an toàn bảo mật	construct-scale	an-toan-bao-mat	trust	mo-hinh-nghien-cuu	scale
an toàn bảo mật là gì	construct-scale	an-toan-bao-mat	trust	mo-hinh-nghien-cuu	scale
thang đo quyền riêng tư	construct-scale	quyen-rieng-tu	trust	mo-hinh-nghien-cuu	scale
quyền riêng tư là gì	construct-scale	quyen-rieng-tu	trust	mo-hinh-nghien-cuu	scale
thang đo sự hoài nghi	construct-scale	su-hoai-nghi	trust	mo-hinh-nghien-cuu	scale
sự hoài nghi là gì	construct-scale	su-hoai-nghi	trust	mo-hinh-nghien-cuu	scale
thang đo động lực làm việc	construct-scale	dong-luc-lam-viec	hrm	mo-hinh-nghien-cuu	scale
động lực làm việc là gì	construct-scale	dong-luc-lam-viec	hrm	mo-hinh-nghien-cuu	scale
thang đo cam kết tổ chức	construct-scale	cam-ket-to-chuc	hrm	mo-hinh-nghien-cuu	scale
cam kết tổ chức là gì	construct-scale	cam-ket-to-chuc	hrm	mo-hinh-nghien-cuu	scale
thang đo gắn kết công việc	construct-scale	gan-ket-cong-viec	hrm	mo-hinh-nghien-cuu	scale
gắn kết công việc là gì	construct-scale	gan-ket-cong-viec	hrm	mo-hinh-nghien-cuu	scale
thang đo căng thẳng công việc	construct-scale	cang-thang-cong-viec	hrm	mo-hinh-nghien-cuu	scale
căng thẳng công việc là gì	construct-scale	cang-thang-cong-viec	hrm	mo-hinh-nghien-cuu	scale
thang đo kiệt sức nghề nghiệp	construct-scale	kiet-suc-nghe-nghiep	hrm	mo-hinh-nghien-cuu	scale
kiệt sức nghề nghiệp là gì	construct-scale	kiet-suc-nghe-nghiep	hrm	mo-hinh-nghien-cuu	scale
thang đo ý định nghỉ việc	construct-scale	y-dinh-nghi-viec	hrm	mo-hinh-nghien-cuu	scale
ý định nghỉ việc là gì	construct-scale	y-dinh-nghi-viec	hrm	mo-hinh-nghien-cuu	scale
thang đo hiệu quả công việc	construct-scale	hieu-qua-cong-viec	hrm	mo-hinh-nghien-cuu	scale
hiệu quả công việc là gì	construct-scale	hieu-qua-cong-viec	hrm	mo-hinh-nghien-cuu	scale
thang đo hành vi công dân tổ chức	construct-scale	hanh-vi-cong-dan-to-chuc	hrm	mo-hinh-nghien-cuu	scale
hành vi công dân tổ chức là gì	construct-scale	hanh-vi-cong-dan-to-chuc	hrm	mo-hinh-nghien-cuu	scale
thang đo văn hóa tổ chức	construct-scale	van-hoa-to-chuc	hrm	mo-hinh-nghien-cuu	scale
văn hóa tổ chức là gì	construct-scale	van-hoa-to-chuc	hrm	mo-hinh-nghien-cuu	scale
thang đo lãnh đạo chuyển đổi	construct-scale	lanh-dao-chuyen-doi	hrm	mo-hinh-nghien-cuu	scale
lãnh đạo chuyển đổi là gì	construct-scale	lanh-dao-chuyen-doi	hrm	mo-hinh-nghien-cuu	scale
thang đo lãnh đạo chuyển giao	construct-scale	lanh-dao-chuyen-giao	hrm	mo-hinh-nghien-cuu	scale
lãnh đạo chuyển giao là gì	construct-scale	lanh-dao-chuyen-giao	hrm	mo-hinh-nghien-cuu	scale
thang đo môi trường làm việc	construct-scale	moi-truong-lam-viec	hrm	mo-hinh-nghien-cuu	scale
môi trường làm việc là gì	construct-scale	moi-truong-lam-viec	hrm	mo-hinh-nghien-cuu	scale
thang đo đào tạo và phát triển	construct-scale	dao-tao-va-phat-trien	hrm	mo-hinh-nghien-cuu	scale
đào tạo và phát triển là gì	construct-scale	dao-tao-va-phat-trien	hrm	mo-hinh-nghien-cuu	scale
thang đo lương thưởng phúc lợi	construct-scale	luong-thuong-phuc-loi	hrm	mo-hinh-nghien-cuu	scale
lương thưởng phúc lợi là gì	construct-scale	luong-thuong-phuc-loi	hrm	mo-hinh-nghien-cuu	scale
thang đo đánh giá thành tích	construct-scale	danh-gia-thanh-tich	hrm	mo-hinh-nghien-cuu	scale
đánh giá thành tích là gì	construct-scale	danh-gia-thanh-tich	hrm	mo-hinh-nghien-cuu	scale
thang đo quan hệ đồng nghiệp	construct-scale	quan-he-dong-nghiep	hrm	mo-hinh-nghien-cuu	scale
quan hệ đồng nghiệp là gì	construct-scale	quan-he-dong-nghiep	hrm	mo-hinh-nghien-cuu	scale
thang đo cơ hội thăng tiến	construct-scale	co-hoi-thang-tien	hrm	mo-hinh-nghien-cuu	scale
cơ hội thăng tiến là gì	construct-scale	co-hoi-thang-tien	hrm	mo-hinh-nghien-cuu	scale
thang đo công bằng tổ chức	construct-scale	cong-bang-to-chuc	hrm	mo-hinh-nghien-cuu	scale
công bằng tổ chức là gì	construct-scale	cong-bang-to-chuc	hrm	mo-hinh-nghien-cuu	scale
thang đo hỗ trợ từ tổ chức	construct-scale	ho-tro-tu-to-chuc	hrm	mo-hinh-nghien-cuu	scale
hỗ trợ từ tổ chức là gì	construct-scale	ho-tro-tu-to-chuc	hrm	mo-hinh-nghien-cuu	scale
thang đo cân bằng công việc cuộc sống	construct-scale	can-bang-cong-viec-cuoc-song	hrm	mo-hinh-nghien-cuu	scale
cân bằng công việc cuộc sống là gì	construct-scale	can-bang-cong-viec-cuoc-song	hrm	mo-hinh-nghien-cuu	scale
thang đo truyền miệng điện tử	construct-scale	truyen-mieng-dien-tu	digital	mo-hinh-nghien-cuu	scale
truyền miệng điện tử là gì	construct-scale	truyen-mieng-dien-tu	digital	mo-hinh-nghien-cuu	scale
thang đo marketing nội dung	construct-scale	marketing-noi-dung	digital	mo-hinh-nghien-cuu	scale
marketing nội dung là gì	construct-scale	marketing-noi-dung	digital	mo-hinh-nghien-cuu	scale
thang đo marketing người ảnh hưởng	construct-scale	marketing-nguoi-anh-huong	digital	mo-hinh-nghien-cuu	scale
marketing người ảnh hưởng là gì	construct-scale	marketing-nguoi-anh-huong	digital	mo-hinh-nghien-cuu	scale
thang đo quảng cáo trên mạng xã hội	construct-scale	quang-cao-tren-mang-xa-hoi	digital	mo-hinh-nghien-cuu	scale
quảng cáo trên mạng xã hội là gì	construct-scale	quang-cao-tren-mang-xa-hoi	digital	mo-hinh-nghien-cuu	scale
thang đo trải nghiệm khách hàng	construct-scale	trai-nghiem-khach-hang	digital	mo-hinh-nghien-cuu	scale
trải nghiệm khách hàng là gì	construct-scale	trai-nghiem-khach-hang	digital	mo-hinh-nghien-cuu	scale
thang đo sự gắn kết khách hàng	construct-scale	su-gan-ket-khach-hang	digital	mo-hinh-nghien-cuu	scale
sự gắn kết khách hàng là gì	construct-scale	su-gan-ket-khach-hang	digital	mo-hinh-nghien-cuu	scale
thang đo tính dễ dùng của website	construct-scale	tinh-de-dung-cua-website	digital	mo-hinh-nghien-cuu	scale
tính dễ dùng của website là gì	construct-scale	tinh-de-dung-cua-website	digital	mo-hinh-nghien-cuu	scale
thang đo sự tham gia của khách hàng	construct-scale	su-tham-gia-cua-khach-hang	digital	mo-hinh-nghien-cuu	scale
sự tham gia của khách hàng là gì	construct-scale	su-tham-gia-cua-khach-hang	digital	mo-hinh-nghien-cuu	scale
thang đo tiêu dùng xanh	construct-scale	tieu-dung-xanh	sustainability	mo-hinh-nghien-cuu	scale
tiêu dùng xanh là gì	construct-scale	tieu-dung-xanh	sustainability	mo-hinh-nghien-cuu	scale
thang đo ý thức môi trường	construct-scale	y-thuc-moi-truong	sustainability	mo-hinh-nghien-cuu	scale
ý thức môi trường là gì	construct-scale	y-thuc-moi-truong	sustainability	mo-hinh-nghien-cuu	scale
thang đo trách nhiệm xã hội doanh nghiệp	construct-scale	trach-nhiem-xa-hoi-doanh-nghiep	sustainability	mo-hinh-nghien-cuu	scale
trách nhiệm xã hội doanh nghiệp là gì	construct-scale	trach-nhiem-xa-hoi-doanh-nghiep	sustainability	mo-hinh-nghien-cuu	scale
thang đo phát triển bền vững	construct-scale	phat-trien-ben-vung	sustainability	mo-hinh-nghien-cuu	scale
phát triển bền vững là gì	construct-scale	phat-trien-ben-vung	sustainability	mo-hinh-nghien-cuu	scale
thang đo hình ảnh điểm đến	construct-scale	hinh-anh-diem-den	tourism	mo-hinh-nghien-cuu	scale
hình ảnh điểm đến là gì	construct-scale	hinh-anh-diem-den	tourism	mo-hinh-nghien-cuu	scale
thang đo động cơ du lịch	construct-scale	dong-co-du-lich	tourism	mo-hinh-nghien-cuu	scale
động cơ du lịch là gì	construct-scale	dong-co-du-lich	tourism	mo-hinh-nghien-cuu	scale
thang đo chất lượng điểm đến	construct-scale	chat-luong-diem-den	tourism	mo-hinh-nghien-cuu	scale
chất lượng điểm đến là gì	construct-scale	chat-luong-diem-den	tourism	mo-hinh-nghien-cuu	scale
thang đo giá trị mối quan hệ	construct-scale	gia-tri-moi-quan-he	tourism	mo-hinh-nghien-cuu	scale
giá trị mối quan hệ là gì	construct-scale	gia-tri-moi-quan-he	tourism	mo-hinh-nghien-cuu	scale
thang đo động lực học tập	construct-scale	dong-luc-hoc-tap	education	mo-hinh-nghien-cuu	scale
động lực học tập là gì	construct-scale	dong-luc-hoc-tap	education	mo-hinh-nghien-cuu	scale
thang đo kết quả học tập	construct-scale	ket-qua-hoc-tap	education	mo-hinh-nghien-cuu	scale
kết quả học tập là gì	construct-scale	ket-qua-hoc-tap	education	mo-hinh-nghien-cuu	scale
thang đo sự gắn kết học tập	construct-scale	su-gan-ket-hoc-tap	education	mo-hinh-nghien-cuu	scale
sự gắn kết học tập là gì	construct-scale	su-gan-ket-hoc-tap	education	mo-hinh-nghien-cuu	scale
thang đo phương pháp giảng dạy	construct-scale	phuong-phap-giang-day	education	mo-hinh-nghien-cuu	scale
phương pháp giảng dạy là gì	construct-scale	phuong-phap-giang-day	education	mo-hinh-nghien-cuu	scale
thang đo năng lực cạnh tranh	construct-scale	nang-luc-canh-tranh	firm	mo-hinh-nghien-cuu	scale
năng lực cạnh tranh là gì	construct-scale	nang-luc-canh-tranh	firm	mo-hinh-nghien-cuu	scale
thang đo hiệu quả hoạt động doanh nghiệp	construct-scale	hieu-qua-hoat-dong-doanh-nghiep	firm	mo-hinh-nghien-cuu	scale
hiệu quả hoạt động doanh nghiệp là gì	construct-scale	hieu-qua-hoat-dong-doanh-nghiep	firm	mo-hinh-nghien-cuu	scale
thang đo hiệu quả tài chính	construct-scale	hieu-qua-tai-chinh	firm	mo-hinh-nghien-cuu	scale
hiệu quả tài chính là gì	construct-scale	hieu-qua-tai-chinh	firm	mo-hinh-nghien-cuu	scale
thang đo đổi mới sáng tạo	construct-scale	doi-moi-sang-tao	firm	mo-hinh-nghien-cuu	scale
đổi mới sáng tạo là gì	construct-scale	doi-moi-sang-tao	firm	mo-hinh-nghien-cuu	scale
thang đo chấp nhận rủi ro	construct-scale	chap-nhan-rui-ro	firm	mo-hinh-nghien-cuu	scale
chấp nhận rủi ro là gì	construct-scale	chap-nhan-rui-ro	firm	mo-hinh-nghien-cuu	scale
thang đo cấu trúc vốn	construct-scale	cau-truc-von	firm	mo-hinh-nghien-cuu	scale
cấu trúc vốn là gì	construct-scale	cau-truc-von	firm	mo-hinh-nghien-cuu	scale
thang đo đòn bẩy tài chính	construct-scale	don-bay-tai-chinh	firm	mo-hinh-nghien-cuu	scale
đòn bẩy tài chính là gì	construct-scale	don-bay-tai-chinh	firm	mo-hinh-nghien-cuu	scale
thang đo thanh khoản	construct-scale	thanh-khoan	firm	mo-hinh-nghien-cuu	scale
thanh khoản là gì	construct-scale	thanh-khoan	firm	mo-hinh-nghien-cuu	scale
thang đo rủi ro tín dụng	construct-scale	rui-ro-tin-dung	firm	mo-hinh-nghien-cuu	scale
rủi ro tín dụng là gì	construct-scale	rui-ro-tin-dung	firm	mo-hinh-nghien-cuu	scale
thang đo quản trị lợi nhuận	construct-scale	quan-tri-loi-nhuan	firm	mo-hinh-nghien-cuu	scale
quản trị lợi nhuận là gì	construct-scale	quan-tri-loi-nhuan	firm	mo-hinh-nghien-cuu	scale
thang đo tự tin khởi nghiệp	construct-scale	tu-tin-khoi-nghiep	entrepreneurship	mo-hinh-nghien-cuu	scale
tự tin khởi nghiệp là gì	construct-scale	tu-tin-khoi-nghiep	entrepreneurship	mo-hinh-nghien-cuu	scale
thang đo giáo dục khởi nghiệp	construct-scale	giao-duc-khoi-nghiep	entrepreneurship	mo-hinh-nghien-cuu	scale
giáo dục khởi nghiệp là gì	construct-scale	giao-duc-khoi-nghiep	entrepreneurship	mo-hinh-nghien-cuu	scale
thang đo chuẩn mực xã hội	construct-scale	chuan-muc-xa-hoi	entrepreneurship	mo-hinh-nghien-cuu	scale
chuẩn mực xã hội là gì	construct-scale	chuan-muc-xa-hoi	entrepreneurship	mo-hinh-nghien-cuu	scale
thang đo nhận thức về giá	construct-scale	nhan-thuc-ve-gia	value	mo-hinh-nghien-cuu	scale
nhận thức về giá là gì	construct-scale	nhan-thuc-ve-gia	value	mo-hinh-nghien-cuu	scale
thang đo sự đổi mới cá nhân	construct-scale	su-doi-moi-ca-nhan	tam-construct	mo-hinh-nghien-cuu	scale
sự đổi mới cá nhân là gì	construct-scale	su-doi-moi-ca-nhan	tam-construct	mo-hinh-nghien-cuu	scale
thang đo kinh nghiệm sử dụng	construct-scale	kinh-nghiem-su-dung	tam-construct	mo-hinh-nghien-cuu	scale
kinh nghiệm sử dụng là gì	construct-scale	kinh-nghiem-su-dung	tam-construct	mo-hinh-nghien-cuu	scale
thang đo sự hài lòng điện tử	construct-scale	su-hai-long-dien-tu	satisfaction	mo-hinh-nghien-cuu	scale
sự hài lòng điện tử là gì	construct-scale	su-hai-long-dien-tu	satisfaction	mo-hinh-nghien-cuu	scale
thang đo ý định giới thiệu	construct-scale	y-dinh-gioi-thieu	loyalty	mo-hinh-nghien-cuu	scale
ý định giới thiệu là gì	construct-scale	y-dinh-gioi-thieu	loyalty	mo-hinh-nghien-cuu	scale
thang đo hình ảnh doanh nghiệp	construct-scale	hinh-anh-doanh-nghiep	brand	mo-hinh-nghien-cuu	scale
hình ảnh doanh nghiệp là gì	construct-scale	hinh-anh-doanh-nghiep	brand	mo-hinh-nghien-cuu	scale
thang đo hành vi đổi mới của nhân viên	construct-scale	hanh-vi-doi-moi-cua-nhan-vien	hrm	mo-hinh-nghien-cuu	scale
hành vi đổi mới của nhân viên là gì	construct-scale	hanh-vi-doi-moi-cua-nhan-vien	hrm	mo-hinh-nghien-cuu	scale
thang đo tiếng nói của nhân viên	construct-scale	tieng-noi-cua-nhan-vien	hrm	mo-hinh-nghien-cuu	scale
tiếng nói của nhân viên là gì	construct-scale	tieng-noi-cua-nhan-vien	hrm	mo-hinh-nghien-cuu	scale
thang đo im lặng tổ chức	construct-scale	im-lang-to-chuc	hrm	mo-hinh-nghien-cuu	scale
im lặng tổ chức là gì	construct-scale	im-lang-to-chuc	hrm	mo-hinh-nghien-cuu	scale
thang đo hành vi phản năng suất	construct-scale	hanh-vi-phan-nang-suat	hrm	mo-hinh-nghien-cuu	scale
hành vi phản năng suất là gì	construct-scale	hanh-vi-phan-nang-suat	hrm	mo-hinh-nghien-cuu	scale
thang đo bắt nạt nơi làm việc	construct-scale	bat-nat-noi-lam-viec	hrm	mo-hinh-nghien-cuu	scale
bắt nạt nơi làm việc là gì	construct-scale	bat-nat-noi-lam-viec	hrm	mo-hinh-nghien-cuu	scale
thang đo xung đột công việc gia đình	construct-scale	xung-dot-cong-viec-gia-dinh	hrm	mo-hinh-nghien-cuu	scale
xung đột công việc gia đình là gì	construct-scale	xung-dot-cong-viec-gia-dinh	hrm	mo-hinh-nghien-cuu	scale
thang đo niềm tin vào lãnh đạo	construct-scale	niem-tin-vao-lanh-dao	hrm	mo-hinh-nghien-cuu	scale
niềm tin vào lãnh đạo là gì	construct-scale	niem-tin-vao-lanh-dao	hrm	mo-hinh-nghien-cuu	scale
thang đo lãnh đạo phục vụ	construct-scale	lanh-dao-phuc-vu	hrm	mo-hinh-nghien-cuu	scale
lãnh đạo phục vụ là gì	construct-scale	lanh-dao-phuc-vu	hrm	mo-hinh-nghien-cuu	scale
thang đo lãnh đạo đạo đức	construct-scale	lanh-dao-dao-duc	hrm	mo-hinh-nghien-cuu	scale
lãnh đạo đạo đức là gì	construct-scale	lanh-dao-dao-duc	hrm	mo-hinh-nghien-cuu	scale
thang đo lãnh đạo lạm quyền	construct-scale	lanh-dao-lam-quyen	hrm	mo-hinh-nghien-cuu	scale
lãnh đạo lạm quyền là gì	construct-scale	lanh-dao-lam-quyen	hrm	mo-hinh-nghien-cuu	scale
thang đo vốn tâm lý	construct-scale	von-tam-ly	hrm	mo-hinh-nghien-cuu	scale
vốn tâm lý là gì	construct-scale	von-tam-ly	hrm	mo-hinh-nghien-cuu	scale
thang đo trao quyền tâm lý	construct-scale	trao-quyen-tam-ly	hrm	mo-hinh-nghien-cuu	scale
trao quyền tâm lý là gì	construct-scale	trao-quyen-tam-ly	hrm	mo-hinh-nghien-cuu	scale
thang đo bầu không khí an toàn lao động	construct-scale	bau-khong-khi-an-toan-lao-dong	hrm	mo-hinh-nghien-cuu	scale
bầu không khí an toàn lao động là gì	construct-scale	bau-khong-khi-an-toan-lao-dong	hrm	mo-hinh-nghien-cuu	scale
thang đo chia sẻ tri thức	construct-scale	chia-se-tri-thuc	hrm	mo-hinh-nghien-cuu	scale
chia sẻ tri thức là gì	construct-scale	chia-se-tri-thuc	hrm	mo-hinh-nghien-cuu	scale
thang đo học hỏi tổ chức	construct-scale	hoc-hoi-to-chuc	hrm	mo-hinh-nghien-cuu	scale
học hỏi tổ chức là gì	construct-scale	hoc-hoi-to-chuc	hrm	mo-hinh-nghien-cuu	scale
thang đo năng lực tự học	construct-scale	nang-luc-tu-hoc	education	mo-hinh-nghien-cuu	scale
năng lực tự học là gì	construct-scale	nang-luc-tu-hoc	education	mo-hinh-nghien-cuu	scale
thang đo lo âu thi cử	construct-scale	lo-au-thi-cu	education	mo-hinh-nghien-cuu	scale
lo âu thi cử là gì	construct-scale	lo-au-thi-cu	education	mo-hinh-nghien-cuu	scale
thang đo năng lực bản thân học tập	construct-scale	nang-luc-ban-than-hoc-tap	education	mo-hinh-nghien-cuu	scale
năng lực bản thân học tập là gì	construct-scale	nang-luc-ban-than-hoc-tap	education	mo-hinh-nghien-cuu	scale
thang đo ý định bỏ học	construct-scale	y-dinh-bo-hoc	education	mo-hinh-nghien-cuu	scale
ý định bỏ học là gì	construct-scale	y-dinh-bo-hoc	education	mo-hinh-nghien-cuu	scale
thang đo chất lượng cuộc sống	construct-scale	chat-luong-cuoc-song	health	mo-hinh-nghien-cuu	scale
chất lượng cuộc sống là gì	construct-scale	chat-luong-cuoc-song	health	mo-hinh-nghien-cuu	scale
thang đo sự hài lòng người bệnh	construct-scale	su-hai-long-nguoi-benh	health	mo-hinh-nghien-cuu	scale
sự hài lòng người bệnh là gì	construct-scale	su-hai-long-nguoi-benh	health	mo-hinh-nghien-cuu	scale
thang đo kiến thức thái độ thực hành	construct-scale	kien-thuc-thai-do-thuc-hanh	health	mo-hinh-nghien-cuu	scale
kiến thức thái độ thực hành là gì	construct-scale	kien-thuc-thai-do-thuc-hanh	health	mo-hinh-nghien-cuu	scale
thang đo tuân thủ điều trị	construct-scale	tuan-thu-dieu-tri	health	mo-hinh-nghien-cuu	scale
tuân thủ điều trị là gì	construct-scale	tuan-thu-dieu-tri	health	mo-hinh-nghien-cuu	scale
thang đo dass 21	construct-scale	dass-21	health	mo-hinh-nghien-cuu	scale
dass 21 là gì	construct-scale	dass-21	health	mo-hinh-nghien-cuu	scale
thang đo trải nghiệm du lịch đáng nhớ	construct-scale	trai-nghiem-du-lich-dang-nho	tourism	mo-hinh-nghien-cuu	scale
trải nghiệm du lịch đáng nhớ là gì	construct-scale	trai-nghiem-du-lich-dang-nho	tourism	mo-hinh-nghien-cuu	scale
thang đo sự gắn bó với điểm đến	construct-scale	su-gan-bo-voi-diem-den	tourism	mo-hinh-nghien-cuu	scale
sự gắn bó với điểm đến là gì	construct-scale	su-gan-bo-voi-diem-den	tourism	mo-hinh-nghien-cuu	scale
thang đo tính xác thực cảm nhận	construct-scale	tinh-xac-thuc-cam-nhan	tourism	mo-hinh-nghien-cuu	scale
tính xác thực cảm nhận là gì	construct-scale	tinh-xac-thuc-cam-nhan	tourism	mo-hinh-nghien-cuu	scale
thang đo tính tương tác cảm nhận	construct-scale	tinh-tuong-tac-cam-nhan	digital	mo-hinh-nghien-cuu	scale
tính tương tác cảm nhận là gì	construct-scale	tinh-tuong-tac-cam-nhan	digital	mo-hinh-nghien-cuu	scale
thang đo tính cá nhân hóa	construct-scale	tinh-ca-nhan-hoa	digital	mo-hinh-nghien-cuu	scale
tính cá nhân hóa là gì	construct-scale	tinh-ca-nhan-hoa	digital	mo-hinh-nghien-cuu	scale
thang đo giá trị quảng cáo cảm nhận	construct-scale	gia-tri-quang-cao-cam-nhan	digital	mo-hinh-nghien-cuu	scale
giá trị quảng cáo cảm nhận là gì	construct-scale	gia-tri-quang-cao-cam-nhan	digital	mo-hinh-nghien-cuu	scale
thang đo độ tin cậy của người ảnh hưởng	construct-scale	do-tin-cay-cua-nguoi-anh-huong	digital	mo-hinh-nghien-cuu	scale
độ tin cậy của người ảnh hưởng là gì	construct-scale	do-tin-cay-cua-nguoi-anh-huong	digital	mo-hinh-nghien-cuu	scale
thang đo sợ bỏ lỡ fomo	construct-scale	so-bo-lo-fomo	digital	mo-hinh-nghien-cuu	scale
sợ bỏ lỡ fomo là gì	construct-scale	so-bo-lo-fomo	digital	mo-hinh-nghien-cuu	scale
thang đo nghiện mạng xã hội	construct-scale	nghien-mang-xa-hoi	digital	mo-hinh-nghien-cuu	scale
nghiện mạng xã hội là gì	construct-scale	nghien-mang-xa-hoi	digital	mo-hinh-nghien-cuu	scale
thang đo ý định chia sẻ thông tin	construct-scale	y-dinh-chia-se-thong-tin	digital	mo-hinh-nghien-cuu	scale
ý định chia sẻ thông tin là gì	construct-scale	y-dinh-chia-se-thong-tin	digital	mo-hinh-nghien-cuu	scale
thang đo chất lượng công bố thông tin	construct-scale	chat-luong-cong-bo-thong-tin	firm	mo-hinh-nghien-cuu	scale
chất lượng công bố thông tin là gì	construct-scale	chat-luong-cong-bo-thong-tin	firm	mo-hinh-nghien-cuu	scale
thang đo chất lượng kiểm toán	construct-scale	chat-luong-kiem-toan	firm	mo-hinh-nghien-cuu	scale
chất lượng kiểm toán là gì	construct-scale	chat-luong-kiem-toan	firm	mo-hinh-nghien-cuu	scale
thang đo quản trị công ty	construct-scale	quan-tri-cong-ty	firm	mo-hinh-nghien-cuu	scale
quản trị công ty là gì	construct-scale	quan-tri-cong-ty	firm	mo-hinh-nghien-cuu	scale
thang đo định hướng khởi nghiệp	construct-scale	dinh-huong-khoi-nghiep	entrepreneurship	mo-hinh-nghien-cuu	scale
định hướng khởi nghiệp là gì	construct-scale	dinh-huong-khoi-nghiep	entrepreneurship	mo-hinh-nghien-cuu	scale
thang đo sợ thất bại	construct-scale	so-that-bai	entrepreneurship	mo-hinh-nghien-cuu	scale
sợ thất bại là gì	construct-scale	so-that-bai	entrepreneurship	mo-hinh-nghien-cuu	scale
thang đo hành vi tiết kiệm năng lượng	construct-scale	hanh-vi-tiet-kiem-nang-luong	sustainability	mo-hinh-nghien-cuu	scale
hành vi tiết kiệm năng lượng là gì	construct-scale	hanh-vi-tiet-kiem-nang-luong	sustainability	mo-hinh-nghien-cuu	scale
thang đo sự hài lòng dịch vụ công	construct-scale	su-hai-long-dich-vu-cong	public	mo-hinh-nghien-cuu	scale
sự hài lòng dịch vụ công là gì	construct-scale	su-hai-long-dich-vu-cong	public	mo-hinh-nghien-cuu	scale
tạo dự án mới trong smartpls	smartpls-procedure	tao-du-an-moi	setup	smartpls	smartpls-howto
cách chạy tạo dự án mới smartpls 4	smartpls-procedure	tao-du-an-moi	setup	smartpls	smartpls-howto
nhập dữ liệu csv trong smartpls	smartpls-procedure	nhap-du-lieu-csv	setup	smartpls	smartpls-howto
cách chạy nhập dữ liệu csv smartpls 4	smartpls-procedure	nhap-du-lieu-csv	setup	smartpls	smartpls-howto
vẽ mô hình đo lường trong smartpls	smartpls-procedure	ve-mo-hinh-do-luong	setup	smartpls	smartpls-howto
cách chạy vẽ mô hình đo lường smartpls 4	smartpls-procedure	ve-mo-hinh-do-luong	setup	smartpls	smartpls-howto
vẽ mô hình cấu trúc trong smartpls	smartpls-procedure	ve-mo-hinh-cau-truc	setup	smartpls	smartpls-howto
cách chạy vẽ mô hình cấu trúc smartpls 4	smartpls-procedure	ve-mo-hinh-cau-truc	setup	smartpls	smartpls-howto
xử lý missing value trong smartpls	smartpls-procedure	xu-ly-missing-value	setup	smartpls	smartpls-howto
cách chạy xử lý missing value smartpls 4	smartpls-procedure	xu-ly-missing-value	setup	smartpls	smartpls-howto
cỡ mẫu tối thiểu trong smartpls	smartpls-procedure	co-mau-toi-thieu	setup	smartpls	smartpls-howto
cách chạy cỡ mẫu tối thiểu smartpls 4	smartpls-procedure	co-mau-toi-thieu	setup	smartpls	smartpls-howto
pls algorithm trong smartpls	smartpls-procedure	pls-algorithm	estimation	smartpls	smartpls-howto
cách chạy pls algorithm smartpls 4	smartpls-procedure	pls-algorithm	estimation	smartpls	smartpls-howto
bootstrapping trong smartpls	smartpls-procedure	bootstrapping	estimation	smartpls	smartpls-howto
cách chạy bootstrapping smartpls 4	smartpls-procedure	bootstrapping	estimation	smartpls	smartpls-howto
blindfolding trong smartpls	smartpls-procedure	blindfolding	estimation	smartpls	smartpls-howto
cách chạy blindfolding smartpls 4	smartpls-procedure	blindfolding	estimation	smartpls	smartpls-howto
plspredict trong smartpls	smartpls-procedure	plspredict	estimation	smartpls	smartpls-howto
cách chạy plspredict smartpls 4	smartpls-procedure	plspredict	estimation	smartpls	smartpls-howto
consistent pls trong smartpls	smartpls-procedure	consistent-pls	estimation	smartpls	smartpls-howto
cách chạy consistent pls smartpls 4	smartpls-procedure	consistent-pls	estimation	smartpls	smartpls-howto
ipma trong smartpls	smartpls-procedure	ipma	estimation	smartpls	smartpls-howto
cách chạy ipma smartpls 4	smartpls-procedure	ipma	estimation	smartpls	smartpls-howto
outer loading trong smartpls	smartpls-procedure	outer-loading	measurement-model	smartpls	smartpls-howto
cách chạy outer loading smartpls 4	smartpls-procedure	outer-loading	measurement-model	smartpls	smartpls-howto
độ tin cậy tổng hợp trong smartpls	smartpls-procedure	do-tin-cay-tong-hop	measurement-model	smartpls	smartpls-howto
cách chạy độ tin cậy tổng hợp smartpls 4	smartpls-procedure	do-tin-cay-tong-hop	measurement-model	smartpls	smartpls-howto
ave trong smartpls	smartpls-procedure	ave	measurement-model	smartpls	smartpls-howto
cách chạy ave smartpls 4	smartpls-procedure	ave	measurement-model	smartpls	smartpls-howto
htmt trong smartpls	smartpls-procedure	htmt	measurement-model	smartpls	smartpls-howto
cách chạy htmt smartpls 4	smartpls-procedure	htmt	measurement-model	smartpls	smartpls-howto
fornell larcker trong smartpls	smartpls-procedure	fornell-larcker	measurement-model	smartpls	smartpls-howto
cách chạy fornell larcker smartpls 4	smartpls-procedure	fornell-larcker	measurement-model	smartpls	smartpls-howto
cross loading trong smartpls	smartpls-procedure	cross-loading	measurement-model	smartpls	smartpls-howto
cách chạy cross loading smartpls 4	smartpls-procedure	cross-loading	measurement-model	smartpls	smartpls-howto
giá trị hội tụ trong smartpls	smartpls-procedure	gia-tri-hoi-tu	measurement-model	smartpls	smartpls-howto
cách chạy giá trị hội tụ smartpls 4	smartpls-procedure	gia-tri-hoi-tu	measurement-model	smartpls	smartpls-howto
giá trị phân biệt trong smartpls	smartpls-procedure	gia-tri-phan-biet	measurement-model	smartpls	smartpls-howto
cách chạy giá trị phân biệt smartpls 4	smartpls-procedure	gia-tri-phan-biet	measurement-model	smartpls	smartpls-howto
thang đo cấu tạo trong smartpls	smartpls-procedure	thang-do-cau-tao	measurement-model	smartpls	smartpls-howto
cách chạy thang đo cấu tạo smartpls 4	smartpls-procedure	thang-do-cau-tao	measurement-model	smartpls	smartpls-howto
thang đo phản ánh trong smartpls	smartpls-procedure	thang-do-phan-anh	measurement-model	smartpls	smartpls-howto
cách chạy thang đo phản ánh smartpls 4	smartpls-procedure	thang-do-phan-anh	measurement-model	smartpls	smartpls-howto
thang đo bậc hai trong smartpls	smartpls-procedure	thang-do-bac-hai	measurement-model	smartpls	smartpls-howto
cách chạy thang đo bậc hai smartpls 4	smartpls-procedure	thang-do-bac-hai	measurement-model	smartpls	smartpls-howto
outer weight trong smartpls	smartpls-procedure	outer-weight	measurement-model	smartpls	smartpls-howto
cách chạy outer weight smartpls 4	smartpls-procedure	outer-weight	measurement-model	smartpls	smartpls-howto
vif trong smartpls	smartpls-procedure	vif	structural-model	smartpls	smartpls-howto
cách chạy vif smartpls 4	smartpls-procedure	vif	structural-model	smartpls	smartpls-howto
r square trong smartpls	smartpls-procedure	r-square	structural-model	smartpls	smartpls-howto
cách chạy r square smartpls 4	smartpls-procedure	r-square	structural-model	smartpls	smartpls-howto
f square trong smartpls	smartpls-procedure	f-square	structural-model	smartpls	smartpls-howto
cách chạy f square smartpls 4	smartpls-procedure	f-square	structural-model	smartpls	smartpls-howto
q square trong smartpls	smartpls-procedure	q-square	structural-model	smartpls	smartpls-howto
cách chạy q square smartpls 4	smartpls-procedure	q-square	structural-model	smartpls	smartpls-howto
path coefficient trong smartpls	smartpls-procedure	path-coefficient	structural-model	smartpls	smartpls-howto
cách chạy path coefficient smartpls 4	smartpls-procedure	path-coefficient	structural-model	smartpls	smartpls-howto
p value bootstrap trong smartpls	smartpls-procedure	p-value-bootstrap	structural-model	smartpls	smartpls-howto
cách chạy p value bootstrap smartpls 4	smartpls-procedure	p-value-bootstrap	structural-model	smartpls	smartpls-howto
tác động tổng trong smartpls	smartpls-procedure	tac-dong-tong	structural-model	smartpls	smartpls-howto
cách chạy tác động tổng smartpls 4	smartpls-procedure	tac-dong-tong	structural-model	smartpls	smartpls-howto
tác động gián tiếp cụ thể trong smartpls	smartpls-procedure	tac-dong-gian-tiep-cu-the	structural-model	smartpls	smartpls-howto
cách chạy tác động gián tiếp cụ thể smartpls 4	smartpls-procedure	tac-dong-gian-tiep-cu-the	structural-model	smartpls	smartpls-howto
biến trung gian trong smartpls	smartpls-procedure	bien-trung-gian	advanced	smartpls	smartpls-howto
cách chạy biến trung gian smartpls 4	smartpls-procedure	bien-trung-gian	advanced	smartpls	smartpls-howto
biến điều tiết trong smartpls	smartpls-procedure	bien-dieu-tiet	advanced	smartpls	smartpls-howto
cách chạy biến điều tiết smartpls 4	smartpls-procedure	bien-dieu-tiet	advanced	smartpls	smartpls-howto
biến tương tác trong smartpls	smartpls-procedure	bien-tuong-tac	advanced	smartpls	smartpls-howto
cách chạy biến tương tác smartpls 4	smartpls-procedure	bien-tuong-tac	advanced	smartpls	smartpls-howto
phân tích đa nhóm mga trong smartpls	smartpls-procedure	phan-tich-da-nhom-mga	advanced	smartpls	smartpls-howto
cách chạy phân tích đa nhóm mga smartpls 4	smartpls-procedure	phan-tich-da-nhom-mga	advanced	smartpls	smartpls-howto
micom trong smartpls	smartpls-procedure	micom	advanced	smartpls	smartpls-howto
cách chạy micom smartpls 4	smartpls-procedure	micom	advanced	smartpls	smartpls-howto
fimix trong smartpls	smartpls-procedure	fimix	advanced	smartpls	smartpls-howto
cách chạy fimix smartpls 4	smartpls-procedure	fimix	advanced	smartpls	smartpls-howto
xuất kết quả ra excel trong smartpls	smartpls-procedure	xuat-ket-qua-ra-excel	reporting	smartpls	smartpls-howto
cách chạy xuất kết quả ra excel smartpls 4	smartpls-procedure	xuat-ket-qua-ra-excel	reporting	smartpls	smartpls-howto
đọc báo cáo html trong smartpls	smartpls-procedure	doc-bao-cao-html	reporting	smartpls	smartpls-howto
cách chạy đọc báo cáo html smartpls 4	smartpls-procedure	doc-bao-cao-html	reporting	smartpls	smartpls-howto
tiếp cận hai giai đoạn trong smartpls	smartpls-procedure	tiep-can-hai-giai-doan	advanced	smartpls	smartpls-howto
cách chạy tiếp cận hai giai đoạn smartpls 4	smartpls-procedure	tiep-can-hai-giai-doan	advanced	smartpls	smartpls-howto
chỉ báo lặp lại trong smartpls	smartpls-procedure	chi-bao-lap-lai	advanced	smartpls	smartpls-howto
cách chạy chỉ báo lặp lại smartpls 4	smartpls-procedure	chi-bao-lap-lai	advanced	smartpls	smartpls-howto
gaussian copula trong smartpls	smartpls-procedure	gaussian-copula	advanced	smartpls	smartpls-howto
cách chạy gaussian copula smartpls 4	smartpls-procedure	gaussian-copula	advanced	smartpls	smartpls-howto
cta pls trong smartpls	smartpls-procedure	cta-pls	advanced	smartpls	smartpls-howto
cách chạy cta pls smartpls 4	smartpls-procedure	cta-pls	advanced	smartpls	smartpls-howto
kiểm định hoán vị permutation trong smartpls	smartpls-procedure	kiem-dinh-hoan-vi-permutation	advanced	smartpls	smartpls-howto
cách chạy kiểm định hoán vị permutation smartpls 4	smartpls-procedure	kiem-dinh-hoan-vi-permutation	advanced	smartpls	smartpls-howto
phân tích điều kiện cần nca trong smartpls	smartpls-procedure	phan-tich-dieu-kien-can-nca	advanced	smartpls	smartpls-howto
cách chạy phân tích điều kiện cần nca smartpls 4	smartpls-procedure	phan-tich-dieu-kien-can-nca	advanced	smartpls	smartpls-howto
biến kiểm soát trong smartpls	smartpls-procedure	bien-kiem-soat	advanced	smartpls	smartpls-howto
cách chạy biến kiểm soát smartpls 4	smartpls-procedure	bien-kiem-soat	advanced	smartpls	smartpls-howto
biến giả trong smartpls	smartpls-procedure	bien-gia	advanced	smartpls	smartpls-howto
cách chạy biến giả smartpls 4	smartpls-procedure	bien-gia	advanced	smartpls	smartpls-howto
rho a trong smartpls	smartpls-procedure	rho-a	measurement-model	smartpls	smartpls-howto
cách chạy rho a smartpls 4	smartpls-procedure	rho-a	measurement-model	smartpls	smartpls-howto
vif của chỉ báo trong smartpls	smartpls-procedure	vif-cua-chi-bao	measurement-model	smartpls	smartpls-howto
cách chạy vif của chỉ báo smartpls 4	smartpls-procedure	vif-cua-chi-bao	measurement-model	smartpls	smartpls-howto
khoảng tin cậy htmt trong smartpls	smartpls-procedure	khoang-tin-cay-htmt	measurement-model	smartpls	smartpls-howto
cách chạy khoảng tin cậy htmt smartpls 4	smartpls-procedure	khoang-tin-cay-htmt	measurement-model	smartpls	smartpls-howto
srmr trong smartpls	smartpls-procedure	srmr	estimation	smartpls	smartpls-howto
cách chạy srmr smartpls 4	smartpls-procedure	srmr	estimation	smartpls	smartpls-howto
nfi trong smartpls	smartpls-procedure	nfi	estimation	smartpls	smartpls-howto
cách chạy nfi smartpls 4	smartpls-procedure	nfi	estimation	smartpls	smartpls-howto
điểm biến tiềm ẩn trong smartpls	smartpls-procedure	diem-bien-tiem-an	estimation	smartpls	smartpls-howto
cách chạy điểm biến tiềm ẩn smartpls 4	smartpls-procedure	diem-bien-tiem-an	estimation	smartpls	smartpls-howto
xuất mô hình ra hình ảnh trong smartpls	smartpls-procedure	xuat-mo-hinh-ra-hinh-anh	reporting	smartpls	smartpls-howto
cách chạy xuất mô hình ra hình ảnh smartpls 4	smartpls-procedure	xuat-mo-hinh-ra-hinh-anh	reporting	smartpls	smartpls-howto
bảng tổng hợp kết quả trong smartpls	smartpls-procedure	bang-tong-hop-ket-qua	reporting	smartpls	smartpls-howto
cách chạy bảng tổng hợp kết quả smartpls 4	smartpls-procedure	bang-tong-hop-ket-qua	reporting	smartpls	smartpls-howto
cách chạy thống kê mô tả trong spss	spss-procedure	thong-ke-mo-ta	descriptive	spss	spss-howto
phân tích thống kê mô tả spss	spss-procedure	thong-ke-mo-ta	descriptive	spss	spss-howto
thống kê mô tả trong spss	spss-procedure	thong-ke-mo-ta	descriptive	spss	spss-howto
cách chạy bảng tần số trong spss	spss-procedure	bang-tan-so	descriptive	spss	spss-howto
phân tích bảng tần số spss	spss-procedure	bang-tan-so	descriptive	spss	spss-howto
bảng tần số trong spss	spss-procedure	bang-tan-so	descriptive	spss	spss-howto
cách chạy bảng chéo crosstabs trong spss	spss-procedure	bang-cheo-crosstabs	descriptive	spss	spss-howto
phân tích bảng chéo crosstabs spss	spss-procedure	bang-cheo-crosstabs	descriptive	spss	spss-howto
bảng chéo crosstabs trong spss	spss-procedure	bang-cheo-crosstabs	descriptive	spss	spss-howto
cách chạy thống kê nhân khẩu học trong spss	spss-procedure	thong-ke-nhan-khau-hoc	descriptive	spss	spss-howto
phân tích thống kê nhân khẩu học spss	spss-procedure	thong-ke-nhan-khau-hoc	descriptive	spss	spss-howto
thống kê nhân khẩu học trong spss	spss-procedure	thong-ke-nhan-khau-hoc	descriptive	spss	spss-howto
cách chạy biểu đồ histogram trong spss	spss-procedure	bieu-do-histogram	descriptive	spss	spss-howto
phân tích biểu đồ histogram spss	spss-procedure	bieu-do-histogram	descriptive	spss	spss-howto
biểu đồ histogram trong spss	spss-procedure	bieu-do-histogram	descriptive	spss	spss-howto
cách chạy biểu đồ boxplot trong spss	spss-procedure	bieu-do-boxplot	descriptive	spss	spss-howto
phân tích biểu đồ boxplot spss	spss-procedure	bieu-do-boxplot	descriptive	spss	spss-howto
biểu đồ boxplot trong spss	spss-procedure	bieu-do-boxplot	descriptive	spss	spss-howto
cách chạy biểu đồ scatter trong spss	spss-procedure	bieu-do-scatter	descriptive	spss	spss-howto
phân tích biểu đồ scatter spss	spss-procedure	bieu-do-scatter	descriptive	spss	spss-howto
biểu đồ scatter trong spss	spss-procedure	bieu-do-scatter	descriptive	spss	spss-howto
cách chạy biểu đồ p p plot trong spss	spss-procedure	bieu-do-p-p-plot	descriptive	spss	spss-howto
phân tích biểu đồ p p plot spss	spss-procedure	bieu-do-p-p-plot	descriptive	spss	spss-howto
biểu đồ p p plot trong spss	spss-procedure	bieu-do-p-p-plot	descriptive	spss	spss-howto
cách chạy cronbach alpha trong spss	spss-procedure	cronbach-alpha	reliability	spss	spss-howto
phân tích cronbach alpha spss	spss-procedure	cronbach-alpha	reliability	spss	spss-howto
cronbach alpha trong spss	spss-procedure	cronbach-alpha	reliability	spss	spss-howto
cách chạy kiểm định độ tin cậy thang đo trong spss	spss-procedure	kiem-dinh-do-tin-cay-thang-do	reliability	spss	spss-howto
phân tích kiểm định độ tin cậy thang đo spss	spss-procedure	kiem-dinh-do-tin-cay-thang-do	reliability	spss	spss-howto
kiểm định độ tin cậy thang đo trong spss	spss-procedure	kiem-dinh-do-tin-cay-thang-do	reliability	spss	spss-howto
cách chạy efa trong spss	spss-procedure	efa	efa	spss	spss-howto
phân tích efa spss	spss-procedure	efa	efa	spss	spss-howto
efa trong spss	spss-procedure	efa	efa	spss	spss-howto
cách chạy phân tích nhân tố khám phá trong spss	spss-procedure	phan-tich-nhan-to-kham-pha	efa	spss	spss-howto
phân tích nhân tố khám phá spss	spss-procedure	phan-tich-nhan-to-kham-pha	efa	spss	spss-howto
phân tích nhân tố khám phá trong spss	spss-procedure	phan-tich-nhan-to-kham-pha	efa	spss	spss-howto
cách chạy ma trận xoay trong spss	spss-procedure	ma-tran-xoay	efa	spss	spss-howto
phân tích ma trận xoay spss	spss-procedure	ma-tran-xoay	efa	spss	spss-howto
ma trận xoay trong spss	spss-procedure	ma-tran-xoay	efa	spss	spss-howto
cách chạy tạo biến đại diện trong spss	spss-procedure	tao-bien-dai-dien	efa	spss	spss-howto
phân tích tạo biến đại diện spss	spss-procedure	tao-bien-dai-dien	efa	spss	spss-howto
tạo biến đại diện trong spss	spss-procedure	tao-bien-dai-dien	efa	spss	spss-howto
cách chạy tương quan pearson trong spss	spss-procedure	tuong-quan-pearson	correlation	spss	spss-howto
phân tích tương quan pearson spss	spss-procedure	tuong-quan-pearson	correlation	spss	spss-howto
tương quan pearson trong spss	spss-procedure	tuong-quan-pearson	correlation	spss	spss-howto
cách chạy tương quan riêng phần trong spss	spss-procedure	tuong-quan-rieng-phan	correlation	spss	spss-howto
phân tích tương quan riêng phần spss	spss-procedure	tuong-quan-rieng-phan	correlation	spss	spss-howto
tương quan riêng phần trong spss	spss-procedure	tuong-quan-rieng-phan	correlation	spss	spss-howto
cách chạy hồi quy tuyến tính trong spss	spss-procedure	hoi-quy-tuyen-tinh	regression	spss	spss-howto
phân tích hồi quy tuyến tính spss	spss-procedure	hoi-quy-tuyen-tinh	regression	spss	spss-howto
hồi quy tuyến tính trong spss	spss-procedure	hoi-quy-tuyen-tinh	regression	spss	spss-howto
cách chạy hồi quy bội trong spss	spss-procedure	hoi-quy-boi	regression	spss	spss-howto
phân tích hồi quy bội spss	spss-procedure	hoi-quy-boi	regression	spss	spss-howto
hồi quy bội trong spss	spss-procedure	hoi-quy-boi	regression	spss	spss-howto
cách chạy hồi quy logistic trong spss	spss-procedure	hoi-quy-logistic	regression	spss	spss-howto
phân tích hồi quy logistic spss	spss-procedure	hoi-quy-logistic	regression	spss	spss-howto
hồi quy logistic trong spss	spss-procedure	hoi-quy-logistic	regression	spss	spss-howto
cách chạy kiểm định giả định hồi quy trong spss	spss-procedure	kiem-dinh-gia-dinh-hoi-quy	regression	spss	spss-howto
phân tích kiểm định giả định hồi quy spss	spss-procedure	kiem-dinh-gia-dinh-hoi-quy	regression	spss	spss-howto
kiểm định giả định hồi quy trong spss	spss-procedure	kiem-dinh-gia-dinh-hoi-quy	regression	spss	spss-howto
cách chạy kiểm tra đa cộng tuyến trong spss	spss-procedure	kiem-tra-da-cong-tuyen	regression	spss	spss-howto
phân tích kiểm tra đa cộng tuyến spss	spss-procedure	kiem-tra-da-cong-tuyen	regression	spss	spss-howto
kiểm tra đa cộng tuyến trong spss	spss-procedure	kiem-tra-da-cong-tuyen	regression	spss	spss-howto
cách chạy kiểm định durbin watson trong spss	spss-procedure	kiem-dinh-durbin-watson	regression	spss	spss-howto
phân tích kiểm định durbin watson spss	spss-procedure	kiem-dinh-durbin-watson	regression	spss	spss-howto
kiểm định durbin watson trong spss	spss-procedure	kiem-dinh-durbin-watson	regression	spss	spss-howto
cách chạy hồi quy với biến giả trong spss	spss-procedure	hoi-quy-voi-bien-gia	regression	spss	spss-howto
phân tích hồi quy với biến giả spss	spss-procedure	hoi-quy-voi-bien-gia	regression	spss	spss-howto
hồi quy với biến giả trong spss	spss-procedure	hoi-quy-voi-bien-gia	regression	spss	spss-howto
cách chạy t test một mẫu trong spss	spss-procedure	t-test-mot-mau	test	spss	test
phân tích t test một mẫu spss	spss-procedure	t-test-mot-mau	test	spss	test
t test một mẫu trong spss	spss-procedure	t-test-mot-mau	test	spss	test
cách chạy independent samples t test trong spss	spss-procedure	independent-samples-t-test	test	spss	test
phân tích independent samples t test spss	spss-procedure	independent-samples-t-test	test	spss	test
independent samples t test trong spss	spss-procedure	independent-samples-t-test	test	spss	test
cách chạy paired samples t test trong spss	spss-procedure	paired-samples-t-test	test	spss	test
phân tích paired samples t test spss	spss-procedure	paired-samples-t-test	test	spss	test
paired samples t test trong spss	spss-procedure	paired-samples-t-test	test	spss	test
cách chạy anova một chiều trong spss	spss-procedure	anova-mot-chieu	test	spss	test
phân tích anova một chiều spss	spss-procedure	anova-mot-chieu	test	spss	test
anova một chiều trong spss	spss-procedure	anova-mot-chieu	test	spss	test
cách chạy anova hai chiều trong spss	spss-procedure	anova-hai-chieu	test	spss	test
phân tích anova hai chiều spss	spss-procedure	anova-hai-chieu	test	spss	test
anova hai chiều trong spss	spss-procedure	anova-hai-chieu	test	spss	test
cách chạy ancova trong spss	spss-procedure	ancova	test	spss	test
phân tích ancova spss	spss-procedure	ancova	test	spss	test
ancova trong spss	spss-procedure	ancova	test	spss	test
cách chạy manova trong spss	spss-procedure	manova	test	spss	test
phân tích manova spss	spss-procedure	manova	test	spss	test
manova trong spss	spss-procedure	manova	test	spss	test
cách chạy anova lặp lại trong spss	spss-procedure	anova-lap-lai	test	spss	test
phân tích anova lặp lại spss	spss-procedure	anova-lap-lai	test	spss	test
anova lặp lại trong spss	spss-procedure	anova-lap-lai	test	spss	test
cách chạy kiểm định chi bình phương trong spss	spss-procedure	kiem-dinh-chi-binh-phuong	test	spss	test
phân tích kiểm định chi bình phương spss	spss-procedure	kiem-dinh-chi-binh-phuong	test	spss	test
kiểm định chi bình phương trong spss	spss-procedure	kiem-dinh-chi-binh-phuong	test	spss	test
cách chạy kiểm định phân phối chuẩn trong spss	spss-procedure	kiem-dinh-phan-phoi-chuan	test	spss	test
phân tích kiểm định phân phối chuẩn spss	spss-procedure	kiem-dinh-phan-phoi-chuan	test	spss	test
kiểm định phân phối chuẩn trong spss	spss-procedure	kiem-dinh-phan-phoi-chuan	test	spss	test
cách chạy mann whitney trong spss	spss-procedure	mann-whitney	test	spss	test
phân tích mann whitney spss	spss-procedure	mann-whitney	test	spss	test
mann whitney trong spss	spss-procedure	mann-whitney	test	spss	test
cách chạy kruskal wallis trong spss	spss-procedure	kruskal-wallis	test	spss	test
phân tích kruskal wallis spss	spss-procedure	kruskal-wallis	test	spss	test
kruskal wallis trong spss	spss-procedure	kruskal-wallis	test	spss	test
cách chạy wilcoxon trong spss	spss-procedure	wilcoxon	test	spss	test
phân tích wilcoxon spss	spss-procedure	wilcoxon	test	spss	test
wilcoxon trong spss	spss-procedure	wilcoxon	test	spss	test
cách chạy kiểm định levene trong spss	spss-procedure	kiem-dinh-levene	test	spss	test
phân tích kiểm định levene spss	spss-procedure	kiem-dinh-levene	test	spss	test
kiểm định levene trong spss	spss-procedure	kiem-dinh-levene	test	spss	test
cách chạy post hoc tukey trong spss	spss-procedure	post-hoc-tukey	test	spss	test
phân tích post hoc tukey spss	spss-procedure	post-hoc-tukey	test	spss	test
post hoc tukey trong spss	spss-procedure	post-hoc-tukey	test	spss	test
cách chạy kiểm định sự khác biệt trung bình trong spss	spss-procedure	kiem-dinh-su-khac-biet-trung-binh	test	spss	test
phân tích kiểm định sự khác biệt trung bình spss	spss-procedure	kiem-dinh-su-khac-biet-trung-binh	test	spss	test
kiểm định sự khác biệt trung bình trong spss	spss-procedure	kiem-dinh-su-khac-biet-trung-binh	test	spss	test
cách chạy process macro trung gian trong spss	spss-procedure	process-macro-trung-gian	mediation	spss	spss-howto
phân tích process macro trung gian spss	spss-procedure	process-macro-trung-gian	mediation	spss	spss-howto
process macro trung gian trong spss	spss-procedure	process-macro-trung-gian	mediation	spss	spss-howto
cách chạy process macro điều tiết trong spss	spss-procedure	process-macro-dieu-tiet	mediation	spss	spss-howto
phân tích process macro điều tiết spss	spss-procedure	process-macro-dieu-tiet	mediation	spss	spss-howto
process macro điều tiết trong spss	spss-procedure	process-macro-dieu-tiet	mediation	spss	spss-howto
cách chạy sobel test trong spss	spss-procedure	sobel-test	mediation	spss	spss-howto
phân tích sobel test spss	spss-procedure	sobel-test	mediation	spss	spss-howto
sobel test trong spss	spss-procedure	sobel-test	mediation	spss	spss-howto
cách chạy bootstrap trung gian trong spss	spss-procedure	bootstrap-trung-gian	mediation	spss	spss-howto
phân tích bootstrap trung gian spss	spss-procedure	bootstrap-trung-gian	mediation	spss	spss-howto
bootstrap trung gian trong spss	spss-procedure	bootstrap-trung-gian	mediation	spss	spss-howto
cách chạy nhập liệu trong spss	spss-procedure	nhap-lieu	data	spss	spss-howto
phân tích nhập liệu spss	spss-procedure	nhap-lieu	data	spss	spss-howto
nhập liệu trong spss	spss-procedure	nhap-lieu	data	spss	spss-howto
cách chạy mã hóa lại biến recode trong spss	spss-procedure	ma-hoa-lai-bien-recode	data	spss	spss-howto
phân tích mã hóa lại biến recode spss	spss-procedure	ma-hoa-lai-bien-recode	data	spss	spss-howto
mã hóa lại biến recode trong spss	spss-procedure	ma-hoa-lai-bien-recode	data	spss	spss-howto
cách chạy compute variable trong spss	spss-procedure	compute-variable	data	spss	spss-howto
phân tích compute variable spss	spss-procedure	compute-variable	data	spss	spss-howto
compute variable trong spss	spss-procedure	compute-variable	data	spss	spss-howto
cách chạy select cases trong spss	spss-procedure	select-cases	data	spss	spss-howto
phân tích select cases spss	spss-procedure	select-cases	data	spss	spss-howto
select cases trong spss	spss-procedure	select-cases	data	spss	spss-howto
cách chạy split file trong spss	spss-procedure	split-file	data	spss	spss-howto
phân tích split file spss	spss-procedure	split-file	data	spss	spss-howto
split file trong spss	spss-procedure	split-file	data	spss	spss-howto
cách chạy weight cases trong spss	spss-procedure	weight-cases	data	spss	spss-howto
phân tích weight cases spss	spss-procedure	weight-cases	data	spss	spss-howto
weight cases trong spss	spss-procedure	weight-cases	data	spss	spss-howto
cách chạy xử lý missing value trong spss	spss-procedure	xu-ly-missing-value	data	spss	spss-howto
phân tích xử lý missing value spss	spss-procedure	xu-ly-missing-value	data	spss	spss-howto
xử lý missing value trong spss	spss-procedure	xu-ly-missing-value	data	spss	spss-howto
cách chạy gộp file dữ liệu trong spss	spss-procedure	gop-file-du-lieu	data	spss	spss-howto
phân tích gộp file dữ liệu spss	spss-procedure	gop-file-du-lieu	data	spss	spss-howto
gộp file dữ liệu trong spss	spss-procedure	gop-file-du-lieu	data	spss	spss-howto
cách chạy sắp xếp dữ liệu trong spss	spss-procedure	sap-xep-du-lieu	data	spss	spss-howto
phân tích sắp xếp dữ liệu spss	spss-procedure	sap-xep-du-lieu	data	spss	spss-howto
sắp xếp dữ liệu trong spss	spss-procedure	sap-xep-du-lieu	data	spss	spss-howto
cách chạy khai báo biến trong spss	spss-procedure	khai-bao-bien	data	spss	spss-howto
phân tích khai báo biến spss	spss-procedure	khai-bao-bien	data	spss	spss-howto
khai báo biến trong spss	spss-procedure	khai-bao-bien	data	spss	spss-howto
cách chạy gán nhãn giá trị trong spss	spss-procedure	gan-nhan-gia-tri	data	spss	spss-howto
phân tích gán nhãn giá trị spss	spss-procedure	gan-nhan-gia-tri	data	spss	spss-howto
gán nhãn giá trị trong spss	spss-procedure	gan-nhan-gia-tri	data	spss	spss-howto
cách chạy nhập dữ liệu từ excel trong spss	spss-procedure	nhap-du-lieu-tu-excel	data	spss	spss-howto
phân tích nhập dữ liệu từ excel spss	spss-procedure	nhap-du-lieu-tu-excel	data	spss	spss-howto
nhập dữ liệu từ excel trong spss	spss-procedure	nhap-du-lieu-tu-excel	data	spss	spss-howto
cách chạy mở file csv trong spss	spss-procedure	mo-file-csv	data	spss	spss-howto
phân tích mở file csv spss	spss-procedure	mo-file-csv	data	spss	spss-howto
mở file csv trong spss	spss-procedure	mo-file-csv	data	spss	spss-howto
cách chạy xuất kết quả ra word trong spss	spss-procedure	xuat-ket-qua-ra-word	data	spss	spss-howto
phân tích xuất kết quả ra word spss	spss-procedure	xuat-ket-qua-ra-word	data	spss	spss-howto
xuất kết quả ra word trong spss	spss-procedure	xuat-ket-qua-ra-word	data	spss	spss-howto
cách chạy syntax trong spss	spss-procedure	chay-syntax	data	spss	spss-howto
chạy syntax spss	spss-procedure	chay-syntax	data	spss	spss-howto
cách chạy phân tích cụm trong spss	spss-procedure	phan-tich-cum	advanced	spss	spss-howto
phân tích cụm spss	spss-procedure	phan-tich-cum	advanced	spss	spss-howto
phân tích cụm trong spss	spss-procedure	phan-tich-cum	advanced	spss	spss-howto
cách chạy phân tích biệt số trong spss	spss-procedure	phan-tich-biet-so	advanced	spss	spss-howto
phân tích biệt số spss	spss-procedure	phan-tich-biet-so	advanced	spss	spss-howto
phân tích biệt số trong spss	spss-procedure	phan-tich-biet-so	advanced	spss	spss-howto
cách chạy tập hợp đa phản hồi trong spss	spss-procedure	tap-hop-da-phan-hoi	data	spss	spss-howto
tập hợp đa phản hồi spss	spss-procedure	tap-hop-da-phan-hoi	data	spss	spss-howto
tập hợp đa phản hồi trong spss	spss-procedure	tap-hop-da-phan-hoi	data	spss	spss-howto
cách chạy bảng tùy chỉnh custom tables trong spss	spss-procedure	bang-tuy-chinh-custom-tables	descriptive	spss	spss-howto
bảng tùy chỉnh custom tables spss	spss-procedure	bang-tuy-chinh-custom-tables	descriptive	spss	spss-howto
bảng tùy chỉnh custom tables trong spss	spss-procedure	bang-tuy-chinh-custom-tables	descriptive	spss	spss-howto
cách chạy chart builder trong spss	spss-procedure	chart-builder	descriptive	spss	spss-howto
chart builder spss	spss-procedure	chart-builder	descriptive	spss	spss-howto
chart builder trong spss	spss-procedure	chart-builder	descriptive	spss	spss-howto
cách chạy hồi quy thứ bậc trong spss	spss-procedure	hoi-quy-thu-bac	regression	spss	spss-howto
phân tích hồi quy thứ bậc spss	spss-procedure	hoi-quy-thu-bac	regression	spss	spss-howto
hồi quy thứ bậc trong spss	spss-procedure	hoi-quy-thu-bac	regression	spss	spss-howto
cách chạy hồi quy probit trong spss	spss-procedure	hoi-quy-probit	regression	spss	spss-howto
phân tích hồi quy probit spss	spss-procedure	hoi-quy-probit	regression	spss	spss-howto
hồi quy probit trong spss	spss-procedure	hoi-quy-probit	regression	spss	spss-howto
cách chạy phân tích đường cong roc trong spss	spss-procedure	phan-tich-duong-cong-roc	test	spss	spss-howto
phân tích phân tích đường cong roc spss	spss-procedure	phan-tich-duong-cong-roc	test	spss	spss-howto
phân tích đường cong roc trong spss	spss-procedure	phan-tich-duong-cong-roc	test	spss	spss-howto
cách chạy mô hình hỗn hợp mixed models trong spss	spss-procedure	mo-hinh-hon-hop-mixed-models	advanced	spss	spss-howto
phân tích mô hình hỗn hợp mixed models spss	spss-procedure	mo-hinh-hon-hop-mixed-models	advanced	spss	spss-howto
mô hình hỗn hợp mixed models trong spss	spss-procedure	mo-hinh-hon-hop-mixed-models	advanced	spss	spss-howto
cách chạy phân tích tương ứng trong spss	spss-procedure	phan-tich-tuong-ung	advanced	spss	spss-howto
phân tích tương ứng spss	spss-procedure	phan-tich-tuong-ung	advanced	spss	spss-howto
phân tích tương ứng trong spss	spss-procedure	phan-tich-tuong-ung	advanced	spss	spss-howto
cách chạy đo lường đa chiều mds trong spss	spss-procedure	do-luong-da-chieu-mds	advanced	spss	spss-howto
đo lường đa chiều mds spss	spss-procedure	do-luong-da-chieu-mds	advanced	spss	spss-howto
đo lường đa chiều mds trong spss	spss-procedure	do-luong-da-chieu-mds	advanced	spss	spss-howto
cách chạy phân tích conjoint trong spss	spss-procedure	phan-tich-conjoint	advanced	spss	spss-howto
phân tích conjoint spss	spss-procedure	phan-tich-conjoint	advanced	spss	spss-howto
phân tích conjoint trong spss	spss-procedure	phan-tich-conjoint	advanced	spss	spss-howto
cách chạy kiểm định friedman trong spss	spss-procedure	kiem-dinh-friedman	test	spss	test
phân tích kiểm định friedman spss	spss-procedure	kiem-dinh-friedman	test	spss	test
kiểm định friedman trong spss	spss-procedure	kiem-dinh-friedman	test	spss	test
cách chạy kiểm định mcnemar trong spss	spss-procedure	kiem-dinh-mcnemar	test	spss	test
phân tích kiểm định mcnemar spss	spss-procedure	kiem-dinh-mcnemar	test	spss	test
kiểm định mcnemar trong spss	spss-procedure	kiem-dinh-mcnemar	test	spss	test
cách chạy kiểm định cochran q trong spss	spss-procedure	kiem-dinh-cochran-q	test	spss	test
phân tích kiểm định cochran q spss	spss-procedure	kiem-dinh-cochran-q	test	spss	test
kiểm định cochran q trong spss	spss-procedure	kiem-dinh-cochran-q	test	spss	test
cách chạy kiểm định dấu trong spss	spss-procedure	kiem-dinh-dau	test	spss	test
phân tích kiểm định dấu spss	spss-procedure	kiem-dinh-dau	test	spss	test
kiểm định dấu trong spss	spss-procedure	kiem-dinh-dau	test	spss	test
cách chạy kiểm định binomial trong spss	spss-procedure	kiem-dinh-binomial	test	spss	test
phân tích kiểm định binomial spss	spss-procedure	kiem-dinh-binomial	test	spss	test
kiểm định binomial trong spss	spss-procedure	kiem-dinh-binomial	test	spss	test
cách chạy kiểm định runs trong spss	spss-procedure	kiem-dinh-runs	test	spss	test
phân tích kiểm định runs spss	spss-procedure	kiem-dinh-runs	test	spss	test
kiểm định runs trong spss	spss-procedure	kiem-dinh-runs	test	spss	test
cách chạy tương quan kendall tau trong spss	spss-procedure	tuong-quan-kendall-tau	correlation	spss	spss-howto
phân tích tương quan kendall tau spss	spss-procedure	tuong-quan-kendall-tau	correlation	spss	spss-howto
tương quan kendall tau trong spss	spss-procedure	tuong-quan-kendall-tau	correlation	spss	spss-howto
cách chạy kiểm định split half trong spss	spss-procedure	kiem-dinh-split-half	reliability	spss	spss-howto
phân tích kiểm định split half spss	spss-procedure	kiem-dinh-split-half	reliability	spss	spss-howto
kiểm định split half trong spss	spss-procedure	kiem-dinh-split-half	reliability	spss	spss-howto
cách chạy hệ số icc trong spss	spss-procedure	he-so-icc	reliability	spss	spss-howto
phân tích hệ số icc spss	spss-procedure	he-so-icc	reliability	spss	spss-howto
hệ số icc trong spss	spss-procedure	he-so-icc	reliability	spss	spss-howto
cách chạy transpose dữ liệu trong spss	spss-procedure	transpose-du-lieu	data	spss	spss-howto
transpose dữ liệu spss	spss-procedure	transpose-du-lieu	data	spss	spss-howto
transpose dữ liệu trong spss	spss-procedure	transpose-du-lieu	data	spss	spss-howto
cách chạy restructure dữ liệu trong spss	spss-procedure	restructure-du-lieu	data	spss	spss-howto
restructure dữ liệu spss	spss-procedure	restructure-du-lieu	data	spss	spss-howto
restructure dữ liệu trong spss	spss-procedure	restructure-du-lieu	data	spss	spss-howto
cách chạy aggregate dữ liệu trong spss	spss-procedure	aggregate-du-lieu	data	spss	spss-howto
aggregate dữ liệu spss	spss-procedure	aggregate-du-lieu	data	spss	spss-howto
aggregate dữ liệu trong spss	spss-procedure	aggregate-du-lieu	data	spss	spss-howto
cách chạy visual binning trong spss	spss-procedure	visual-binning	data	spss	spss-howto
visual binning spss	spss-procedure	visual-binning	data	spss	spss-howto
visual binning trong spss	spss-procedure	visual-binning	data	spss	spss-howto
cách chạy rank cases trong spss	spss-procedure	rank-cases	data	spss	spss-howto
rank cases spss	spss-procedure	rank-cases	data	spss	spss-howto
rank cases trong spss	spss-procedure	rank-cases	data	spss	spss-howto
cách chạy lọc phiếu trả lời trùng lặp trong spss	spss-procedure	loc-phieu-tra-loi-trung-lap	data	spss	spss-howto
lọc phiếu trả lời trùng lặp spss	spss-procedure	loc-phieu-tra-loi-trung-lap	data	spss	spss-howto
lọc phiếu trả lời trùng lặp trong spss	spss-procedure	loc-phieu-tra-loi-trung-lap	data	spss	spss-howto
cách chạy process macro đa trung gian trong spss	spss-procedure	process-macro-da-trung-gian	mediation	spss	spss-howto
process macro đa trung gian spss	spss-procedure	process-macro-da-trung-gian	mediation	spss	spss-howto
process macro đa trung gian trong spss	spss-procedure	process-macro-da-trung-gian	mediation	spss	spss-howto
cách chạy process macro trung gian có điều tiết trong spss	spss-procedure	process-macro-trung-gian-co-dieu-tiet	mediation	spss	spss-howto
process macro trung gian có điều tiết spss	spss-procedure	process-macro-trung-gian-co-dieu-tiet	mediation	spss	spss-howto
process macro trung gian có điều tiết trong spss	spss-procedure	process-macro-trung-gian-co-dieu-tiet	mediation	spss	spss-howto
cách chạy process macro johnson neyman trong spss	spss-procedure	process-macro-johnson-neyman	mediation	spss	spss-howto
process macro johnson neyman spss	spss-procedure	process-macro-johnson-neyman	mediation	spss	spss-howto
process macro johnson neyman trong spss	spss-procedure	process-macro-johnson-neyman	mediation	spss	spss-howto
phân tích nhân tố khẳng định cfa trong amos	spss-procedure	amos-cfa	amos	spss	spss-howto
cách chạy phân tích nhân tố khẳng định cfa trong amos	spss-procedure	amos-cfa	amos	spss	spss-howto
mô hình cấu trúc tuyến tính sem trong amos	spss-procedure	amos-sem	amos	spss	spss-howto
cách chạy mô hình cấu trúc tuyến tính sem trong amos	spss-procedure	amos-sem	amos	spss	spss-howto
vẽ sơ đồ đường dẫn trong amos	spss-procedure	amos-ve-so-do-duong-dan	amos	spss	spss-howto
cách chạy vẽ sơ đồ đường dẫn trong amos	spss-procedure	amos-ve-so-do-duong-dan	amos	spss	spss-howto
nhập dữ liệu từ spss trong amos	spss-procedure	amos-nhap-du-lieu-tu-spss	amos	spss	spss-howto
cách chạy nhập dữ liệu từ spss trong amos	spss-procedure	amos-nhap-du-lieu-tu-spss	amos	spss	spss-howto
chỉ số độ phù hợp mô hình trong amos	spss-procedure	amos-chi-so-do-phu-hop	amos	spss	spss-howto
cách chạy chỉ số độ phù hợp mô hình trong amos	spss-procedure	amos-chi-so-do-phu-hop	amos	spss	spss-howto
modification indices trong amos	spss-procedure	amos-modification-indices	amos	spss	spss-howto
cách chạy modification indices trong amos	spss-procedure	amos-modification-indices	amos	spss	spss-howto
kiểm định trung gian bằng bootstrap trong amos	spss-procedure	amos-bootstrap-trung-gian	amos	spss	spss-howto
cách chạy kiểm định trung gian bằng bootstrap trong amos	spss-procedure	amos-bootstrap-trung-gian	amos	spss	spss-howto
phân tích cấu trúc đa nhóm trong amos	spss-procedure	amos-phan-tich-da-nhom	amos	spss	spss-howto
cách chạy phân tích cấu trúc đa nhóm trong amos	spss-procedure	amos-phan-tich-da-nhom	amos	spss	spss-howto
cronbach alpha là gì	statistical-term	cronbach-alpha	reliability	thong-ke	term-la-gi
cronbach alpha bao nhiêu là tốt	statistical-term	cronbach-alpha	reliability	thong-ke	term-la-gi
hệ số cronbach alpha là gì	statistical-term	he-so-cronbach-alpha	reliability	thong-ke	term-la-gi
hệ số cronbach alpha trong spss	statistical-term	he-so-cronbach-alpha	reliability	thong-ke	term-la-gi
hệ số cronbach alpha bao nhiêu là tốt	statistical-term	he-so-cronbach-alpha	reliability	thong-ke	term-la-gi
độ tin cậy thang đo là gì	statistical-term	do-tin-cay-thang-do	reliability	thong-ke	term-la-gi
độ tin cậy thang đo trong spss	statistical-term	do-tin-cay-thang-do	reliability	thong-ke	term-la-gi
độ tin cậy thang đo bao nhiêu là tốt	statistical-term	do-tin-cay-thang-do	reliability	thong-ke	term-la-gi
corrected item total correlation là gì	statistical-term	corrected-item-total-correlation	reliability	thong-ke	term-la-gi
corrected item total correlation trong spss	statistical-term	corrected-item-total-correlation	reliability	thong-ke	term-la-gi
corrected item total correlation bao nhiêu là tốt	statistical-term	corrected-item-total-correlation	reliability	thong-ke	term-la-gi
cronbach alpha if item deleted là gì	statistical-term	cronbach-alpha-if-item-deleted	reliability	thong-ke	term-la-gi
cronbach alpha if item deleted trong spss	statistical-term	cronbach-alpha-if-item-deleted	reliability	thong-ke	term-la-gi
cronbach alpha if item deleted bao nhiêu là tốt	statistical-term	cronbach-alpha-if-item-deleted	reliability	thong-ke	term-la-gi
composite reliability là gì	statistical-term	composite-reliability	reliability	thong-ke	term-la-gi
composite reliability trong spss	statistical-term	composite-reliability	reliability	thong-ke	term-la-gi
composite reliability bao nhiêu là tốt	statistical-term	composite-reliability	reliability	thong-ke	term-la-gi
rho a là gì	statistical-term	rho-a	reliability	thong-ke	term-la-gi
rho a trong spss	statistical-term	rho-a	reliability	thong-ke	term-la-gi
rho a bao nhiêu là tốt	statistical-term	rho-a	reliability	thong-ke	term-la-gi
độ tin cậy tổng hợp là gì	statistical-term	do-tin-cay-tong-hop	reliability	thong-ke	term-la-gi
độ tin cậy tổng hợp trong spss	statistical-term	do-tin-cay-tong-hop	reliability	thong-ke	term-la-gi
độ tin cậy tổng hợp bao nhiêu là tốt	statistical-term	do-tin-cay-tong-hop	reliability	thong-ke	term-la-gi
split half reliability là gì	statistical-term	split-half-reliability	reliability	thong-ke	term-la-gi
split half reliability trong spss	statistical-term	split-half-reliability	reliability	thong-ke	term-la-gi
split half reliability bao nhiêu là tốt	statistical-term	split-half-reliability	reliability	thong-ke	term-la-gi
test retest reliability là gì	statistical-term	test-retest-reliability	reliability	thong-ke	term-la-gi
test retest reliability trong spss	statistical-term	test-retest-reliability	reliability	thong-ke	term-la-gi
test retest reliability bao nhiêu là tốt	statistical-term	test-retest-reliability	reliability	thong-ke	term-la-gi
giá trị hội tụ là gì	statistical-term	gia-tri-hoi-tu	validity	thong-ke	term-la-gi
giá trị hội tụ trong spss	statistical-term	gia-tri-hoi-tu	validity	thong-ke	term-la-gi
giá trị hội tụ bao nhiêu là tốt	statistical-term	gia-tri-hoi-tu	validity	thong-ke	term-la-gi
giá trị phân biệt là gì	statistical-term	gia-tri-phan-biet	validity	thong-ke	term-la-gi
giá trị phân biệt trong spss	statistical-term	gia-tri-phan-biet	validity	thong-ke	term-la-gi
giá trị phân biệt bao nhiêu là tốt	statistical-term	gia-tri-phan-biet	validity	thong-ke	term-la-gi
giá trị nội dung là gì	statistical-term	gia-tri-noi-dung	validity	thong-ke	term-la-gi
giá trị nội dung trong spss	statistical-term	gia-tri-noi-dung	validity	thong-ke	term-la-gi
giá trị nội dung bao nhiêu là tốt	statistical-term	gia-tri-noi-dung	validity	thong-ke	term-la-gi
giá trị bề mặt là gì	statistical-term	gia-tri-be-mat	validity	thong-ke	term-la-gi
giá trị bề mặt trong spss	statistical-term	gia-tri-be-mat	validity	thong-ke	term-la-gi
giá trị bề mặt bao nhiêu là tốt	statistical-term	gia-tri-be-mat	validity	thong-ke	term-la-gi
ave là gì	statistical-term	ave	validity	thong-ke	term-la-gi
ave trong spss	statistical-term	ave	validity	thong-ke	term-la-gi
ave bao nhiêu là tốt	statistical-term	ave	validity	thong-ke	term-la-gi
phương sai trích ave là gì	statistical-term	phuong-sai-trich-ave	validity	thong-ke	term-la-gi
phương sai trích ave trong spss	statistical-term	phuong-sai-trich-ave	validity	thong-ke	term-la-gi
phương sai trích ave bao nhiêu là tốt	statistical-term	phuong-sai-trich-ave	validity	thong-ke	term-la-gi
htmt là gì	statistical-term	htmt	validity	thong-ke	term-la-gi
htmt trong spss	statistical-term	htmt	validity	thong-ke	term-la-gi
htmt bao nhiêu là tốt	statistical-term	htmt	validity	thong-ke	term-la-gi
fornell larcker là gì	statistical-term	fornell-larcker	validity	thong-ke	term-la-gi
fornell larcker trong spss	statistical-term	fornell-larcker	validity	thong-ke	term-la-gi
fornell larcker bao nhiêu là tốt	statistical-term	fornell-larcker	validity	thong-ke	term-la-gi
cross loading là gì	statistical-term	cross-loading	validity	thong-ke	term-la-gi
cross loading trong spss	statistical-term	cross-loading	validity	thong-ke	term-la-gi
cross loading bao nhiêu là tốt	statistical-term	cross-loading	validity	thong-ke	term-la-gi
construct validity là gì	statistical-term	construct-validity	validity	thong-ke	term-la-gi
construct validity trong spss	statistical-term	construct-validity	validity	thong-ke	term-la-gi
construct validity bao nhiêu là tốt	statistical-term	construct-validity	validity	thong-ke	term-la-gi
efa là gì	statistical-term	efa	efa	thong-ke	term-la-gi
efa bao nhiêu là tốt	statistical-term	efa	efa	thong-ke	term-la-gi
phân tích nhân tố khám phá là gì	statistical-term	phan-tich-nhan-to-kham-pha	efa	thong-ke	term-la-gi
phân tích nhân tố khám phá bao nhiêu là tốt	statistical-term	phan-tich-nhan-to-kham-pha	efa	thong-ke	term-la-gi
cfa là gì	statistical-term	cfa	efa	thong-ke	term-la-gi
cfa trong spss	statistical-term	cfa	efa	thong-ke	term-la-gi
cfa bao nhiêu là tốt	statistical-term	cfa	efa	thong-ke	term-la-gi
phân tích nhân tố khẳng định là gì	statistical-term	phan-tich-nhan-to-khang-dinh	efa	thong-ke	term-la-gi
phân tích nhân tố khẳng định trong spss	statistical-term	phan-tich-nhan-to-khang-dinh	efa	thong-ke	term-la-gi
phân tích nhân tố khẳng định bao nhiêu là tốt	statistical-term	phan-tich-nhan-to-khang-dinh	efa	thong-ke	term-la-gi
kmo là gì	statistical-term	kmo	efa	thong-ke	term-la-gi
kmo trong spss	statistical-term	kmo	efa	thong-ke	term-la-gi
kmo bao nhiêu là tốt	statistical-term	kmo	efa	thong-ke	term-la-gi
kiểm định bartlett là gì	statistical-term	kiem-dinh-bartlett	efa	thong-ke	term-la-gi
kiểm định bartlett trong spss	statistical-term	kiem-dinh-bartlett	efa	thong-ke	term-la-gi
kiểm định bartlett bao nhiêu là tốt	statistical-term	kiem-dinh-bartlett	efa	thong-ke	term-la-gi
eigenvalue là gì	statistical-term	eigenvalue	efa	thong-ke	term-la-gi
eigenvalue trong spss	statistical-term	eigenvalue	efa	thong-ke	term-la-gi
eigenvalue bao nhiêu là tốt	statistical-term	eigenvalue	efa	thong-ke	term-la-gi
phương sai trích là gì	statistical-term	phuong-sai-trich	efa	thong-ke	term-la-gi
phương sai trích trong spss	statistical-term	phuong-sai-trich	efa	thong-ke	term-la-gi
phương sai trích bao nhiêu là tốt	statistical-term	phuong-sai-trich	efa	thong-ke	term-la-gi
total variance explained là gì	statistical-term	total-variance-explained	efa	thong-ke	term-la-gi
total variance explained trong spss	statistical-term	total-variance-explained	efa	thong-ke	term-la-gi
total variance explained bao nhiêu là tốt	statistical-term	total-variance-explained	efa	thong-ke	term-la-gi
hệ số tải nhân tố là gì	statistical-term	he-so-tai-nhan-to	efa	thong-ke	term-la-gi
hệ số tải nhân tố trong spss	statistical-term	he-so-tai-nhan-to	efa	thong-ke	term-la-gi
hệ số tải nhân tố bao nhiêu là tốt	statistical-term	he-so-tai-nhan-to	efa	thong-ke	term-la-gi
factor loading là gì	statistical-term	factor-loading	efa	thong-ke	term-la-gi
factor loading trong spss	statistical-term	factor-loading	efa	thong-ke	term-la-gi
factor loading bao nhiêu là tốt	statistical-term	factor-loading	efa	thong-ke	term-la-gi
communality là gì	statistical-term	communality	efa	thong-ke	term-la-gi
communality trong spss	statistical-term	communality	efa	thong-ke	term-la-gi
communality bao nhiêu là tốt	statistical-term	communality	efa	thong-ke	term-la-gi
principal component analysis là gì	statistical-term	principal-component-analysis	efa	thong-ke	term-la-gi
principal component analysis trong spss	statistical-term	principal-component-analysis	efa	thong-ke	term-la-gi
principal component analysis bao nhiêu là tốt	statistical-term	principal-component-analysis	efa	thong-ke	term-la-gi
phép xoay varimax là gì	statistical-term	phep-xoay-varimax	efa	thong-ke	term-la-gi
phép xoay varimax trong spss	statistical-term	phep-xoay-varimax	efa	thong-ke	term-la-gi
phép xoay varimax bao nhiêu là tốt	statistical-term	phep-xoay-varimax	efa	thong-ke	term-la-gi
phép xoay promax là gì	statistical-term	phep-xoay-promax	efa	thong-ke	term-la-gi
phép xoay promax trong spss	statistical-term	phep-xoay-promax	efa	thong-ke	term-la-gi
phép xoay promax bao nhiêu là tốt	statistical-term	phep-xoay-promax	efa	thong-ke	term-la-gi
pattern matrix là gì	statistical-term	pattern-matrix	efa	thong-ke	term-la-gi
pattern matrix trong spss	statistical-term	pattern-matrix	efa	thong-ke	term-la-gi
pattern matrix bao nhiêu là tốt	statistical-term	pattern-matrix	efa	thong-ke	term-la-gi
structure matrix là gì	statistical-term	structure-matrix	efa	thong-ke	term-la-gi
structure matrix trong spss	statistical-term	structure-matrix	efa	thong-ke	term-la-gi
structure matrix bao nhiêu là tốt	statistical-term	structure-matrix	efa	thong-ke	term-la-gi
ma trận xoay nhân tố là gì	statistical-term	ma-tran-xoay-nhan-to	efa	thong-ke	term-la-gi
ma trận xoay nhân tố trong spss	statistical-term	ma-tran-xoay-nhan-to	efa	thong-ke	term-la-gi
ma trận xoay nhân tố bao nhiêu là tốt	statistical-term	ma-tran-xoay-nhan-to	efa	thong-ke	term-la-gi
giá trị trung bình là gì	statistical-term	gia-tri-trung-binh	descriptive	thong-ke	term-la-gi
giá trị trung bình trong spss	statistical-term	gia-tri-trung-binh	descriptive	thong-ke	term-la-gi
giá trị trung bình bao nhiêu là tốt	statistical-term	gia-tri-trung-binh	descriptive	thong-ke	term-la-gi
trung vị là gì	statistical-term	trung-vi	descriptive	thong-ke	term-la-gi
trung vị trong spss	statistical-term	trung-vi	descriptive	thong-ke	term-la-gi
trung vị bao nhiêu là tốt	statistical-term	trung-vi	descriptive	thong-ke	term-la-gi
mode trong thống kê là gì	statistical-term	mode-trong-thong-ke	descriptive	thong-ke	term-la-gi
mode trong thống kê trong spss	statistical-term	mode-trong-thong-ke	descriptive	thong-ke	term-la-gi
mode trong thống kê bao nhiêu là tốt	statistical-term	mode-trong-thong-ke	descriptive	thong-ke	term-la-gi
độ lệch chuẩn là gì	statistical-term	do-lech-chuan	descriptive	thong-ke	term-la-gi
độ lệch chuẩn trong spss	statistical-term	do-lech-chuan	descriptive	thong-ke	term-la-gi
độ lệch chuẩn bao nhiêu là tốt	statistical-term	do-lech-chuan	descriptive	thong-ke	term-la-gi
phương sai là gì	statistical-term	phuong-sai	descriptive	thong-ke	term-la-gi
phương sai trong spss	statistical-term	phuong-sai	descriptive	thong-ke	term-la-gi
phương sai bao nhiêu là tốt	statistical-term	phuong-sai	descriptive	thong-ke	term-la-gi
khoảng biến thiên là gì	statistical-term	khoang-bien-thien	descriptive	thong-ke	term-la-gi
khoảng biến thiên trong spss	statistical-term	khoang-bien-thien	descriptive	thong-ke	term-la-gi
khoảng biến thiên bao nhiêu là tốt	statistical-term	khoang-bien-thien	descriptive	thong-ke	term-la-gi
tứ phân vị là gì	statistical-term	tu-phan-vi	descriptive	thong-ke	term-la-gi
tứ phân vị trong spss	statistical-term	tu-phan-vi	descriptive	thong-ke	term-la-gi
tứ phân vị bao nhiêu là tốt	statistical-term	tu-phan-vi	descriptive	thong-ke	term-la-gi
skewness là gì	statistical-term	skewness	descriptive	thong-ke	term-la-gi
skewness trong spss	statistical-term	skewness	descriptive	thong-ke	term-la-gi
skewness bao nhiêu là tốt	statistical-term	skewness	descriptive	thong-ke	term-la-gi
kurtosis là gì	statistical-term	kurtosis	descriptive	thong-ke	term-la-gi
kurtosis trong spss	statistical-term	kurtosis	descriptive	thong-ke	term-la-gi
kurtosis bao nhiêu là tốt	statistical-term	kurtosis	descriptive	thong-ke	term-la-gi
phân phối chuẩn là gì	statistical-term	phan-phoi-chuan	descriptive	thong-ke	term-la-gi
phân phối chuẩn trong spss	statistical-term	phan-phoi-chuan	descriptive	thong-ke	term-la-gi
phân phối chuẩn bao nhiêu là tốt	statistical-term	phan-phoi-chuan	descriptive	thong-ke	term-la-gi
histogram là gì	statistical-term	histogram	descriptive	thong-ke	term-la-gi
histogram trong spss	statistical-term	histogram	descriptive	thong-ke	term-la-gi
histogram bao nhiêu là tốt	statistical-term	histogram	descriptive	thong-ke	term-la-gi
boxplot là gì	statistical-term	boxplot	descriptive	thong-ke	term-la-gi
boxplot trong spss	statistical-term	boxplot	descriptive	thong-ke	term-la-gi
boxplot bao nhiêu là tốt	statistical-term	boxplot	descriptive	thong-ke	term-la-gi
outlier là gì	statistical-term	outlier	descriptive	thong-ke	term-la-gi
outlier trong spss	statistical-term	outlier	descriptive	thong-ke	term-la-gi
outlier bao nhiêu là tốt	statistical-term	outlier	descriptive	thong-ke	term-la-gi
missing value là gì	statistical-term	missing-value	descriptive	thong-ke	term-la-gi
missing value trong spss	statistical-term	missing-value	descriptive	thong-ke	term-la-gi
missing value bao nhiêu là tốt	statistical-term	missing-value	descriptive	thong-ke	term-la-gi
thống kê mô tả là gì	statistical-term	thong-ke-mo-ta	descriptive	thong-ke	term-la-gi
thống kê mô tả bao nhiêu là tốt	statistical-term	thong-ke-mo-ta	descriptive	thong-ke	term-la-gi
tần số là gì	statistical-term	tan-so	descriptive	thong-ke	term-la-gi
tần số trong spss	statistical-term	tan-so	descriptive	thong-ke	term-la-gi
tần số bao nhiêu là tốt	statistical-term	tan-so	descriptive	thong-ke	term-la-gi
phần trăm tích lũy là gì	statistical-term	phan-tram-tich-luy	descriptive	thong-ke	term-la-gi
phần trăm tích lũy trong spss	statistical-term	phan-tram-tich-luy	descriptive	thong-ke	term-la-gi
phần trăm tích lũy bao nhiêu là tốt	statistical-term	phan-tram-tich-luy	descriptive	thong-ke	term-la-gi
z score là gì	statistical-term	z-score	descriptive	thong-ke	term-la-gi
z score trong spss	statistical-term	z-score	descriptive	thong-ke	term-la-gi
z score bao nhiêu là tốt	statistical-term	z-score	descriptive	thong-ke	term-la-gi
p value là gì	statistical-term	p-value	inference	thong-ke	term-la-gi
p value trong spss	statistical-term	p-value	inference	thong-ke	term-la-gi
p value bao nhiêu là tốt	statistical-term	p-value	inference	thong-ke	term-la-gi
mức ý nghĩa là gì	statistical-term	muc-y-nghia	inference	thong-ke	term-la-gi
mức ý nghĩa trong spss	statistical-term	muc-y-nghia	inference	thong-ke	term-la-gi
mức ý nghĩa bao nhiêu là tốt	statistical-term	muc-y-nghia	inference	thong-ke	term-la-gi
giả thuyết h0 là gì	statistical-term	gia-thuyet-h0	inference	thong-ke	term-la-gi
giả thuyết h0 trong spss	statistical-term	gia-thuyet-h0	inference	thong-ke	term-la-gi
giả thuyết h0 bao nhiêu là tốt	statistical-term	gia-thuyet-h0	inference	thong-ke	term-la-gi
giả thuyết đối là gì	statistical-term	gia-thuyet-doi	inference	thong-ke	term-la-gi
giả thuyết đối trong spss	statistical-term	gia-thuyet-doi	inference	thong-ke	term-la-gi
giả thuyết đối bao nhiêu là tốt	statistical-term	gia-thuyet-doi	inference	thong-ke	term-la-gi
sai lầm loại 1 là gì	statistical-term	sai-lam-loai-1	inference	thong-ke	term-la-gi
sai lầm loại 1 trong spss	statistical-term	sai-lam-loai-1	inference	thong-ke	term-la-gi
sai lầm loại 1 bao nhiêu là tốt	statistical-term	sai-lam-loai-1	inference	thong-ke	term-la-gi
sai lầm loại 2 là gì	statistical-term	sai-lam-loai-2	inference	thong-ke	term-la-gi
sai lầm loại 2 trong spss	statistical-term	sai-lam-loai-2	inference	thong-ke	term-la-gi
sai lầm loại 2 bao nhiêu là tốt	statistical-term	sai-lam-loai-2	inference	thong-ke	term-la-gi
khoảng tin cậy là gì	statistical-term	khoang-tin-cay	inference	thong-ke	term-la-gi
khoảng tin cậy trong spss	statistical-term	khoang-tin-cay	inference	thong-ke	term-la-gi
khoảng tin cậy bao nhiêu là tốt	statistical-term	khoang-tin-cay	inference	thong-ke	term-la-gi
độ tin cậy 95 là gì	statistical-term	do-tin-cay-95	inference	thong-ke	term-la-gi
độ tin cậy 95 trong spss	statistical-term	do-tin-cay-95	inference	thong-ke	term-la-gi
độ tin cậy 95 bao nhiêu là tốt	statistical-term	do-tin-cay-95	inference	thong-ke	term-la-gi
bậc tự do là gì	statistical-term	bac-tu-do	inference	thong-ke	term-la-gi
bậc tự do trong spss	statistical-term	bac-tu-do	inference	thong-ke	term-la-gi
bậc tự do bao nhiêu là tốt	statistical-term	bac-tu-do	inference	thong-ke	term-la-gi
df là gì	statistical-term	df	inference	thong-ke	term-la-gi
df trong spss	statistical-term	df	inference	thong-ke	term-la-gi
df bao nhiêu là tốt	statistical-term	df	inference	thong-ke	term-la-gi
giá trị tới hạn là gì	statistical-term	gia-tri-toi-han	inference	thong-ke	term-la-gi
giá trị tới hạn trong spss	statistical-term	gia-tri-toi-han	inference	thong-ke	term-la-gi
giá trị tới hạn bao nhiêu là tốt	statistical-term	gia-tri-toi-han	inference	thong-ke	term-la-gi
kiểm định một đuôi là gì	statistical-term	kiem-dinh-mot-duoi	inference	thong-ke	term-la-gi
kiểm định một đuôi trong spss	statistical-term	kiem-dinh-mot-duoi	inference	thong-ke	term-la-gi
kiểm định một đuôi bao nhiêu là tốt	statistical-term	kiem-dinh-mot-duoi	inference	thong-ke	term-la-gi
kiểm định hai đuôi là gì	statistical-term	kiem-dinh-hai-duoi	inference	thong-ke	term-la-gi
kiểm định hai đuôi trong spss	statistical-term	kiem-dinh-hai-duoi	inference	thong-ke	term-la-gi
kiểm định hai đuôi bao nhiêu là tốt	statistical-term	kiem-dinh-hai-duoi	inference	thong-ke	term-la-gi
power của kiểm định là gì	statistical-term	power-cua-kiem-dinh	inference	thong-ke	term-la-gi
power của kiểm định trong spss	statistical-term	power-cua-kiem-dinh	inference	thong-ke	term-la-gi
power của kiểm định bao nhiêu là tốt	statistical-term	power-cua-kiem-dinh	inference	thong-ke	term-la-gi
effect size là gì	statistical-term	effect-size	inference	thong-ke	term-la-gi
effect size trong spss	statistical-term	effect-size	inference	thong-ke	term-la-gi
effect size bao nhiêu là tốt	statistical-term	effect-size	inference	thong-ke	term-la-gi
kiểm định giả thuyết là gì	statistical-term	kiem-dinh-gia-thuyet	inference	thong-ke	term-la-gi
kiểm định giả thuyết trong spss	statistical-term	kiem-dinh-gia-thuyet	inference	thong-ke	term-la-gi
kiểm định giả thuyết bao nhiêu là tốt	statistical-term	kiem-dinh-gia-thuyet	inference	thong-ke	term-la-gi
hệ số hồi quy là gì	statistical-term	he-so-hoi-quy	regression	thong-ke	term-la-gi
hệ số hồi quy trong spss	statistical-term	he-so-hoi-quy	regression	thong-ke	term-la-gi
hệ số hồi quy bao nhiêu là tốt	statistical-term	he-so-hoi-quy	regression	thong-ke	term-la-gi
beta chuẩn hóa là gì	statistical-term	beta-chuan-hoa	regression	thong-ke	term-la-gi
beta chuẩn hóa trong spss	statistical-term	beta-chuan-hoa	regression	thong-ke	term-la-gi
beta chuẩn hóa bao nhiêu là tốt	statistical-term	beta-chuan-hoa	regression	thong-ke	term-la-gi
r bình phương là gì	statistical-term	r-binh-phuong	regression	thong-ke	term-la-gi
r bình phương trong spss	statistical-term	r-binh-phuong	regression	thong-ke	term-la-gi
r bình phương bao nhiêu là tốt	statistical-term	r-binh-phuong	regression	thong-ke	term-la-gi
r bình phương hiệu chỉnh là gì	statistical-term	r-binh-phuong-hieu-chinh	regression	thong-ke	term-la-gi
r bình phương hiệu chỉnh trong spss	statistical-term	r-binh-phuong-hieu-chinh	regression	thong-ke	term-la-gi
r bình phương hiệu chỉnh bao nhiêu là tốt	statistical-term	r-binh-phuong-hieu-chinh	regression	thong-ke	term-la-gi
hệ số chặn là gì	statistical-term	he-so-chan	regression	thong-ke	term-la-gi
hệ số chặn trong spss	statistical-term	he-so-chan	regression	thong-ke	term-la-gi
hệ số chặn bao nhiêu là tốt	statistical-term	he-so-chan	regression	thong-ke	term-la-gi
đa cộng tuyến là gì	statistical-term	da-cong-tuyen	regression	thong-ke	term-la-gi
đa cộng tuyến trong spss	statistical-term	da-cong-tuyen	regression	thong-ke	term-la-gi
đa cộng tuyến bao nhiêu là tốt	statistical-term	da-cong-tuyen	regression	thong-ke	term-la-gi
vif là gì	statistical-term	vif	regression	thong-ke	term-la-gi
vif trong spss	statistical-term	vif	regression	thong-ke	term-la-gi
vif bao nhiêu là tốt	statistical-term	vif	regression	thong-ke	term-la-gi
tolerance là gì	statistical-term	tolerance	regression	thong-ke	term-la-gi
tolerance trong spss	statistical-term	tolerance	regression	thong-ke	term-la-gi
tolerance bao nhiêu là tốt	statistical-term	tolerance	regression	thong-ke	term-la-gi
durbin watson là gì	statistical-term	durbin-watson	regression	thong-ke	term-la-gi
durbin watson trong spss	statistical-term	durbin-watson	regression	thong-ke	term-la-gi
durbin watson bao nhiêu là tốt	statistical-term	durbin-watson	regression	thong-ke	term-la-gi
phần dư là gì	statistical-term	phan-du	regression	thong-ke	term-la-gi
phần dư trong spss	statistical-term	phan-du	regression	thong-ke	term-la-gi
phần dư bao nhiêu là tốt	statistical-term	phan-du	regression	thong-ke	term-la-gi
phương sai sai số thay đổi là gì	statistical-term	phuong-sai-sai-so-thay-doi	regression	thong-ke	term-la-gi
phương sai sai số thay đổi trong spss	statistical-term	phuong-sai-sai-so-thay-doi	regression	thong-ke	term-la-gi
phương sai sai số thay đổi bao nhiêu là tốt	statistical-term	phuong-sai-sai-so-thay-doi	regression	thong-ke	term-la-gi
hồi quy tuyến tính là gì	statistical-term	hoi-quy-tuyen-tinh	regression	thong-ke	term-la-gi
hồi quy tuyến tính bao nhiêu là tốt	statistical-term	hoi-quy-tuyen-tinh	regression	thong-ke	term-la-gi
hồi quy đa biến là gì	statistical-term	hoi-quy-da-bien	regression	thong-ke	term-la-gi
hồi quy đa biến trong spss	statistical-term	hoi-quy-da-bien	regression	thong-ke	term-la-gi
hồi quy đa biến bao nhiêu là tốt	statistical-term	hoi-quy-da-bien	regression	thong-ke	term-la-gi
hồi quy đơn biến là gì	statistical-term	hoi-quy-don-bien	regression	thong-ke	term-la-gi
hồi quy đơn biến trong spss	statistical-term	hoi-quy-don-bien	regression	thong-ke	term-la-gi
hồi quy đơn biến bao nhiêu là tốt	statistical-term	hoi-quy-don-bien	regression	thong-ke	term-la-gi
hồi quy logistic là gì	statistical-term	hoi-quy-logistic	regression	thong-ke	term-la-gi
hồi quy logistic bao nhiêu là tốt	statistical-term	hoi-quy-logistic	regression	thong-ke	term-la-gi
biến giả là gì	statistical-term	bien-gia	regression	thong-ke	term-la-gi
biến giả trong spss	statistical-term	bien-gia	regression	thong-ke	term-la-gi
biến giả bao nhiêu là tốt	statistical-term	bien-gia	regression	thong-ke	term-la-gi
phương pháp stepwise là gì	statistical-term	phuong-phap-stepwise	regression	thong-ke	term-la-gi
phương pháp stepwise trong spss	statistical-term	phuong-phap-stepwise	regression	thong-ke	term-la-gi
phương pháp stepwise bao nhiêu là tốt	statistical-term	phuong-phap-stepwise	regression	thong-ke	term-la-gi
phương pháp enter là gì	statistical-term	phuong-phap-enter	regression	thong-ke	term-la-gi
phương pháp enter trong spss	statistical-term	phuong-phap-enter	regression	thong-ke	term-la-gi
phương pháp enter bao nhiêu là tốt	statistical-term	phuong-phap-enter	regression	thong-ke	term-la-gi
sig trong hồi quy là gì	statistical-term	sig-trong-hoi-quy	regression	thong-ke	term-la-gi
sig trong hồi quy trong spss	statistical-term	sig-trong-hoi-quy	regression	thong-ke	term-la-gi
sig trong hồi quy bao nhiêu là tốt	statistical-term	sig-trong-hoi-quy	regression	thong-ke	term-la-gi
hệ số tương quan pearson là gì	statistical-term	he-so-tuong-quan-pearson	correlation	thong-ke	term-la-gi
hệ số tương quan pearson trong spss	statistical-term	he-so-tuong-quan-pearson	correlation	thong-ke	term-la-gi
hệ số tương quan pearson bao nhiêu là tốt	statistical-term	he-so-tuong-quan-pearson	correlation	thong-ke	term-la-gi
tương quan spearman là gì	statistical-term	tuong-quan-spearman	correlation	thong-ke	term-la-gi
tương quan spearman trong spss	statistical-term	tuong-quan-spearman	correlation	thong-ke	term-la-gi
tương quan spearman bao nhiêu là tốt	statistical-term	tuong-quan-spearman	correlation	thong-ke	term-la-gi
ma trận tương quan là gì	statistical-term	ma-tran-tuong-quan	correlation	thong-ke	term-la-gi
ma trận tương quan trong spss	statistical-term	ma-tran-tuong-quan	correlation	thong-ke	term-la-gi
ma trận tương quan bao nhiêu là tốt	statistical-term	ma-tran-tuong-quan	correlation	thong-ke	term-la-gi
tương quan riêng phần là gì	statistical-term	tuong-quan-rieng-phan	correlation	thong-ke	term-la-gi
tương quan riêng phần bao nhiêu là tốt	statistical-term	tuong-quan-rieng-phan	correlation	thong-ke	term-la-gi
hệ số xác định là gì	statistical-term	he-so-xac-dinh	correlation	thong-ke	term-la-gi
hệ số xác định trong spss	statistical-term	he-so-xac-dinh	correlation	thong-ke	term-la-gi
hệ số xác định bao nhiêu là tốt	statistical-term	he-so-xac-dinh	correlation	thong-ke	term-la-gi
sem là gì	statistical-term	sem	sem	smartpls	term-la-gi
sem trong spss	statistical-term	sem	sem	smartpls	term-la-gi
sem bao nhiêu là tốt	statistical-term	sem	sem	smartpls	term-la-gi
pls sem là gì	statistical-term	pls-sem	sem	smartpls	term-la-gi
pls sem trong spss	statistical-term	pls-sem	sem	smartpls	term-la-gi
pls sem bao nhiêu là tốt	statistical-term	pls-sem	sem	smartpls	term-la-gi
cb sem là gì	statistical-term	cb-sem	sem	smartpls	term-la-gi
cb sem trong spss	statistical-term	cb-sem	sem	smartpls	term-la-gi
cb sem bao nhiêu là tốt	statistical-term	cb-sem	sem	smartpls	term-la-gi
biến tiềm ẩn là gì	statistical-term	bien-tiem-an	sem	smartpls	term-la-gi
biến tiềm ẩn trong spss	statistical-term	bien-tiem-an	sem	smartpls	term-la-gi
biến tiềm ẩn bao nhiêu là tốt	statistical-term	bien-tiem-an	sem	smartpls	term-la-gi
biến quan sát là gì	statistical-term	bien-quan-sat	sem	smartpls	term-la-gi
biến quan sát trong spss	statistical-term	bien-quan-sat	sem	smartpls	term-la-gi
biến quan sát bao nhiêu là tốt	statistical-term	bien-quan-sat	sem	smartpls	term-la-gi
mô hình đo lường là gì	statistical-term	mo-hinh-do-luong	sem	smartpls	term-la-gi
mô hình đo lường trong spss	statistical-term	mo-hinh-do-luong	sem	smartpls	term-la-gi
mô hình đo lường bao nhiêu là tốt	statistical-term	mo-hinh-do-luong	sem	smartpls	term-la-gi
mô hình cấu trúc là gì	statistical-term	mo-hinh-cau-truc	sem	smartpls	term-la-gi
mô hình cấu trúc trong spss	statistical-term	mo-hinh-cau-truc	sem	smartpls	term-la-gi
mô hình cấu trúc bao nhiêu là tốt	statistical-term	mo-hinh-cau-truc	sem	smartpls	term-la-gi
path coefficient là gì	statistical-term	path-coefficient	sem	smartpls	term-la-gi
path coefficient trong spss	statistical-term	path-coefficient	sem	smartpls	term-la-gi
path coefficient bao nhiêu là tốt	statistical-term	path-coefficient	sem	smartpls	term-la-gi
outer loading là gì	statistical-term	outer-loading	sem	smartpls	term-la-gi
outer loading trong spss	statistical-term	outer-loading	sem	smartpls	term-la-gi
outer loading bao nhiêu là tốt	statistical-term	outer-loading	sem	smartpls	term-la-gi
outer weight là gì	statistical-term	outer-weight	sem	smartpls	term-la-gi
outer weight trong spss	statistical-term	outer-weight	sem	smartpls	term-la-gi
outer weight bao nhiêu là tốt	statistical-term	outer-weight	sem	smartpls	term-la-gi
f square là gì	statistical-term	f-square	sem	smartpls	term-la-gi
f square trong spss	statistical-term	f-square	sem	smartpls	term-la-gi
f square bao nhiêu là tốt	statistical-term	f-square	sem	smartpls	term-la-gi
q square là gì	statistical-term	q-square	sem	smartpls	term-la-gi
q square trong spss	statistical-term	q-square	sem	smartpls	term-la-gi
q square bao nhiêu là tốt	statistical-term	q-square	sem	smartpls	term-la-gi
r square là gì	statistical-term	r-square	sem	smartpls	term-la-gi
r square trong spss	statistical-term	r-square	sem	smartpls	term-la-gi
r square bao nhiêu là tốt	statistical-term	r-square	sem	smartpls	term-la-gi
chỉ số phù hợp mô hình là gì	statistical-term	chi-so-phu-hop-mo-hinh	sem	smartpls	term-la-gi
chỉ số phù hợp mô hình trong spss	statistical-term	chi-so-phu-hop-mo-hinh	sem	smartpls	term-la-gi
chỉ số phù hợp mô hình bao nhiêu là tốt	statistical-term	chi-so-phu-hop-mo-hinh	sem	smartpls	term-la-gi
cfi là gì	statistical-term	cfi	sem	smartpls	term-la-gi
cfi trong spss	statistical-term	cfi	sem	smartpls	term-la-gi
cfi bao nhiêu là tốt	statistical-term	cfi	sem	smartpls	term-la-gi
tli là gì	statistical-term	tli	sem	smartpls	term-la-gi
tli trong spss	statistical-term	tli	sem	smartpls	term-la-gi
tli bao nhiêu là tốt	statistical-term	tli	sem	smartpls	term-la-gi
rmsea là gì	statistical-term	rmsea	sem	smartpls	term-la-gi
rmsea trong spss	statistical-term	rmsea	sem	smartpls	term-la-gi
rmsea bao nhiêu là tốt	statistical-term	rmsea	sem	smartpls	term-la-gi
srmr là gì	statistical-term	srmr	sem	smartpls	term-la-gi
srmr trong spss	statistical-term	srmr	sem	smartpls	term-la-gi
srmr bao nhiêu là tốt	statistical-term	srmr	sem	smartpls	term-la-gi
chi square trên bậc tự do là gì	statistical-term	chi-square-tren-bac-tu-do	sem	smartpls	term-la-gi
chi square trên bậc tự do trong spss	statistical-term	chi-square-tren-bac-tu-do	sem	smartpls	term-la-gi
chi square trên bậc tự do bao nhiêu là tốt	statistical-term	chi-square-tren-bac-tu-do	sem	smartpls	term-la-gi
gfi là gì	statistical-term	gfi	sem	smartpls	term-la-gi
gfi trong spss	statistical-term	gfi	sem	smartpls	term-la-gi
gfi bao nhiêu là tốt	statistical-term	gfi	sem	smartpls	term-la-gi
modification indices là gì	statistical-term	modification-indices	sem	smartpls	term-la-gi
modification indices trong spss	statistical-term	modification-indices	sem	smartpls	term-la-gi
modification indices bao nhiêu là tốt	statistical-term	modification-indices	sem	smartpls	term-la-gi
thang đo bậc hai là gì	statistical-term	thang-do-bac-hai	sem	smartpls	term-la-gi
thang đo bậc hai trong spss	statistical-term	thang-do-bac-hai	sem	smartpls	term-la-gi
thang đo bậc hai bao nhiêu là tốt	statistical-term	thang-do-bac-hai	sem	smartpls	term-la-gi
thang đo cấu tạo là gì	statistical-term	thang-do-cau-tao	sem	smartpls	term-la-gi
thang đo cấu tạo trong spss	statistical-term	thang-do-cau-tao	sem	smartpls	term-la-gi
thang đo cấu tạo bao nhiêu là tốt	statistical-term	thang-do-cau-tao	sem	smartpls	term-la-gi
thang đo phản ánh là gì	statistical-term	thang-do-phan-anh	sem	smartpls	term-la-gi
thang đo phản ánh trong spss	statistical-term	thang-do-phan-anh	sem	smartpls	term-la-gi
thang đo phản ánh bao nhiêu là tốt	statistical-term	thang-do-phan-anh	sem	smartpls	term-la-gi
bootstrapping là gì	statistical-term	bootstrapping	sem	smartpls	term-la-gi
bootstrapping trong spss	statistical-term	bootstrapping	sem	smartpls	term-la-gi
bootstrapping bao nhiêu là tốt	statistical-term	bootstrapping	sem	smartpls	term-la-gi
blindfolding là gì	statistical-term	blindfolding	sem	smartpls	term-la-gi
blindfolding trong spss	statistical-term	blindfolding	sem	smartpls	term-la-gi
blindfolding bao nhiêu là tốt	statistical-term	blindfolding	sem	smartpls	term-la-gi
pls predict là gì	statistical-term	pls-predict	sem	smartpls	term-la-gi
pls predict trong spss	statistical-term	pls-predict	sem	smartpls	term-la-gi
pls predict bao nhiêu là tốt	statistical-term	pls-predict	sem	smartpls	term-la-gi
biến trung gian là gì	statistical-term	bien-trung-gian	mediation	mo-hinh-nghien-cuu	term-la-gi
biến trung gian trong spss	statistical-term	bien-trung-gian	mediation	mo-hinh-nghien-cuu	term-la-gi
biến trung gian bao nhiêu là tốt	statistical-term	bien-trung-gian	mediation	mo-hinh-nghien-cuu	term-la-gi
biến điều tiết là gì	statistical-term	bien-dieu-tiet	mediation	mo-hinh-nghien-cuu	term-la-gi
biến điều tiết trong spss	statistical-term	bien-dieu-tiet	mediation	mo-hinh-nghien-cuu	term-la-gi
biến điều tiết bao nhiêu là tốt	statistical-term	bien-dieu-tiet	mediation	mo-hinh-nghien-cuu	term-la-gi
biến kiểm soát là gì	statistical-term	bien-kiem-soat	mediation	mo-hinh-nghien-cuu	term-la-gi
biến kiểm soát trong spss	statistical-term	bien-kiem-soat	mediation	mo-hinh-nghien-cuu	term-la-gi
biến kiểm soát bao nhiêu là tốt	statistical-term	bien-kiem-soat	mediation	mo-hinh-nghien-cuu	term-la-gi
biến độc lập là gì	statistical-term	bien-doc-lap	mediation	mo-hinh-nghien-cuu	term-la-gi
biến độc lập trong spss	statistical-term	bien-doc-lap	mediation	mo-hinh-nghien-cuu	term-la-gi
biến độc lập bao nhiêu là tốt	statistical-term	bien-doc-lap	mediation	mo-hinh-nghien-cuu	term-la-gi
biến phụ thuộc là gì	statistical-term	bien-phu-thuoc	mediation	mo-hinh-nghien-cuu	term-la-gi
biến phụ thuộc trong spss	statistical-term	bien-phu-thuoc	mediation	mo-hinh-nghien-cuu	term-la-gi
biến phụ thuộc bao nhiêu là tốt	statistical-term	bien-phu-thuoc	mediation	mo-hinh-nghien-cuu	term-la-gi
tác động trực tiếp là gì	statistical-term	tac-dong-truc-tiep	mediation	mo-hinh-nghien-cuu	term-la-gi
tác động trực tiếp trong spss	statistical-term	tac-dong-truc-tiep	mediation	mo-hinh-nghien-cuu	term-la-gi
tác động trực tiếp bao nhiêu là tốt	statistical-term	tac-dong-truc-tiep	mediation	mo-hinh-nghien-cuu	term-la-gi
tác động gián tiếp là gì	statistical-term	tac-dong-gian-tiep	mediation	mo-hinh-nghien-cuu	term-la-gi
tác động gián tiếp trong spss	statistical-term	tac-dong-gian-tiep	mediation	mo-hinh-nghien-cuu	term-la-gi
tác động gián tiếp bao nhiêu là tốt	statistical-term	tac-dong-gian-tiep	mediation	mo-hinh-nghien-cuu	term-la-gi
tổng tác động là gì	statistical-term	tong-tac-dong	mediation	mo-hinh-nghien-cuu	term-la-gi
tổng tác động trong spss	statistical-term	tong-tac-dong	mediation	mo-hinh-nghien-cuu	term-la-gi
tổng tác động bao nhiêu là tốt	statistical-term	tong-tac-dong	mediation	mo-hinh-nghien-cuu	term-la-gi
vaf là gì	statistical-term	vaf	mediation	mo-hinh-nghien-cuu	term-la-gi
vaf trong spss	statistical-term	vaf	mediation	mo-hinh-nghien-cuu	term-la-gi
vaf bao nhiêu là tốt	statistical-term	vaf	mediation	mo-hinh-nghien-cuu	term-la-gi
biến tương tác là gì	statistical-term	bien-tuong-tac	mediation	mo-hinh-nghien-cuu	term-la-gi
biến tương tác trong spss	statistical-term	bien-tuong-tac	mediation	mo-hinh-nghien-cuu	term-la-gi
biến tương tác bao nhiêu là tốt	statistical-term	bien-tuong-tac	mediation	mo-hinh-nghien-cuu	term-la-gi
process macro là gì	statistical-term	process-macro	mediation	mo-hinh-nghien-cuu	term-la-gi
process macro trong spss	statistical-term	process-macro	mediation	mo-hinh-nghien-cuu	term-la-gi
process macro bao nhiêu là tốt	statistical-term	process-macro	mediation	mo-hinh-nghien-cuu	term-la-gi
sobel test là gì	statistical-term	sobel-test	mediation	mo-hinh-nghien-cuu	term-la-gi
sobel test bao nhiêu là tốt	statistical-term	sobel-test	mediation	mo-hinh-nghien-cuu	term-la-gi
thang đo likert là gì	statistical-term	thang-do-likert	measurement	khao-sat	term-la-gi
thang đo likert trong spss	statistical-term	thang-do-likert	measurement	khao-sat	term-la-gi
thang đo likert bao nhiêu là tốt	statistical-term	thang-do-likert	measurement	khao-sat	term-la-gi
thang đo định danh là gì	statistical-term	thang-do-dinh-danh	measurement	khao-sat	term-la-gi
thang đo định danh trong spss	statistical-term	thang-do-dinh-danh	measurement	khao-sat	term-la-gi
thang đo định danh bao nhiêu là tốt	statistical-term	thang-do-dinh-danh	measurement	khao-sat	term-la-gi
thang đo thứ bậc là gì	statistical-term	thang-do-thu-bac	measurement	khao-sat	term-la-gi
thang đo thứ bậc trong spss	statistical-term	thang-do-thu-bac	measurement	khao-sat	term-la-gi
thang đo thứ bậc bao nhiêu là tốt	statistical-term	thang-do-thu-bac	measurement	khao-sat	term-la-gi
thang đo khoảng là gì	statistical-term	thang-do-khoang	measurement	khao-sat	term-la-gi
thang đo khoảng trong spss	statistical-term	thang-do-khoang	measurement	khao-sat	term-la-gi
thang đo khoảng bao nhiêu là tốt	statistical-term	thang-do-khoang	measurement	khao-sat	term-la-gi
thang đo tỷ lệ là gì	statistical-term	thang-do-ty-le	measurement	khao-sat	term-la-gi
thang đo tỷ lệ trong spss	statistical-term	thang-do-ty-le	measurement	khao-sat	term-la-gi
thang đo tỷ lệ bao nhiêu là tốt	statistical-term	thang-do-ty-le	measurement	khao-sat	term-la-gi
thang đo đối nghĩa là gì	statistical-term	thang-do-doi-nghia	measurement	khao-sat	term-la-gi
thang đo đối nghĩa trong spss	statistical-term	thang-do-doi-nghia	measurement	khao-sat	term-la-gi
thang đo đối nghĩa bao nhiêu là tốt	statistical-term	thang-do-doi-nghia	measurement	khao-sat	term-la-gi
mã hóa biến là gì	statistical-term	ma-hoa-bien	measurement	khao-sat	term-la-gi
mã hóa biến trong spss	statistical-term	ma-hoa-bien	measurement	khao-sat	term-la-gi
mã hóa biến bao nhiêu là tốt	statistical-term	ma-hoa-bien	measurement	khao-sat	term-la-gi
biến đảo ngược là gì	statistical-term	bien-dao-nguoc	measurement	khao-sat	term-la-gi
biến đảo ngược trong spss	statistical-term	bien-dao-nguoc	measurement	khao-sat	term-la-gi
biến đảo ngược bao nhiêu là tốt	statistical-term	bien-dao-nguoc	measurement	khao-sat	term-la-gi
biến định tính là gì	statistical-term	bien-dinh-tinh	measurement	khao-sat	term-la-gi
biến định tính trong spss	statistical-term	bien-dinh-tinh	measurement	khao-sat	term-la-gi
biến định tính bao nhiêu là tốt	statistical-term	bien-dinh-tinh	measurement	khao-sat	term-la-gi
biến định lượng là gì	statistical-term	bien-dinh-luong	measurement	khao-sat	term-la-gi
biến định lượng trong spss	statistical-term	bien-dinh-luong	measurement	khao-sat	term-la-gi
biến định lượng bao nhiêu là tốt	statistical-term	bien-dinh-luong	measurement	khao-sat	term-la-gi
biến đại diện là gì	statistical-term	bien-dai-dien	measurement	khao-sat	term-la-gi
biến đại diện trong spss	statistical-term	bien-dai-dien	measurement	khao-sat	term-la-gi
biến đại diện bao nhiêu là tốt	statistical-term	bien-dai-dien	measurement	khao-sat	term-la-gi
cỡ mẫu là gì	statistical-term	co-mau	sampling	khao-sat	term-la-gi
cỡ mẫu trong spss	statistical-term	co-mau	sampling	khao-sat	term-la-gi
cỡ mẫu bao nhiêu là tốt	statistical-term	co-mau	sampling	khao-sat	term-la-gi
cỡ mẫu tối thiểu là gì	statistical-term	co-mau-toi-thieu	sampling	khao-sat	term-la-gi
cỡ mẫu tối thiểu trong spss	statistical-term	co-mau-toi-thieu	sampling	khao-sat	term-la-gi
cỡ mẫu tối thiểu bao nhiêu là tốt	statistical-term	co-mau-toi-thieu	sampling	khao-sat	term-la-gi
chọn mẫu thuận tiện là gì	statistical-term	chon-mau-thuan-tien	sampling	khao-sat	term-la-gi
chọn mẫu thuận tiện trong spss	statistical-term	chon-mau-thuan-tien	sampling	khao-sat	term-la-gi
chọn mẫu thuận tiện bao nhiêu là tốt	statistical-term	chon-mau-thuan-tien	sampling	khao-sat	term-la-gi
chọn mẫu ngẫu nhiên là gì	statistical-term	chon-mau-ngau-nhien	sampling	khao-sat	term-la-gi
chọn mẫu ngẫu nhiên trong spss	statistical-term	chon-mau-ngau-nhien	sampling	khao-sat	term-la-gi
chọn mẫu ngẫu nhiên bao nhiêu là tốt	statistical-term	chon-mau-ngau-nhien	sampling	khao-sat	term-la-gi
chọn mẫu phân tầng là gì	statistical-term	chon-mau-phan-tang	sampling	khao-sat	term-la-gi
chọn mẫu phân tầng trong spss	statistical-term	chon-mau-phan-tang	sampling	khao-sat	term-la-gi
chọn mẫu phân tầng bao nhiêu là tốt	statistical-term	chon-mau-phan-tang	sampling	khao-sat	term-la-gi
chọn mẫu theo cụm là gì	statistical-term	chon-mau-theo-cum	sampling	khao-sat	term-la-gi
chọn mẫu theo cụm trong spss	statistical-term	chon-mau-theo-cum	sampling	khao-sat	term-la-gi
chọn mẫu theo cụm bao nhiêu là tốt	statistical-term	chon-mau-theo-cum	sampling	khao-sat	term-la-gi
chọn mẫu hạn ngạch là gì	statistical-term	chon-mau-han-ngach	sampling	khao-sat	term-la-gi
chọn mẫu hạn ngạch trong spss	statistical-term	chon-mau-han-ngach	sampling	khao-sat	term-la-gi
chọn mẫu hạn ngạch bao nhiêu là tốt	statistical-term	chon-mau-han-ngach	sampling	khao-sat	term-la-gi
sai số chọn mẫu là gì	statistical-term	sai-so-chon-mau	sampling	khao-sat	term-la-gi
sai số chọn mẫu trong spss	statistical-term	sai-so-chon-mau	sampling	khao-sat	term-la-gi
sai số chọn mẫu bao nhiêu là tốt	statistical-term	sai-so-chon-mau	sampling	khao-sat	term-la-gi
tổng thể nghiên cứu là gì	statistical-term	tong-the-nghien-cuu	sampling	khao-sat	term-la-gi
tổng thể nghiên cứu trong spss	statistical-term	tong-the-nghien-cuu	sampling	khao-sat	term-la-gi
tổng thể nghiên cứu bao nhiêu là tốt	statistical-term	tong-the-nghien-cuu	sampling	khao-sat	term-la-gi
khung mẫu là gì	statistical-term	khung-mau	sampling	khao-sat	term-la-gi
khung mẫu trong spss	statistical-term	khung-mau	sampling	khao-sat	term-la-gi
khung mẫu bao nhiêu là tốt	statistical-term	khung-mau	sampling	khao-sat	term-la-gi
t test là gì	statistical-term	t-test	test-term	thong-ke	term-la-gi
t test trong spss	statistical-term	t-test	test-term	thong-ke	term-la-gi
t test bao nhiêu là tốt	statistical-term	t-test	test-term	thong-ke	term-la-gi
anova là gì	statistical-term	anova	test-term	thong-ke	term-la-gi
anova trong spss	statistical-term	anova	test-term	thong-ke	term-la-gi
anova bao nhiêu là tốt	statistical-term	anova	test-term	thong-ke	term-la-gi
kiểm định chi bình phương là gì	statistical-term	kiem-dinh-chi-binh-phuong	test-term	thong-ke	term-la-gi
kiểm định chi bình phương bao nhiêu là tốt	statistical-term	kiem-dinh-chi-binh-phuong	test-term	thong-ke	term-la-gi
mann whitney là gì	statistical-term	mann-whitney	test-term	thong-ke	term-la-gi
mann whitney bao nhiêu là tốt	statistical-term	mann-whitney	test-term	thong-ke	term-la-gi
kruskal wallis là gì	statistical-term	kruskal-wallis	test-term	thong-ke	term-la-gi
kruskal wallis bao nhiêu là tốt	statistical-term	kruskal-wallis	test-term	thong-ke	term-la-gi
wilcoxon là gì	statistical-term	wilcoxon	test-term	thong-ke	term-la-gi
wilcoxon bao nhiêu là tốt	statistical-term	wilcoxon	test-term	thong-ke	term-la-gi
kiểm định levene là gì	statistical-term	kiem-dinh-levene	test-term	thong-ke	term-la-gi
kiểm định levene bao nhiêu là tốt	statistical-term	kiem-dinh-levene	test-term	thong-ke	term-la-gi
kiểm định welch là gì	statistical-term	kiem-dinh-welch	test-term	thong-ke	term-la-gi
kiểm định welch trong spss	statistical-term	kiem-dinh-welch	test-term	thong-ke	term-la-gi
kiểm định welch bao nhiêu là tốt	statistical-term	kiem-dinh-welch	test-term	thong-ke	term-la-gi
post hoc là gì	statistical-term	post-hoc	test-term	thong-ke	term-la-gi
post hoc trong spss	statistical-term	post-hoc	test-term	thong-ke	term-la-gi
post hoc bao nhiêu là tốt	statistical-term	post-hoc	test-term	thong-ke	term-la-gi
kiểm định tukey là gì	statistical-term	kiem-dinh-tukey	test-term	thong-ke	term-la-gi
kiểm định tukey trong spss	statistical-term	kiem-dinh-tukey	test-term	thong-ke	term-la-gi
kiểm định tukey bao nhiêu là tốt	statistical-term	kiem-dinh-tukey	test-term	thong-ke	term-la-gi
hiệu chỉnh bonferroni là gì	statistical-term	hieu-chinh-bonferroni	test-term	thong-ke	term-la-gi
hiệu chỉnh bonferroni trong spss	statistical-term	hieu-chinh-bonferroni	test-term	thong-ke	term-la-gi
hiệu chỉnh bonferroni bao nhiêu là tốt	statistical-term	hieu-chinh-bonferroni	test-term	thong-ke	term-la-gi
kolmogorov smirnov là gì	statistical-term	kolmogorov-smirnov	test-term	thong-ke	term-la-gi
kolmogorov smirnov trong spss	statistical-term	kolmogorov-smirnov	test-term	thong-ke	term-la-gi
kolmogorov smirnov bao nhiêu là tốt	statistical-term	kolmogorov-smirnov	test-term	thong-ke	term-la-gi
shapiro wilk là gì	statistical-term	shapiro-wilk	test-term	thong-ke	term-la-gi
shapiro wilk trong spss	statistical-term	shapiro-wilk	test-term	thong-ke	term-la-gi
shapiro wilk bao nhiêu là tốt	statistical-term	shapiro-wilk	test-term	thong-ke	term-la-gi
manova là gì	statistical-term	manova	test-term	thong-ke	term-la-gi
manova bao nhiêu là tốt	statistical-term	manova	test-term	thong-ke	term-la-gi
ancova là gì	statistical-term	ancova	test-term	thong-ke	term-la-gi
ancova bao nhiêu là tốt	statistical-term	ancova	test-term	thong-ke	term-la-gi
common method bias là gì	statistical-term	common-method-bias	bias	thong-ke	term-la-gi
common method bias trong spss	statistical-term	common-method-bias	bias	thong-ke	term-la-gi
common method bias bao nhiêu là tốt	statistical-term	common-method-bias	bias	thong-ke	term-la-gi
harman single factor là gì	statistical-term	harman-single-factor	bias	thong-ke	term-la-gi
harman single factor trong spss	statistical-term	harman-single-factor	bias	thong-ke	term-la-gi
harman single factor bao nhiêu là tốt	statistical-term	harman-single-factor	bias	thong-ke	term-la-gi
thiên lệch mong muốn xã hội là gì	statistical-term	thien-lech-mong-muon-xa-hoi	bias	thong-ke	term-la-gi
thiên lệch mong muốn xã hội trong spss	statistical-term	thien-lech-mong-muon-xa-hoi	bias	thong-ke	term-la-gi
thiên lệch mong muốn xã hội bao nhiêu là tốt	statistical-term	thien-lech-mong-muon-xa-hoi	bias	thong-ke	term-la-gi
thiên lệch không phản hồi là gì	statistical-term	thien-lech-khong-phan-hoi	bias	thong-ke	term-la-gi
thiên lệch không phản hồi trong spss	statistical-term	thien-lech-khong-phan-hoi	bias	thong-ke	term-la-gi
thiên lệch không phản hồi bao nhiêu là tốt	statistical-term	thien-lech-khong-phan-hoi	bias	thong-ke	term-la-gi
dữ liệu sơ cấp là gì	statistical-term	du-lieu-so-cap	data	phan-tich-du-lieu	term-la-gi
dữ liệu sơ cấp trong spss	statistical-term	du-lieu-so-cap	data	phan-tich-du-lieu	term-la-gi
dữ liệu sơ cấp bao nhiêu là tốt	statistical-term	du-lieu-so-cap	data	phan-tich-du-lieu	term-la-gi
dữ liệu thứ cấp là gì	statistical-term	du-lieu-thu-cap	data	phan-tich-du-lieu	term-la-gi
dữ liệu thứ cấp trong spss	statistical-term	du-lieu-thu-cap	data	phan-tich-du-lieu	term-la-gi
dữ liệu thứ cấp bao nhiêu là tốt	statistical-term	du-lieu-thu-cap	data	phan-tich-du-lieu	term-la-gi
dữ liệu bảng là gì	statistical-term	du-lieu-bang	data	phan-tich-du-lieu	term-la-gi
dữ liệu bảng trong spss	statistical-term	du-lieu-bang	data	phan-tich-du-lieu	term-la-gi
dữ liệu bảng bao nhiêu là tốt	statistical-term	du-lieu-bang	data	phan-tich-du-lieu	term-la-gi
nghiên cứu cắt ngang là gì	statistical-term	nghien-cuu-cat-ngang	data	phan-tich-du-lieu	term-la-gi
nghiên cứu cắt ngang trong spss	statistical-term	nghien-cuu-cat-ngang	data	phan-tich-du-lieu	term-la-gi
nghiên cứu cắt ngang bao nhiêu là tốt	statistical-term	nghien-cuu-cat-ngang	data	phan-tich-du-lieu	term-la-gi
nghiên cứu theo thời gian là gì	statistical-term	nghien-cuu-theo-thoi-gian	data	phan-tich-du-lieu	term-la-gi
nghiên cứu theo thời gian trong spss	statistical-term	nghien-cuu-theo-thoi-gian	data	phan-tich-du-lieu	term-la-gi
nghiên cứu theo thời gian bao nhiêu là tốt	statistical-term	nghien-cuu-theo-thoi-gian	data	phan-tich-du-lieu	term-la-gi
làm sạch dữ liệu là gì	statistical-term	lam-sach-du-lieu	data	phan-tich-du-lieu	term-la-gi
làm sạch dữ liệu trong spss	statistical-term	lam-sach-du-lieu	data	phan-tich-du-lieu	term-la-gi
làm sạch dữ liệu bao nhiêu là tốt	statistical-term	lam-sach-du-lieu	data	phan-tich-du-lieu	term-la-gi
chuẩn hóa dữ liệu là gì	statistical-term	chuan-hoa-du-lieu	data	phan-tich-du-lieu	term-la-gi
chuẩn hóa dữ liệu trong spss	statistical-term	chuan-hoa-du-lieu	data	phan-tich-du-lieu	term-la-gi
chuẩn hóa dữ liệu bao nhiêu là tốt	statistical-term	chuan-hoa-du-lieu	data	phan-tich-du-lieu	term-la-gi
file sav là gì	statistical-term	file-sav	data	phan-tich-du-lieu	term-la-gi
file sav trong spss	statistical-term	file-sav	data	phan-tich-du-lieu	term-la-gi
file sav bao nhiêu là tốt	statistical-term	file-sav	data	phan-tich-du-lieu	term-la-gi
nhập liệu spss là gì	statistical-term	nhap-lieu-spss	data	phan-tich-du-lieu	term-la-gi
nhập liệu spss trong spss	statistical-term	nhap-lieu-spss	data	phan-tich-du-lieu	term-la-gi
nhập liệu spss bao nhiêu là tốt	statistical-term	nhap-lieu-spss	data	phan-tich-du-lieu	term-la-gi
phân phối t là gì	statistical-term	phan-phoi-t	inference	thong-ke	term-la-gi
phân phối t trong spss	statistical-term	phan-phoi-t	inference	thong-ke	term-la-gi
phân phối t bao nhiêu là tốt	statistical-term	phan-phoi-t	inference	thong-ke	term-la-gi
phân phối chi bình phương là gì	statistical-term	phan-phoi-chi-binh-phuong	inference	thong-ke	term-la-gi
phân phối chi bình phương trong spss	statistical-term	phan-phoi-chi-binh-phuong	inference	thong-ke	term-la-gi
phân phối chi bình phương bao nhiêu là tốt	statistical-term	phan-phoi-chi-binh-phuong	inference	thong-ke	term-la-gi
kiểm định tham số là gì	statistical-term	kiem-dinh-tham-so	test-term	thong-ke	term-la-gi
kiểm định tham số trong spss	statistical-term	kiem-dinh-tham-so	test-term	thong-ke	term-la-gi
kiểm định tham số bao nhiêu là tốt	statistical-term	kiem-dinh-tham-so	test-term	thong-ke	term-la-gi
kiểm định phi tham số là gì	statistical-term	kiem-dinh-phi-tham-so	test-term	thong-ke	term-la-gi
kiểm định phi tham số trong spss	statistical-term	kiem-dinh-phi-tham-so	test-term	thong-ke	term-la-gi
kiểm định phi tham số bao nhiêu là tốt	statistical-term	kiem-dinh-phi-tham-so	test-term	thong-ke	term-la-gi
kiểm định trung bình hai tổng thể là gì	statistical-term	kiem-dinh-trung-binh-hai-tong-the	test-term	thong-ke	term-la-gi
kiểm định trung bình hai tổng thể trong spss	statistical-term	kiem-dinh-trung-binh-hai-tong-the	test-term	thong-ke	term-la-gi
kiểm định trung bình hai tổng thể bao nhiêu là tốt	statistical-term	kiem-dinh-trung-binh-hai-tong-the	test-term	thong-ke	term-la-gi
giả định hồi quy là gì	statistical-term	gia-dinh-hoi-quy	regression	thong-ke	term-la-gi
giả định hồi quy trong spss	statistical-term	gia-dinh-hoi-quy	regression	thong-ke	term-la-gi
giả định hồi quy bao nhiêu là tốt	statistical-term	gia-dinh-hoi-quy	regression	thong-ke	term-la-gi
tự tương quan là gì	statistical-term	tu-tuong-quan	regression	thong-ke	term-la-gi
tự tương quan trong spss	statistical-term	tu-tuong-quan	regression	thong-ke	term-la-gi
tự tương quan bao nhiêu là tốt	statistical-term	tu-tuong-quan	regression	thong-ke	term-la-gi
odds ratio là gì	statistical-term	odds-ratio	regression	thong-ke	term-la-gi
odds ratio trong spss	statistical-term	odds-ratio	regression	thong-ke	term-la-gi
odds ratio bao nhiêu là tốt	statistical-term	odds-ratio	regression	thong-ke	term-la-gi
nagelkerke r square là gì	statistical-term	nagelkerke-r-square	regression	thong-ke	term-la-gi
nagelkerke r square trong spss	statistical-term	nagelkerke-r-square	regression	thong-ke	term-la-gi
nagelkerke r square bao nhiêu là tốt	statistical-term	nagelkerke-r-square	regression	thong-ke	term-la-gi
hệ số hồi quy chưa chuẩn hóa là gì	statistical-term	he-so-hoi-quy-chua-chuan-hoa	regression	thong-ke	term-la-gi
hệ số hồi quy chưa chuẩn hóa trong spss	statistical-term	he-so-hoi-quy-chua-chuan-hoa	regression	thong-ke	term-la-gi
hệ số hồi quy chưa chuẩn hóa bao nhiêu là tốt	statistical-term	he-so-hoi-quy-chua-chuan-hoa	regression	thong-ke	term-la-gi
trung gian toàn phần là gì	statistical-term	trung-gian-toan-phan	mediation	mo-hinh-nghien-cuu	term-la-gi
trung gian toàn phần trong spss	statistical-term	trung-gian-toan-phan	mediation	mo-hinh-nghien-cuu	term-la-gi
trung gian toàn phần bao nhiêu là tốt	statistical-term	trung-gian-toan-phan	mediation	mo-hinh-nghien-cuu	term-la-gi
trung gian một phần là gì	statistical-term	trung-gian-mot-phan	mediation	mo-hinh-nghien-cuu	term-la-gi
trung gian một phần trong spss	statistical-term	trung-gian-mot-phan	mediation	mo-hinh-nghien-cuu	term-la-gi
trung gian một phần bao nhiêu là tốt	statistical-term	trung-gian-mot-phan	mediation	mo-hinh-nghien-cuu	term-la-gi
thang đo đơn hướng là gì	statistical-term	thang-do-don-huong	measurement	khao-sat	term-la-gi
thang đo đơn hướng trong spss	statistical-term	thang-do-don-huong	measurement	khao-sat	term-la-gi
thang đo đơn hướng bao nhiêu là tốt	statistical-term	thang-do-don-huong	measurement	khao-sat	term-la-gi
thang đo đa hướng là gì	statistical-term	thang-do-da-huong	measurement	khao-sat	term-la-gi
thang đo đa hướng trong spss	statistical-term	thang-do-da-huong	measurement	khao-sat	term-la-gi
thang đo đa hướng bao nhiêu là tốt	statistical-term	thang-do-da-huong	measurement	khao-sat	term-la-gi
mẫu nghiên cứu là gì	statistical-term	mau-nghien-cuu	sampling	khao-sat	term-la-gi
mẫu nghiên cứu trong spss	statistical-term	mau-nghien-cuu	sampling	khao-sat	term-la-gi
mẫu nghiên cứu bao nhiêu là tốt	statistical-term	mau-nghien-cuu	sampling	khao-sat	term-la-gi
số quan sát trên một biến quan sát là gì	statistical-term	so-quan-sat-tren-mot-bien-quan-sat	sampling	khao-sat	term-la-gi
số quan sát trên một biến quan sát trong spss	statistical-term	so-quan-sat-tren-mot-bien-quan-sat	sampling	khao-sat	term-la-gi
số quan sát trên một biến quan sát bao nhiêu là tốt	statistical-term	so-quan-sat-tren-mot-bien-quan-sat	sampling	khao-sat	term-la-gi
cohen d là gì	statistical-term	cohen-d	effect-size	thong-ke	term-la-gi
cohen d trong spss	statistical-term	cohen-d	effect-size	thong-ke	term-la-gi
cohen d bao nhiêu là tốt	statistical-term	cohen-d	effect-size	thong-ke	term-la-gi
eta bình phương là gì	statistical-term	eta-binh-phuong	effect-size	thong-ke	term-la-gi
eta bình phương trong spss	statistical-term	eta-binh-phuong	effect-size	thong-ke	term-la-gi
eta bình phương bao nhiêu là tốt	statistical-term	eta-binh-phuong	effect-size	thong-ke	term-la-gi
partial eta bình phương là gì	statistical-term	partial-eta-binh-phuong	effect-size	thong-ke	term-la-gi
partial eta bình phương trong spss	statistical-term	partial-eta-binh-phuong	effect-size	thong-ke	term-la-gi
partial eta bình phương bao nhiêu là tốt	statistical-term	partial-eta-binh-phuong	effect-size	thong-ke	term-la-gi
omega bình phương là gì	statistical-term	omega-binh-phuong	effect-size	thong-ke	term-la-gi
omega bình phương trong spss	statistical-term	omega-binh-phuong	effect-size	thong-ke	term-la-gi
omega bình phương bao nhiêu là tốt	statistical-term	omega-binh-phuong	effect-size	thong-ke	term-la-gi
hệ số cramer v là gì	statistical-term	he-so-cramer-v	effect-size	thong-ke	term-la-gi
hệ số cramer v trong spss	statistical-term	he-so-cramer-v	effect-size	thong-ke	term-la-gi
hệ số cramer v bao nhiêu là tốt	statistical-term	he-so-cramer-v	effect-size	thong-ke	term-la-gi
hệ số phi là gì	statistical-term	he-so-phi	effect-size	thong-ke	term-la-gi
hệ số phi trong spss	statistical-term	he-so-phi	effect-size	thong-ke	term-la-gi
hệ số phi bao nhiêu là tốt	statistical-term	he-so-phi	effect-size	thong-ke	term-la-gi
hệ số kappa là gì	statistical-term	he-so-kappa	effect-size	thong-ke	term-la-gi
hệ số kappa trong spss	statistical-term	he-so-kappa	effect-size	thong-ke	term-la-gi
hệ số kappa bao nhiêu là tốt	statistical-term	he-so-kappa	effect-size	thong-ke	term-la-gi
nguy cơ tương đối là gì	statistical-term	nguy-co-tuong-doi	effect-size	thong-ke	term-la-gi
nguy cơ tương đối trong spss	statistical-term	nguy-co-tuong-doi	effect-size	thong-ke	term-la-gi
nguy cơ tương đối bao nhiêu là tốt	statistical-term	nguy-co-tuong-doi	effect-size	thong-ke	term-la-gi
khoảng tin cậy bootstrap là gì	statistical-term	khoang-tin-cay-bootstrap	inference	thong-ke	term-la-gi
khoảng tin cậy bootstrap trong spss	statistical-term	khoang-tin-cay-bootstrap	inference	thong-ke	term-la-gi
khoảng tin cậy bootstrap bao nhiêu là tốt	statistical-term	khoang-tin-cay-bootstrap	inference	thong-ke	term-la-gi
phân phối f là gì	statistical-term	phan-phoi-f	inference	thong-ke	term-la-gi
phân phối f trong spss	statistical-term	phan-phoi-f	inference	thong-ke	term-la-gi
phân phối f bao nhiêu là tốt	statistical-term	phan-phoi-f	inference	thong-ke	term-la-gi
bất biến đo lường là gì	statistical-term	bat-bien-do-luong	invariance	smartpls	term-la-gi
bất biến đo lường trong spss	statistical-term	bat-bien-do-luong	invariance	smartpls	term-la-gi
bất biến đo lường bao nhiêu là tốt	statistical-term	bat-bien-do-luong	invariance	smartpls	term-la-gi
bất biến cấu hình là gì	statistical-term	bat-bien-cau-hinh	invariance	smartpls	term-la-gi
bất biến cấu hình trong spss	statistical-term	bat-bien-cau-hinh	invariance	smartpls	term-la-gi
bất biến cấu hình bao nhiêu là tốt	statistical-term	bat-bien-cau-hinh	invariance	smartpls	term-la-gi
sai số đo lường là gì	statistical-term	sai-so-do-luong	measurement	thong-ke	term-la-gi
sai số đo lường trong spss	statistical-term	sai-so-do-luong	measurement	thong-ke	term-la-gi
sai số đo lường bao nhiêu là tốt	statistical-term	sai-so-do-luong	measurement	thong-ke	term-la-gi
cơ chế dữ liệu khuyết là gì	statistical-term	co-che-du-lieu-khuyet	missing-data	thong-ke	term-la-gi
cơ chế dữ liệu khuyết trong spss	statistical-term	co-che-du-lieu-khuyet	missing-data	thong-ke	term-la-gi
cơ chế dữ liệu khuyết bao nhiêu là tốt	statistical-term	co-che-du-lieu-khuyet	missing-data	thong-ke	term-la-gi
kiểm định little mcar là gì	statistical-term	kiem-dinh-little-mcar	missing-data	thong-ke	term-la-gi
kiểm định little mcar trong spss	statistical-term	kiem-dinh-little-mcar	missing-data	thong-ke	term-la-gi
kiểm định little mcar bao nhiêu là tốt	statistical-term	kiem-dinh-little-mcar	missing-data	thong-ke	term-la-gi
listwise và pairwise deletion là gì	statistical-term	listwise-pairwise-deletion	missing-data	thong-ke	term-la-gi
listwise và pairwise deletion trong spss	statistical-term	listwise-pairwise-deletion	missing-data	thong-ke	term-la-gi
listwise và pairwise deletion bao nhiêu là tốt	statistical-term	listwise-pairwise-deletion	missing-data	thong-ke	term-la-gi
multiple imputation là gì	statistical-term	multiple-imputation	missing-data	thong-ke	term-la-gi
multiple imputation trong spss	statistical-term	multiple-imputation	missing-data	thong-ke	term-la-gi
multiple imputation bao nhiêu là tốt	statistical-term	multiple-imputation	missing-data	thong-ke	term-la-gi
thay thế giá trị khuyết bằng trung bình là gì	statistical-term	thay-the-gia-tri-khuyet-bang-trung-binh	missing-data	thong-ke	term-la-gi
thay thế giá trị khuyết bằng trung bình trong spss	statistical-term	thay-the-gia-tri-khuyet-bang-trung-binh	missing-data	thong-ke	term-la-gi
thay thế giá trị khuyết bằng trung bình bao nhiêu là tốt	statistical-term	thay-the-gia-tri-khuyet-bang-trung-binh	missing-data	thong-ke	term-la-gi
kiểm định friedman là gì	statistical-term	kiem-dinh-friedman	test-term	thong-ke	term-la-gi
kiểm định friedman bao nhiêu là tốt	statistical-term	kiem-dinh-friedman	test-term	thong-ke	term-la-gi
kiểm định mcnemar là gì	statistical-term	kiem-dinh-mcnemar	test-term	thong-ke	term-la-gi
kiểm định mcnemar bao nhiêu là tốt	statistical-term	kiem-dinh-mcnemar	test-term	thong-ke	term-la-gi
kiểm định dấu là gì	statistical-term	kiem-dinh-dau	test-term	thong-ke	term-la-gi
kiểm định dấu bao nhiêu là tốt	statistical-term	kiem-dinh-dau	test-term	thong-ke	term-la-gi
kiểm định runs là gì	statistical-term	kiem-dinh-runs	test-term	thong-ke	term-la-gi
kiểm định runs bao nhiêu là tốt	statistical-term	kiem-dinh-runs	test-term	thong-ke	term-la-gi
kiểm định binomial là gì	statistical-term	kiem-dinh-binomial	test-term	thong-ke	term-la-gi
kiểm định binomial bao nhiêu là tốt	statistical-term	kiem-dinh-binomial	test-term	thong-ke	term-la-gi
kiểm định cochran q là gì	statistical-term	kiem-dinh-cochran-q	test-term	thong-ke	term-la-gi
kiểm định cochran q bao nhiêu là tốt	statistical-term	kiem-dinh-cochran-q	test-term	thong-ke	term-la-gi
fisher exact test là gì	statistical-term	fisher-exact-test	test-term	thong-ke	term-la-gi
fisher exact test trong spss	statistical-term	fisher-exact-test	test-term	thong-ke	term-la-gi
fisher exact test bao nhiêu là tốt	statistical-term	fisher-exact-test	test-term	thong-ke	term-la-gi
đường cong roc là gì	statistical-term	duong-cong-roc	test-term	thong-ke	term-la-gi
đường cong roc trong spss	statistical-term	duong-cong-roc	test-term	thong-ke	term-la-gi
đường cong roc bao nhiêu là tốt	statistical-term	duong-cong-roc	test-term	thong-ke	term-la-gi
độ nhạy và độ đặc hiệu là gì	statistical-term	do-nhay-do-dac-hieu	test-term	thong-ke	term-la-gi
độ nhạy và độ đặc hiệu trong spss	statistical-term	do-nhay-do-dac-hieu	test-term	thong-ke	term-la-gi
độ nhạy và độ đặc hiệu bao nhiêu là tốt	statistical-term	do-nhay-do-dac-hieu	test-term	thong-ke	term-la-gi
tương quan kendall tau là gì	statistical-term	tuong-quan-kendall-tau	correlation	thong-ke	term-la-gi
tương quan kendall tau bao nhiêu là tốt	statistical-term	tuong-quan-kendall-tau	correlation	thong-ke	term-la-gi
tính dừng của chuỗi thời gian là gì	statistical-term	tinh-dung-chuoi-thoi-gian	timeseries	thong-ke	term-la-gi
tính dừng của chuỗi thời gian trong spss	statistical-term	tinh-dung-chuoi-thoi-gian	timeseries	thong-ke	term-la-gi
tính dừng của chuỗi thời gian bao nhiêu là tốt	statistical-term	tinh-dung-chuoi-thoi-gian	timeseries	thong-ke	term-la-gi
kiểm định adf là gì	statistical-term	kiem-dinh-adf	timeseries	thong-ke	term-la-gi
kiểm định adf trong spss	statistical-term	kiem-dinh-adf	timeseries	thong-ke	term-la-gi
kiểm định adf bao nhiêu là tốt	statistical-term	kiem-dinh-adf	timeseries	thong-ke	term-la-gi
đồng liên kết là gì	statistical-term	dong-lien-ket	timeseries	thong-ke	term-la-gi
đồng liên kết trong spss	statistical-term	dong-lien-ket	timeseries	thong-ke	term-la-gi
đồng liên kết bao nhiêu là tốt	statistical-term	dong-lien-ket	timeseries	thong-ke	term-la-gi
nhân quả granger là gì	statistical-term	nhan-qua-granger	timeseries	thong-ke	term-la-gi
nhân quả granger trong spss	statistical-term	nhan-qua-granger	timeseries	thong-ke	term-la-gi
nhân quả granger bao nhiêu là tốt	statistical-term	nhan-qua-granger	timeseries	thong-ke	term-la-gi
độ trễ tối ưu là gì	statistical-term	do-tre-toi-uu	timeseries	thong-ke	term-la-gi
độ trễ tối ưu trong spss	statistical-term	do-tre-toi-uu	timeseries	thong-ke	term-la-gi
độ trễ tối ưu bao nhiêu là tốt	statistical-term	do-tre-toi-uu	timeseries	thong-ke	term-la-gi
kiểm định hausman là gì	statistical-term	kiem-dinh-hausman	timeseries	thong-ke	term-la-gi
kiểm định hausman trong spss	statistical-term	kiem-dinh-hausman	timeseries	thong-ke	term-la-gi
kiểm định hausman bao nhiêu là tốt	statistical-term	kiem-dinh-hausman	timeseries	thong-ke	term-la-gi
hồi quy gmm là gì	statistical-term	hoi-quy-gmm	timeseries	thong-ke	term-la-gi
hồi quy gmm trong spss	statistical-term	hoi-quy-gmm	timeseries	thong-ke	term-la-gi
hồi quy gmm bao nhiêu là tốt	statistical-term	hoi-quy-gmm	timeseries	thong-ke	term-la-gi
hồi quy pooled ols là gì	statistical-term	hoi-quy-pooled-ols	timeseries	thong-ke	term-la-gi
hồi quy pooled ols trong spss	statistical-term	hoi-quy-pooled-ols	timeseries	thong-ke	term-la-gi
hồi quy pooled ols bao nhiêu là tốt	statistical-term	hoi-quy-pooled-ols	timeseries	thong-ke	term-la-gi
kiểm định breusch pagan là gì	statistical-term	kiem-dinh-breusch-pagan	timeseries	thong-ke	term-la-gi
kiểm định breusch pagan trong spss	statistical-term	kiem-dinh-breusch-pagan	timeseries	thong-ke	term-la-gi
kiểm định breusch pagan bao nhiêu là tốt	statistical-term	kiem-dinh-breusch-pagan	timeseries	thong-ke	term-la-gi
kiểm định wooldridge là gì	statistical-term	kiem-dinh-wooldridge	timeseries	thong-ke	term-la-gi
kiểm định wooldridge trong spss	statistical-term	kiem-dinh-wooldridge	timeseries	thong-ke	term-la-gi
kiểm định wooldridge bao nhiêu là tốt	statistical-term	kiem-dinh-wooldridge	timeseries	thong-ke	term-la-gi
sai số chuẩn vững là gì	statistical-term	sai-so-chuan-vung	timeseries	thong-ke	term-la-gi
sai số chuẩn vững trong spss	statistical-term	sai-so-chuan-vung	timeseries	thong-ke	term-la-gi
sai số chuẩn vững bao nhiêu là tốt	statistical-term	sai-so-chuan-vung	timeseries	thong-ke	term-la-gi
sai số chuẩn theo cụm là gì	statistical-term	sai-so-chuan-theo-cum	timeseries	thong-ke	term-la-gi
sai số chuẩn theo cụm trong spss	statistical-term	sai-so-chuan-theo-cum	timeseries	thong-ke	term-la-gi
sai số chuẩn theo cụm bao nhiêu là tốt	statistical-term	sai-so-chuan-theo-cum	timeseries	thong-ke	term-la-gi
kiểm định sargan là gì	statistical-term	kiem-dinh-sargan	timeseries	thong-ke	term-la-gi
kiểm định sargan trong spss	statistical-term	kiem-dinh-sargan	timeseries	thong-ke	term-la-gi
kiểm định sargan bao nhiêu là tốt	statistical-term	kiem-dinh-sargan	timeseries	thong-ke	term-la-gi
biến công cụ là gì	statistical-term	bien-cong-cu	timeseries	thong-ke	term-la-gi
biến công cụ trong spss	statistical-term	bien-cong-cu	timeseries	thong-ke	term-la-gi
biến công cụ bao nhiêu là tốt	statistical-term	bien-cong-cu	timeseries	thong-ke	term-la-gi
nội sinh là gì	statistical-term	noi-sinh	timeseries	thong-ke	term-la-gi
nội sinh trong spss	statistical-term	noi-sinh	timeseries	thong-ke	term-la-gi
nội sinh bao nhiêu là tốt	statistical-term	noi-sinh	timeseries	thong-ke	term-la-gi
hồi quy thứ bậc là gì	statistical-term	hoi-quy-thu-bac	regression	thong-ke	term-la-gi
hồi quy thứ bậc bao nhiêu là tốt	statistical-term	hoi-quy-thu-bac	regression	thong-ke	term-la-gi
r bình phương thay đổi là gì	statistical-term	r-binh-phuong-thay-doi	regression	thong-ke	term-la-gi
r bình phương thay đổi trong spss	statistical-term	r-binh-phuong-thay-doi	regression	thong-ke	term-la-gi
r bình phương thay đổi bao nhiêu là tốt	statistical-term	r-binh-phuong-thay-doi	regression	thong-ke	term-la-gi
hồi quy probit là gì	statistical-term	hoi-quy-probit	regression	thong-ke	term-la-gi
hồi quy probit bao nhiêu là tốt	statistical-term	hoi-quy-probit	regression	thong-ke	term-la-gi
hồi quy tobit là gì	statistical-term	hoi-quy-tobit	regression	thong-ke	term-la-gi
hồi quy tobit trong spss	statistical-term	hoi-quy-tobit	regression	thong-ke	term-la-gi
hồi quy tobit bao nhiêu là tốt	statistical-term	hoi-quy-tobit	regression	thong-ke	term-la-gi
hồi quy poisson là gì	statistical-term	hoi-quy-poisson	regression	thong-ke	term-la-gi
hồi quy poisson trong spss	statistical-term	hoi-quy-poisson	regression	thong-ke	term-la-gi
hồi quy poisson bao nhiêu là tốt	statistical-term	hoi-quy-poisson	regression	thong-ke	term-la-gi
hồi quy phân vị là gì	statistical-term	hoi-quy-phan-vi	regression	thong-ke	term-la-gi
hồi quy phân vị trong spss	statistical-term	hoi-quy-phan-vi	regression	thong-ke	term-la-gi
hồi quy phân vị bao nhiêu là tốt	statistical-term	hoi-quy-phan-vi	regression	thong-ke	term-la-gi
hồi quy logistic đa thức là gì	statistical-term	hoi-quy-logistic-da-thuc	regression	thong-ke	term-la-gi
hồi quy logistic đa thức trong spss	statistical-term	hoi-quy-logistic-da-thuc	regression	thong-ke	term-la-gi
hồi quy logistic đa thức bao nhiêu là tốt	statistical-term	hoi-quy-logistic-da-thuc	regression	thong-ke	term-la-gi
khoảng cách cook là gì	statistical-term	khoang-cach-cook	regression	thong-ke	term-la-gi
khoảng cách cook trong spss	statistical-term	khoang-cach-cook	regression	thong-ke	term-la-gi
khoảng cách cook bao nhiêu là tốt	statistical-term	khoang-cach-cook	regression	thong-ke	term-la-gi
khoảng cách mahalanobis là gì	statistical-term	khoang-cach-mahalanobis	regression	thong-ke	term-la-gi
khoảng cách mahalanobis trong spss	statistical-term	khoang-cach-mahalanobis	regression	thong-ke	term-la-gi
khoảng cách mahalanobis bao nhiêu là tốt	statistical-term	khoang-cach-mahalanobis	regression	thong-ke	term-la-gi
trung tâm hóa biến là gì	statistical-term	trung-tam-hoa-bien	regression	thong-ke	term-la-gi
trung tâm hóa biến trong spss	statistical-term	trung-tam-hoa-bien	regression	thong-ke	term-la-gi
trung tâm hóa biến bao nhiêu là tốt	statistical-term	trung-tam-hoa-bien	regression	thong-ke	term-la-gi
mô hình hồi quy đa cấp là gì	statistical-term	mo-hinh-hoi-quy-da-cap	regression	thong-ke	term-la-gi
mô hình hồi quy đa cấp trong spss	statistical-term	mo-hinh-hoi-quy-da-cap	regression	thong-ke	term-la-gi
mô hình hồi quy đa cấp bao nhiêu là tốt	statistical-term	mo-hinh-hoi-quy-da-cap	regression	thong-ke	term-la-gi
phân tích đường dẫn là gì	statistical-term	phan-tich-duong-dan	sem	mo-hinh-nghien-cuu	term-la-gi
phân tích đường dẫn trong spss	statistical-term	phan-tich-duong-dan	sem	mo-hinh-nghien-cuu	term-la-gi
phân tích đường dẫn bao nhiêu là tốt	statistical-term	phan-tich-duong-dan	sem	mo-hinh-nghien-cuu	term-la-gi
nfi là gì	statistical-term	nfi	sem	smartpls	term-la-gi
nfi trong spss	statistical-term	nfi	sem	smartpls	term-la-gi
nfi bao nhiêu là tốt	statistical-term	nfi	sem	smartpls	term-la-gi
chỉ số aic và bic là gì	statistical-term	chi-so-aic-va-bic	sem	thong-ke	term-la-gi
chỉ số aic và bic trong spss	statistical-term	chi-so-aic-va-bic	sem	thong-ke	term-la-gi
chỉ số aic và bic bao nhiêu là tốt	statistical-term	chi-so-aic-va-bic	sem	thong-ke	term-la-gi
phân phối chuẩn đa biến là gì	statistical-term	phan-phoi-chuan-da-bien	sem	thong-ke	term-la-gi
phân phối chuẩn đa biến trong spss	statistical-term	phan-phoi-chuan-da-bien	sem	thong-ke	term-la-gi
phân phối chuẩn đa biến bao nhiêu là tốt	statistical-term	phan-phoi-chuan-da-bien	sem	thong-ke	term-la-gi
hệ số mardia là gì	statistical-term	he-so-mardia	sem	thong-ke	term-la-gi
hệ số mardia trong spss	statistical-term	he-so-mardia	sem	thong-ke	term-la-gi
hệ số mardia bao nhiêu là tốt	statistical-term	he-so-mardia	sem	thong-ke	term-la-gi
trung gian có điều tiết là gì	statistical-term	trung-gian-co-dieu-tiet	mediation	thong-ke	term-la-gi
trung gian có điều tiết trong spss	statistical-term	trung-gian-co-dieu-tiet	mediation	thong-ke	term-la-gi
trung gian có điều tiết bao nhiêu là tốt	statistical-term	trung-gian-co-dieu-tiet	mediation	thong-ke	term-la-gi
kỹ thuật johnson neyman là gì	statistical-term	ky-thuat-johnson-neyman	mediation	thong-ke	term-la-gi
kỹ thuật johnson neyman trong spss	statistical-term	ky-thuat-johnson-neyman	mediation	thong-ke	term-la-gi
kỹ thuật johnson neyman bao nhiêu là tốt	statistical-term	ky-thuat-johnson-neyman	mediation	thong-ke	term-la-gi
phân tích simple slope là gì	statistical-term	phan-tich-simple-slope	mediation	thong-ke	term-la-gi
phân tích simple slope trong spss	statistical-term	phan-tich-simple-slope	mediation	thong-ke	term-la-gi
phân tích simple slope bao nhiêu là tốt	statistical-term	phan-tich-simple-slope	mediation	thong-ke	term-la-gi
omega mcdonald là gì	statistical-term	omega-mcdonald	reliability	thong-ke	term-la-gi
omega mcdonald trong spss	statistical-term	omega-mcdonald	reliability	thong-ke	term-la-gi
omega mcdonald bao nhiêu là tốt	statistical-term	omega-mcdonald	reliability	thong-ke	term-la-gi
hệ số kr 20 là gì	statistical-term	he-so-kr-20	reliability	thong-ke	term-la-gi
hệ số kr 20 trong spss	statistical-term	he-so-kr-20	reliability	thong-ke	term-la-gi
hệ số kr 20 bao nhiêu là tốt	statistical-term	he-so-kr-20	reliability	thong-ke	term-la-gi
hệ số icc là gì	statistical-term	he-so-icc	reliability	thong-ke	term-la-gi
hệ số icc bao nhiêu là tốt	statistical-term	he-so-icc	reliability	thong-ke	term-la-gi
hệ số biến thiên là gì	statistical-term	he-so-bien-thien	descriptive	thong-ke	term-la-gi
hệ số biến thiên trong spss	statistical-term	he-so-bien-thien	descriptive	thong-ke	term-la-gi
hệ số biến thiên bao nhiêu là tốt	statistical-term	he-so-bien-thien	descriptive	thong-ke	term-la-gi
sai số chuẩn của trung bình là gì	statistical-term	sai-so-chuan-cua-trung-binh	descriptive	thong-ke	term-la-gi
sai số chuẩn của trung bình trong spss	statistical-term	sai-so-chuan-cua-trung-binh	descriptive	thong-ke	term-la-gi
sai số chuẩn của trung bình bao nhiêu là tốt	statistical-term	sai-so-chuan-cua-trung-binh	descriptive	thong-ke	term-la-gi
trọng số mẫu là gì	statistical-term	trong-so-mau	sampling	khao-sat	term-la-gi
trọng số mẫu trong spss	statistical-term	trong-so-mau	sampling	khao-sat	term-la-gi
trọng số mẫu bao nhiêu là tốt	statistical-term	trong-so-mau	sampling	khao-sat	term-la-gi
cỡ mẫu tối thiểu	survey	co-mau-toi-thieu	sample-size	khao-sat	survey
cỡ mẫu tối thiểu là bao nhiêu	survey	co-mau-toi-thieu	sample-size	khao-sat	survey
cỡ mẫu efa	survey	co-mau-efa	sample-size	khao-sat	survey
cỡ mẫu efa là bao nhiêu	survey	co-mau-efa	sample-size	khao-sat	survey
cỡ mẫu hồi quy	survey	co-mau-hoi-quy	sample-size	khao-sat	survey
cỡ mẫu hồi quy là bao nhiêu	survey	co-mau-hoi-quy	sample-size	khao-sat	survey
cỡ mẫu pls sem	survey	co-mau-pls-sem	sample-size	khao-sat	survey
cỡ mẫu pls sem là bao nhiêu	survey	co-mau-pls-sem	sample-size	khao-sat	survey
công thức tính cỡ mẫu	survey	cong-thuc-tinh-co-mau	sample-size	khao-sat	survey
công thức tính cỡ mẫu là bao nhiêu	survey	cong-thuc-tinh-co-mau	sample-size	khao-sat	survey
cỡ mẫu định lượng	survey	co-mau-dinh-luong	sample-size	khao-sat	survey
cỡ mẫu định lượng là bao nhiêu	survey	co-mau-dinh-luong	sample-size	khao-sat	survey
bảng câu hỏi khảo sát	survey	bang-cau-hoi	instrument	khao-sat	survey
bảng câu hỏi là gì	survey	bang-cau-hoi	instrument	khao-sat	survey
thiết kế bảng hỏi khảo sát	survey	thiet-ke-bang-hoi	instrument	khao-sat	survey
thiết kế bảng hỏi là gì	survey	thiet-ke-bang-hoi	instrument	khao-sat	survey
phiếu khảo sát	survey	phieu-khao-sat	instrument	khao-sat	survey
phiếu khảo sát là gì	survey	phieu-khao-sat	instrument	khao-sat	survey
mẫu phiếu khảo sát	survey	mau-phieu-khao-sat	instrument	khao-sat	survey
mẫu phiếu khảo sát là gì	survey	mau-phieu-khao-sat	instrument	khao-sat	survey
thang đo likert 5 mức khảo sát	survey	thang-do-likert-5-muc	instrument	khao-sat	survey
thang đo likert 5 mức là gì	survey	thang-do-likert-5-muc	instrument	khao-sat	survey
thang đo likert 7 mức khảo sát	survey	thang-do-likert-7-muc	instrument	khao-sat	survey
thang đo likert 7 mức là gì	survey	thang-do-likert-7-muc	instrument	khao-sat	survey
câu hỏi sàng lọc khảo sát	survey	cau-hoi-sang-loc	instrument	khao-sat	survey
câu hỏi sàng lọc là gì	survey	cau-hoi-sang-loc	instrument	khao-sat	survey
câu hỏi nhân khẩu học khảo sát	survey	cau-hoi-nhan-khau-hoc	instrument	khao-sat	survey
câu hỏi nhân khẩu học là gì	survey	cau-hoi-nhan-khau-hoc	instrument	khao-sat	survey
mã hóa bảng hỏi khảo sát	survey	ma-hoa-bang-hoi	instrument	khao-sat	survey
mã hóa bảng hỏi là gì	survey	ma-hoa-bang-hoi	instrument	khao-sat	survey
khảo sát online	survey	khao-sat-online	collection	khao-sat	survey
cách làm khảo sát online	survey	khao-sat-online	collection	khao-sat	survey
form khảo sát	survey	form-khao-sat	collection	khao-sat	survey
cách làm form khảo sát	survey	form-khao-sat	collection	khao-sat	survey
google form	survey	google-form	collection	khao-sat	survey
cách làm google form	survey	google-form	collection	khao-sat	survey
khảo sát thử	survey	khao-sat-thu	collection	khao-sat	survey
cách làm khảo sát thử	survey	khao-sat-thu	collection	khao-sat	survey
tỷ lệ phản hồi	survey	ty-le-phan-hoi	collection	khao-sat	survey
tỷ lệ phản hồi là gì	survey	ty-le-phan-hoi	collection	khao-sat	survey
khảo sát khách hàng	survey	khao-sat-khach-hang	collection	khao-sat	survey
cách làm khảo sát khách hàng	survey	khao-sat-khach-hang	collection	khao-sat	survey
khảo sát nhân viên	survey	khao-sat-nhan-vien	collection	khao-sat	survey
cách làm khảo sát nhân viên	survey	khao-sat-nhan-vien	collection	khao-sat	survey
khảo sát sinh viên	survey	khao-sat-sinh-vien	collection	khao-sat	survey
cách làm khảo sát sinh viên	survey	khao-sat-sinh-vien	collection	khao-sat	survey
thu thập dữ liệu sơ cấp	survey	thu-thap-du-lieu-so-cap	collection	khao-sat	survey
thu thập dữ liệu sơ cấp là gì	survey	thu-thap-du-lieu-so-cap	collection	khao-sat	survey
dữ liệu thứ cấp	survey	du-lieu-thu-cap	collection	khao-sat	survey
phương pháp chọn mẫu	survey	phuong-phap-chon-mau	sampling	khao-sat	survey
phương pháp chọn mẫu là gì	survey	phuong-phap-chon-mau	sampling	khao-sat	survey
chọn mẫu thuận tiện	survey	chon-mau-thuan-tien	sampling	khao-sat	survey
chọn mẫu ngẫu nhiên	survey	chon-mau-ngau-nhien	sampling	khao-sat	survey
chọn mẫu phi xác suất	survey	chon-mau-phi-xac-suat	sampling	khao-sat	survey
chọn mẫu phi xác suất là gì	survey	chon-mau-phi-xac-suat	sampling	khao-sat	survey
làm sạch dữ liệu	survey	lam-sach-du-lieu	cleaning	khao-sat	survey
phiếu trả lời không hợp lệ	survey	phieu-tra-loi-khong-hop-le	cleaning	khao-sat	survey
phiếu trả lời không hợp lệ là gì	survey	phieu-tra-loi-khong-hop-le	cleaning	khao-sat	survey
đạo đức nghiên cứu	survey	dao-duc-nghien-cuu	cleaning	khao-sat	survey
đạo đức nghiên cứu là gì	survey	dao-duc-nghien-cuu	cleaning	khao-sat	survey
công thức slovin	survey	cong-thuc-slovin	sample-size	khao-sat	survey
công thức slovin là bao nhiêu	survey	cong-thuc-slovin	sample-size	khao-sat	survey
công thức cochran	survey	cong-thuc-cochran	sample-size	khao-sat	survey
công thức cochran là bao nhiêu	survey	cong-thuc-cochran	sample-size	khao-sat	survey
bảng krejcie morgan	survey	bang-krejcie-morgan	sample-size	khao-sat	survey
bảng krejcie morgan là gì	survey	bang-krejcie-morgan	sample-size	khao-sat	survey
cỡ mẫu bằng g power	survey	co-mau-bang-g-power	sample-size	khao-sat	survey
cỡ mẫu bằng g power là bao nhiêu	survey	co-mau-bang-g-power	sample-size	khao-sat	survey
thứ tự câu hỏi khảo sát	survey	thu-tu-cau-hoi	instrument	khao-sat	survey
thứ tự câu hỏi là gì	survey	thu-tu-cau-hoi	instrument	khao-sat	survey
dịch ngược bảng hỏi	survey	dich-nguoc-bang-hoi	instrument	khao-sat	survey
cách làm dịch ngược bảng hỏi	survey	dich-nguoc-bang-hoi	instrument	khao-sat	survey
thư mời khảo sát	survey	thu-moi-khao-sat	collection	khao-sat	survey
cách làm thư mời khảo sát	survey	thu-moi-khao-sat	collection	khao-sat	survey
khảo sát doanh nghiệp	survey	khao-sat-doanh-nghiep	collection	khao-sat	survey
cách làm khảo sát doanh nghiệp	survey	khao-sat-doanh-nghiep	collection	khao-sat	survey
phiếu trả lời trùng lặp	survey	phieu-tra-loi-trung-lap	cleaning	khao-sat	survey
phiếu trả lời trùng lặp là gì	survey	phieu-tra-loi-trung-lap	cleaning	khao-sat	survey
thời gian trả lời quá nhanh	survey	thoi-gian-tra-loi-qua-nhanh	cleaning	khao-sat	survey
thời gian trả lời quá nhanh là gì	survey	thoi-gian-tra-loi-qua-nhanh	cleaning	khao-sat	survey
mô hình tam	theory-model	tam	technology	mo-hinh-nghien-cuu	model-theory
lý thuyết tam	theory-model	tam	technology	mo-hinh-nghien-cuu	model-theory
tam là gì	theory-model	tam	technology	mo-hinh-nghien-cuu	model-theory
mô hình chấp nhận công nghệ tam	theory-model	chap-nhan-cong-nghe-tam	technology	mo-hinh-nghien-cuu	model-theory
lý thuyết chấp nhận công nghệ tam	theory-model	chap-nhan-cong-nghe-tam	technology	mo-hinh-nghien-cuu	model-theory
chấp nhận công nghệ tam là gì	theory-model	chap-nhan-cong-nghe-tam	technology	mo-hinh-nghien-cuu	model-theory
mô hình tam 2	theory-model	tam-2	technology	mo-hinh-nghien-cuu	model-theory
lý thuyết tam 2	theory-model	tam-2	technology	mo-hinh-nghien-cuu	model-theory
tam 2 là gì	theory-model	tam-2	technology	mo-hinh-nghien-cuu	model-theory
mô hình tam 3	theory-model	tam-3	technology	mo-hinh-nghien-cuu	model-theory
lý thuyết tam 3	theory-model	tam-3	technology	mo-hinh-nghien-cuu	model-theory
tam 3 là gì	theory-model	tam-3	technology	mo-hinh-nghien-cuu	model-theory
mô hình utaut	theory-model	utaut	technology	mo-hinh-nghien-cuu	model-theory
lý thuyết utaut	theory-model	utaut	technology	mo-hinh-nghien-cuu	model-theory
utaut là gì	theory-model	utaut	technology	mo-hinh-nghien-cuu	model-theory
mô hình utaut2	theory-model	utaut2	technology	mo-hinh-nghien-cuu	model-theory
lý thuyết utaut2	theory-model	utaut2	technology	mo-hinh-nghien-cuu	model-theory
utaut2 là gì	theory-model	utaut2	technology	mo-hinh-nghien-cuu	model-theory
mô hình toe	theory-model	toe	technology	mo-hinh-nghien-cuu	model-theory
lý thuyết toe	theory-model	toe	technology	mo-hinh-nghien-cuu	model-theory
toe là gì	theory-model	toe	technology	mo-hinh-nghien-cuu	model-theory
mô hình task technology fit	theory-model	task-technology-fit	technology	mo-hinh-nghien-cuu	model-theory
lý thuyết task technology fit	theory-model	task-technology-fit	technology	mo-hinh-nghien-cuu	model-theory
task technology fit là gì	theory-model	task-technology-fit	technology	mo-hinh-nghien-cuu	model-theory
mô hình is success delone mclean	theory-model	is-success-delone-mclean	technology	mo-hinh-nghien-cuu	model-theory
lý thuyết is success delone mclean	theory-model	is-success-delone-mclean	technology	mo-hinh-nghien-cuu	model-theory
is success delone mclean là gì	theory-model	is-success-delone-mclean	technology	mo-hinh-nghien-cuu	model-theory
mô hình khuếch tán đổi mới	theory-model	khuech-tan-doi-moi	technology	mo-hinh-nghien-cuu	model-theory
lý thuyết khuếch tán đổi mới	theory-model	khuech-tan-doi-moi	technology	mo-hinh-nghien-cuu	model-theory
khuếch tán đổi mới là gì	theory-model	khuech-tan-doi-moi	technology	mo-hinh-nghien-cuu	model-theory
mô hình kỳ vọng xác nhận ecm	theory-model	ky-vong-xac-nhan-ecm	technology	mo-hinh-nghien-cuu	model-theory
lý thuyết kỳ vọng xác nhận ecm	theory-model	ky-vong-xac-nhan-ecm	technology	mo-hinh-nghien-cuu	model-theory
kỳ vọng xác nhận ecm là gì	theory-model	ky-vong-xac-nhan-ecm	technology	mo-hinh-nghien-cuu	model-theory
mô hình nhận thức rủi ro tpr	theory-model	nhan-thuc-rui-ro-tpr	technology	mo-hinh-nghien-cuu	model-theory
lý thuyết nhận thức rủi ro tpr	theory-model	nhan-thuc-rui-ro-tpr	technology	mo-hinh-nghien-cuu	model-theory
nhận thức rủi ro tpr là gì	theory-model	nhan-thuc-rui-ro-tpr	technology	mo-hinh-nghien-cuu	model-theory
mô hình tra	theory-model	tra	behavior	mo-hinh-nghien-cuu	model-theory
lý thuyết tra	theory-model	tra	behavior	mo-hinh-nghien-cuu	model-theory
tra là gì	theory-model	tra	behavior	mo-hinh-nghien-cuu	model-theory
mô hình hành động hợp lý	theory-model	hanh-dong-hop-ly	behavior	mo-hinh-nghien-cuu	model-theory
lý thuyết hành động hợp lý	theory-model	hanh-dong-hop-ly	behavior	mo-hinh-nghien-cuu	model-theory
hành động hợp lý là gì	theory-model	hanh-dong-hop-ly	behavior	mo-hinh-nghien-cuu	model-theory
mô hình tpb	theory-model	tpb	behavior	mo-hinh-nghien-cuu	model-theory
lý thuyết tpb	theory-model	tpb	behavior	mo-hinh-nghien-cuu	model-theory
tpb là gì	theory-model	tpb	behavior	mo-hinh-nghien-cuu	model-theory
mô hình hành vi dự định	theory-model	hanh-vi-du-dinh	behavior	mo-hinh-nghien-cuu	model-theory
lý thuyết hành vi dự định	theory-model	hanh-vi-du-dinh	behavior	mo-hinh-nghien-cuu	model-theory
hành vi dự định là gì	theory-model	hanh-vi-du-dinh	behavior	mo-hinh-nghien-cuu	model-theory
mô hình hành vi người tiêu dùng	theory-model	hanh-vi-nguoi-tieu-dung	behavior	mo-hinh-nghien-cuu	model-theory
lý thuyết hành vi người tiêu dùng	theory-model	hanh-vi-nguoi-tieu-dung	behavior	mo-hinh-nghien-cuu	model-theory
hành vi người tiêu dùng là gì	theory-model	hanh-vi-nguoi-tieu-dung	behavior	mo-hinh-nghien-cuu	model-theory
mô hình niềm tin sức khỏe	theory-model	niem-tin-suc-khoe	behavior	mo-hinh-nghien-cuu	model-theory
lý thuyết niềm tin sức khỏe	theory-model	niem-tin-suc-khoe	behavior	mo-hinh-nghien-cuu	model-theory
niềm tin sức khỏe là gì	theory-model	niem-tin-suc-khoe	behavior	mo-hinh-nghien-cuu	model-theory
mô hình trao đổi xã hội	theory-model	trao-doi-xa-hoi	behavior	mo-hinh-nghien-cuu	model-theory
lý thuyết trao đổi xã hội	theory-model	trao-doi-xa-hoi	behavior	mo-hinh-nghien-cuu	model-theory
trao đổi xã hội là gì	theory-model	trao-doi-xa-hoi	behavior	mo-hinh-nghien-cuu	model-theory
mô hình giá trị tiêu dùng	theory-model	gia-tri-tieu-dung	behavior	mo-hinh-nghien-cuu	model-theory
lý thuyết giá trị tiêu dùng	theory-model	gia-tri-tieu-dung	behavior	mo-hinh-nghien-cuu	model-theory
giá trị tiêu dùng là gì	theory-model	gia-tri-tieu-dung	behavior	mo-hinh-nghien-cuu	model-theory
mô hình tự quyết	theory-model	tu-quyet	behavior	mo-hinh-nghien-cuu	model-theory
lý thuyết tự quyết	theory-model	tu-quyet	behavior	mo-hinh-nghien-cuu	model-theory
tự quyết là gì	theory-model	tu-quyet	behavior	mo-hinh-nghien-cuu	model-theory
mô hình servqual	theory-model	servqual	service	mo-hinh-nghien-cuu	model-theory
lý thuyết servqual	theory-model	servqual	service	mo-hinh-nghien-cuu	model-theory
servqual là gì	theory-model	servqual	service	mo-hinh-nghien-cuu	model-theory
mô hình servperf	theory-model	servperf	service	mo-hinh-nghien-cuu	model-theory
lý thuyết servperf	theory-model	servperf	service	mo-hinh-nghien-cuu	model-theory
servperf là gì	theory-model	servperf	service	mo-hinh-nghien-cuu	model-theory
mô hình 5 khoảng cách chất lượng dịch vụ	theory-model	5-khoang-cach-chat-luong-dich-vu	service	mo-hinh-nghien-cuu	model-theory
lý thuyết 5 khoảng cách chất lượng dịch vụ	theory-model	5-khoang-cach-chat-luong-dich-vu	service	mo-hinh-nghien-cuu	model-theory
5 khoảng cách chất lượng dịch vụ là gì	theory-model	5-khoang-cach-chat-luong-dich-vu	service	mo-hinh-nghien-cuu	model-theory
mô hình chất lượng dịch vụ gronroos	theory-model	chat-luong-dich-vu-gronroos	service	mo-hinh-nghien-cuu	model-theory
lý thuyết chất lượng dịch vụ gronroos	theory-model	chat-luong-dich-vu-gronroos	service	mo-hinh-nghien-cuu	model-theory
chất lượng dịch vụ gronroos là gì	theory-model	chat-luong-dich-vu-gronroos	service	mo-hinh-nghien-cuu	model-theory
mô hình e servqual	theory-model	e-servqual	service	mo-hinh-nghien-cuu	model-theory
lý thuyết e servqual	theory-model	e-servqual	service	mo-hinh-nghien-cuu	model-theory
e servqual là gì	theory-model	e-servqual	service	mo-hinh-nghien-cuu	model-theory
mô hình acsi	theory-model	acsi	service	mo-hinh-nghien-cuu	model-theory
lý thuyết acsi	theory-model	acsi	service	mo-hinh-nghien-cuu	model-theory
acsi là gì	theory-model	acsi	service	mo-hinh-nghien-cuu	model-theory
mô hình ecsi	theory-model	ecsi	service	mo-hinh-nghien-cuu	model-theory
lý thuyết ecsi	theory-model	ecsi	service	mo-hinh-nghien-cuu	model-theory
ecsi là gì	theory-model	ecsi	service	mo-hinh-nghien-cuu	model-theory
mô hình kano	theory-model	kano	service	mo-hinh-nghien-cuu	model-theory
lý thuyết kano	theory-model	kano	service	mo-hinh-nghien-cuu	model-theory
kano là gì	theory-model	kano	service	mo-hinh-nghien-cuu	model-theory
mô hình sự hài lòng khách hàng	theory-model	su-hai-long-khach-hang	service	mo-hinh-nghien-cuu	model-theory
lý thuyết sự hài lòng khách hàng	theory-model	su-hai-long-khach-hang	service	mo-hinh-nghien-cuu	model-theory
mô hình maslow	theory-model	maslow	hrm	mo-hinh-nghien-cuu	model-theory
lý thuyết maslow	theory-model	maslow	hrm	mo-hinh-nghien-cuu	model-theory
maslow là gì	theory-model	maslow	hrm	mo-hinh-nghien-cuu	model-theory
mô hình hai nhân tố herzberg	theory-model	hai-nhan-to-herzberg	hrm	mo-hinh-nghien-cuu	model-theory
lý thuyết hai nhân tố herzberg	theory-model	hai-nhan-to-herzberg	hrm	mo-hinh-nghien-cuu	model-theory
hai nhân tố herzberg là gì	theory-model	hai-nhan-to-herzberg	hrm	mo-hinh-nghien-cuu	model-theory
mô hình kỳ vọng vroom	theory-model	ky-vong-vroom	hrm	mo-hinh-nghien-cuu	model-theory
lý thuyết kỳ vọng vroom	theory-model	ky-vong-vroom	hrm	mo-hinh-nghien-cuu	model-theory
kỳ vọng vroom là gì	theory-model	ky-vong-vroom	hrm	mo-hinh-nghien-cuu	model-theory
mô hình công bằng adams	theory-model	cong-bang-adams	hrm	mo-hinh-nghien-cuu	model-theory
lý thuyết công bằng adams	theory-model	cong-bang-adams	hrm	mo-hinh-nghien-cuu	model-theory
công bằng adams là gì	theory-model	cong-bang-adams	hrm	mo-hinh-nghien-cuu	model-theory
lý thuyết x và thuyết y	theory-model	thuyet-x-thuyet-y	hrm	mo-hinh-nghien-cuu	model-theory
thuyết x và thuyết y là gì	theory-model	thuyet-x-thuyet-y	hrm	mo-hinh-nghien-cuu	model-theory
thuyết x và thuyết y của mcgregor	theory-model	thuyet-x-thuyet-y	hrm	mo-hinh-nghien-cuu	model-theory
mô hình cam kết tổ chức meyer allen	theory-model	cam-ket-to-chuc-meyer-allen	hrm	mo-hinh-nghien-cuu	model-theory
lý thuyết cam kết tổ chức meyer allen	theory-model	cam-ket-to-chuc-meyer-allen	hrm	mo-hinh-nghien-cuu	model-theory
cam kết tổ chức meyer allen là gì	theory-model	cam-ket-to-chuc-meyer-allen	hrm	mo-hinh-nghien-cuu	model-theory
mô hình jdi	theory-model	jdi	hrm	mo-hinh-nghien-cuu	model-theory
lý thuyết jdi	theory-model	jdi	hrm	mo-hinh-nghien-cuu	model-theory
jdi là gì	theory-model	jdi	hrm	mo-hinh-nghien-cuu	model-theory
mô hình hành vi công dân tổ chức	theory-model	hanh-vi-cong-dan-to-chuc	hrm	mo-hinh-nghien-cuu	model-theory
lý thuyết hành vi công dân tổ chức	theory-model	hanh-vi-cong-dan-to-chuc	hrm	mo-hinh-nghien-cuu	model-theory
mô hình năm yếu tố tính cách	theory-model	nam-yeu-to-tinh-cach	hrm	mo-hinh-nghien-cuu	model-theory
lý thuyết năm yếu tố tính cách	theory-model	nam-yeu-to-tinh-cach	hrm	mo-hinh-nghien-cuu	model-theory
năm yếu tố tính cách là gì	theory-model	nam-yeu-to-tinh-cach	hrm	mo-hinh-nghien-cuu	model-theory
mô hình 5 áp lực cạnh tranh porter	theory-model	5-ap-luc-canh-tranh-porter	strategy	mo-hinh-nghien-cuu	model-theory
lý thuyết 5 áp lực cạnh tranh porter	theory-model	5-ap-luc-canh-tranh-porter	strategy	mo-hinh-nghien-cuu	model-theory
5 áp lực cạnh tranh porter là gì	theory-model	5-ap-luc-canh-tranh-porter	strategy	mo-hinh-nghien-cuu	model-theory
mô hình chuỗi giá trị porter	theory-model	chuoi-gia-tri-porter	strategy	mo-hinh-nghien-cuu	model-theory
lý thuyết chuỗi giá trị porter	theory-model	chuoi-gia-tri-porter	strategy	mo-hinh-nghien-cuu	model-theory
chuỗi giá trị porter là gì	theory-model	chuoi-gia-tri-porter	strategy	mo-hinh-nghien-cuu	model-theory
mô hình swot	theory-model	swot	strategy	mo-hinh-nghien-cuu	model-theory
lý thuyết swot	theory-model	swot	strategy	mo-hinh-nghien-cuu	model-theory
swot là gì	theory-model	swot	strategy	mo-hinh-nghien-cuu	model-theory
mô hình bcg	theory-model	bcg	strategy	mo-hinh-nghien-cuu	model-theory
lý thuyết bcg	theory-model	bcg	strategy	mo-hinh-nghien-cuu	model-theory
bcg là gì	theory-model	bcg	strategy	mo-hinh-nghien-cuu	model-theory
mô hình balanced scorecard	theory-model	balanced-scorecard	strategy	mo-hinh-nghien-cuu	model-theory
lý thuyết balanced scorecard	theory-model	balanced-scorecard	strategy	mo-hinh-nghien-cuu	model-theory
balanced scorecard là gì	theory-model	balanced-scorecard	strategy	mo-hinh-nghien-cuu	model-theory
mô hình nguồn lực rbv	theory-model	nguon-luc-rbv	strategy	mo-hinh-nghien-cuu	model-theory
lý thuyết nguồn lực rbv	theory-model	nguon-luc-rbv	strategy	mo-hinh-nghien-cuu	model-theory
nguồn lực rbv là gì	theory-model	nguon-luc-rbv	strategy	mo-hinh-nghien-cuu	model-theory
mô hình thể chế	theory-model	the-che	strategy	mo-hinh-nghien-cuu	model-theory
lý thuyết thể chế	theory-model	the-che	strategy	mo-hinh-nghien-cuu	model-theory
thể chế là gì	theory-model	the-che	strategy	mo-hinh-nghien-cuu	model-theory
mô hình các bên liên quan	theory-model	cac-ben-lien-quan	strategy	mo-hinh-nghien-cuu	model-theory
lý thuyết các bên liên quan	theory-model	cac-ben-lien-quan	strategy	mo-hinh-nghien-cuu	model-theory
các bên liên quan là gì	theory-model	cac-ben-lien-quan	strategy	mo-hinh-nghien-cuu	model-theory
mô hình đại diện	theory-model	dai-dien	strategy	mo-hinh-nghien-cuu	model-theory
lý thuyết đại diện	theory-model	dai-dien	strategy	mo-hinh-nghien-cuu	model-theory
đại diện là gì	theory-model	dai-dien	strategy	mo-hinh-nghien-cuu	model-theory
mô hình 4p marketing mix	theory-model	4p-marketing-mix	marketing	mo-hinh-nghien-cuu	model-theory
lý thuyết 4p marketing mix	theory-model	4p-marketing-mix	marketing	mo-hinh-nghien-cuu	model-theory
4p marketing mix là gì	theory-model	4p-marketing-mix	marketing	mo-hinh-nghien-cuu	model-theory
mô hình 7p marketing mix	theory-model	7p-marketing-mix	marketing	mo-hinh-nghien-cuu	model-theory
lý thuyết 7p marketing mix	theory-model	7p-marketing-mix	marketing	mo-hinh-nghien-cuu	model-theory
7p marketing mix là gì	theory-model	7p-marketing-mix	marketing	mo-hinh-nghien-cuu	model-theory
mô hình aida	theory-model	aida	marketing	mo-hinh-nghien-cuu	model-theory
lý thuyết aida	theory-model	aida	marketing	mo-hinh-nghien-cuu	model-theory
aida là gì	theory-model	aida	marketing	mo-hinh-nghien-cuu	model-theory
mô hình rfm	theory-model	rfm	marketing	mo-hinh-nghien-cuu	model-theory
lý thuyết rfm	theory-model	rfm	marketing	mo-hinh-nghien-cuu	model-theory
rfm là gì	theory-model	rfm	marketing	mo-hinh-nghien-cuu	model-theory
mô hình tài sản thương hiệu aaker	theory-model	tai-san-thuong-hieu-aaker	marketing	mo-hinh-nghien-cuu	model-theory
lý thuyết tài sản thương hiệu aaker	theory-model	tai-san-thuong-hieu-aaker	marketing	mo-hinh-nghien-cuu	model-theory
tài sản thương hiệu aaker là gì	theory-model	tai-san-thuong-hieu-aaker	marketing	mo-hinh-nghien-cuu	model-theory
mô hình tài sản thương hiệu keller	theory-model	tai-san-thuong-hieu-keller	marketing	mo-hinh-nghien-cuu	model-theory
lý thuyết tài sản thương hiệu keller	theory-model	tai-san-thuong-hieu-keller	marketing	mo-hinh-nghien-cuu	model-theory
tài sản thương hiệu keller là gì	theory-model	tai-san-thuong-hieu-keller	marketing	mo-hinh-nghien-cuu	model-theory
mô hình trật tự phân hạng	theory-model	trat-tu-phan-hang	finance	mo-hinh-nghien-cuu	model-theory
lý thuyết trật tự phân hạng	theory-model	trat-tu-phan-hang	finance	mo-hinh-nghien-cuu	model-theory
trật tự phân hạng là gì	theory-model	trat-tu-phan-hang	finance	mo-hinh-nghien-cuu	model-theory
mô hình đánh đổi cấu trúc vốn	theory-model	danh-doi-cau-truc-von	finance	mo-hinh-nghien-cuu	model-theory
lý thuyết đánh đổi cấu trúc vốn	theory-model	danh-doi-cau-truc-von	finance	mo-hinh-nghien-cuu	model-theory
đánh đổi cấu trúc vốn là gì	theory-model	danh-doi-cau-truc-von	finance	mo-hinh-nghien-cuu	model-theory
mô hình tín hiệu	theory-model	tin-hieu	finance	mo-hinh-nghien-cuu	model-theory
lý thuyết tín hiệu	theory-model	tin-hieu	finance	mo-hinh-nghien-cuu	model-theory
tín hiệu là gì	theory-model	tin-hieu	finance	mo-hinh-nghien-cuu	model-theory
mô hình capm	theory-model	capm	finance	mo-hinh-nghien-cuu	model-theory
lý thuyết capm	theory-model	capm	finance	mo-hinh-nghien-cuu	model-theory
capm là gì	theory-model	capm	finance	mo-hinh-nghien-cuu	model-theory
mô hình fama french	theory-model	fama-french	finance	mo-hinh-nghien-cuu	model-theory
lý thuyết fama french	theory-model	fama-french	finance	mo-hinh-nghien-cuu	model-theory
fama french là gì	theory-model	fama-french	finance	mo-hinh-nghien-cuu	model-theory
mô hình z score altman	theory-model	z-score-altman	finance	mo-hinh-nghien-cuu	model-theory
lý thuyết z score altman	theory-model	z-score-altman	finance	mo-hinh-nghien-cuu	model-theory
z score altman là gì	theory-model	z-score-altman	finance	mo-hinh-nghien-cuu	model-theory
mô hình camel	theory-model	camel	finance	mo-hinh-nghien-cuu	model-theory
lý thuyết camel	theory-model	camel	finance	mo-hinh-nghien-cuu	model-theory
camel là gì	theory-model	camel	finance	mo-hinh-nghien-cuu	model-theory
mô hình ardl	theory-model	ardl	econometrics	mo-hinh-nghien-cuu	model-theory
lý thuyết ardl	theory-model	ardl	econometrics	mo-hinh-nghien-cuu	model-theory
ardl là gì	theory-model	ardl	econometrics	mo-hinh-nghien-cuu	model-theory
mô hình fem rem dữ liệu bảng	theory-model	fem-rem-du-lieu-bang	econometrics	mo-hinh-nghien-cuu	model-theory
lý thuyết fem rem dữ liệu bảng	theory-model	fem-rem-du-lieu-bang	econometrics	mo-hinh-nghien-cuu	model-theory
fem rem dữ liệu bảng là gì	theory-model	fem-rem-du-lieu-bang	econometrics	mo-hinh-nghien-cuu	model-theory
mô hình var	theory-model	var	econometrics	mo-hinh-nghien-cuu	model-theory
lý thuyết var	theory-model	var	econometrics	mo-hinh-nghien-cuu	model-theory
var là gì	theory-model	var	econometrics	mo-hinh-nghien-cuu	model-theory
mô hình arima	theory-model	arima	econometrics	mo-hinh-nghien-cuu	model-theory
lý thuyết arima	theory-model	arima	econometrics	mo-hinh-nghien-cuu	model-theory
arima là gì	theory-model	arima	econometrics	mo-hinh-nghien-cuu	model-theory
mô hình sor	theory-model	sor	marketing	mo-hinh-nghien-cuu	model-theory
lý thuyết sor	theory-model	sor	marketing	mo-hinh-nghien-cuu	model-theory
sor là gì	theory-model	sor	marketing	mo-hinh-nghien-cuu	model-theory
mô hình elm	theory-model	elm	marketing	mo-hinh-nghien-cuu	model-theory
lý thuyết elm	theory-model	elm	marketing	mo-hinh-nghien-cuu	model-theory
elm là gì	theory-model	elm	marketing	mo-hinh-nghien-cuu	model-theory
mô hình iam	theory-model	iam	marketing	mo-hinh-nghien-cuu	model-theory
lý thuyết iam	theory-model	iam	marketing	mo-hinh-nghien-cuu	model-theory
iam là gì	theory-model	iam	marketing	mo-hinh-nghien-cuu	model-theory
mô hình ekb	theory-model	ekb	marketing	mo-hinh-nghien-cuu	model-theory
lý thuyết ekb	theory-model	ekb	marketing	mo-hinh-nghien-cuu	model-theory
ekb là gì	theory-model	ekb	marketing	mo-hinh-nghien-cuu	model-theory
mô hình stp	theory-model	stp	marketing	mo-hinh-nghien-cuu	model-theory
lý thuyết stp	theory-model	stp	marketing	mo-hinh-nghien-cuu	model-theory
stp là gì	theory-model	stp	marketing	mo-hinh-nghien-cuu	model-theory
mô hình 4c marketing	theory-model	4c-marketing	marketing	mo-hinh-nghien-cuu	model-theory
lý thuyết 4c marketing	theory-model	4c-marketing	marketing	mo-hinh-nghien-cuu	model-theory
4c marketing là gì	theory-model	4c-marketing	marketing	mo-hinh-nghien-cuu	model-theory
mô hình cam kết niềm tin	theory-model	cam-ket-niem-tin	marketing	mo-hinh-nghien-cuu	model-theory
lý thuyết cam kết niềm tin	theory-model	cam-ket-niem-tin	marketing	mo-hinh-nghien-cuu	model-theory
cam kết niềm tin là gì	theory-model	cam-ket-niem-tin	marketing	mo-hinh-nghien-cuu	model-theory
mô hình nhận thức xã hội bandura	theory-model	nhan-thuc-xa-hoi-bandura	behavior	mo-hinh-nghien-cuu	model-theory
lý thuyết nhận thức xã hội bandura	theory-model	nhan-thuc-xa-hoi-bandura	behavior	mo-hinh-nghien-cuu	model-theory
nhận thức xã hội bandura là gì	theory-model	nhan-thuc-xa-hoi-bandura	behavior	mo-hinh-nghien-cuu	model-theory
mô hình động lực bảo vệ pmt	theory-model	dong-luc-bao-ve-pmt	behavior	mo-hinh-nghien-cuu	model-theory
lý thuyết động lực bảo vệ pmt	theory-model	dong-luc-bao-ve-pmt	behavior	mo-hinh-nghien-cuu	model-theory
động lực bảo vệ pmt là gì	theory-model	dong-luc-bao-ve-pmt	behavior	mo-hinh-nghien-cuu	model-theory
mô hình giá trị niềm tin chuẩn mực vbn	theory-model	gia-tri-niem-tin-chuan-muc-vbn	behavior	mo-hinh-nghien-cuu	model-theory
lý thuyết giá trị niềm tin chuẩn mực vbn	theory-model	gia-tri-niem-tin-chuan-muc-vbn	behavior	mo-hinh-nghien-cuu	model-theory
giá trị niềm tin chuẩn mực vbn là gì	theory-model	gia-tri-niem-tin-chuan-muc-vbn	behavior	mo-hinh-nghien-cuu	model-theory
mô hình kích hoạt chuẩn mực nam	theory-model	kich-hoat-chuan-muc-nam	behavior	mo-hinh-nghien-cuu	model-theory
lý thuyết kích hoạt chuẩn mực nam	theory-model	kich-hoat-chuan-muc-nam	behavior	mo-hinh-nghien-cuu	model-theory
kích hoạt chuẩn mực nam là gì	theory-model	kich-hoat-chuan-muc-nam	behavior	mo-hinh-nghien-cuu	model-theory
mô hình bất hòa nhận thức	theory-model	bat-hoa-nhan-thuc	behavior	mo-hinh-nghien-cuu	model-theory
lý thuyết bất hòa nhận thức	theory-model	bat-hoa-nhan-thuc	behavior	mo-hinh-nghien-cuu	model-theory
bất hòa nhận thức là gì	theory-model	bat-hoa-nhan-thuc	behavior	mo-hinh-nghien-cuu	model-theory
mô hình quy kết weiner	theory-model	quy-ket-weiner	behavior	mo-hinh-nghien-cuu	model-theory
lý thuyết quy kết weiner	theory-model	quy-ket-weiner	behavior	mo-hinh-nghien-cuu	model-theory
quy kết weiner là gì	theory-model	quy-ket-weiner	behavior	mo-hinh-nghien-cuu	model-theory
mô hình so sánh xã hội	theory-model	so-sanh-xa-hoi	behavior	mo-hinh-nghien-cuu	model-theory
lý thuyết so sánh xã hội	theory-model	so-sanh-xa-hoi	behavior	mo-hinh-nghien-cuu	model-theory
so sánh xã hội là gì	theory-model	so-sanh-xa-hoi	behavior	mo-hinh-nghien-cuu	model-theory
mô hình dòng chảy flow	theory-model	dong-chay-flow	behavior	mo-hinh-nghien-cuu	model-theory
lý thuyết dòng chảy flow	theory-model	dong-chay-flow	behavior	mo-hinh-nghien-cuu	model-theory
dòng chảy flow là gì	theory-model	dong-chay-flow	behavior	mo-hinh-nghien-cuu	model-theory
mô hình sử dụng và hài lòng	theory-model	su-dung-va-hai-long	behavior	mo-hinh-nghien-cuu	model-theory
lý thuyết sử dụng và hài lòng	theory-model	su-dung-va-hai-long	behavior	mo-hinh-nghien-cuu	model-theory
sử dụng và hài lòng là gì	theory-model	su-dung-va-hai-long	behavior	mo-hinh-nghien-cuu	model-theory
mô hình vốn xã hội	theory-model	von-xa-hoi	behavior	mo-hinh-nghien-cuu	model-theory
lý thuyết vốn xã hội	theory-model	von-xa-hoi	behavior	mo-hinh-nghien-cuu	model-theory
vốn xã hội là gì	theory-model	von-xa-hoi	behavior	mo-hinh-nghien-cuu	model-theory
mô hình bản sắc xã hội	theory-model	ban-sac-xa-hoi	behavior	mo-hinh-nghien-cuu	model-theory
lý thuyết bản sắc xã hội	theory-model	ban-sac-xa-hoi	behavior	mo-hinh-nghien-cuu	model-theory
bản sắc xã hội là gì	theory-model	ban-sac-xa-hoi	behavior	mo-hinh-nghien-cuu	model-theory
mô hình các giai đoạn thay đổi hành vi	theory-model	cac-giai-doan-thay-doi-hanh-vi	behavior	mo-hinh-nghien-cuu	model-theory
lý thuyết các giai đoạn thay đổi hành vi	theory-model	cac-giai-doan-thay-doi-hanh-vi	behavior	mo-hinh-nghien-cuu	model-theory
các giai đoạn thay đổi hành vi là gì	theory-model	cac-giai-doan-thay-doi-hanh-vi	behavior	mo-hinh-nghien-cuu	model-theory
mô hình precede proceed	theory-model	precede-proceed	behavior	mo-hinh-nghien-cuu	model-theory
lý thuyết precede proceed	theory-model	precede-proceed	behavior	mo-hinh-nghien-cuu	model-theory
precede proceed là gì	theory-model	precede-proceed	behavior	mo-hinh-nghien-cuu	model-theory
mô hình thiết lập mục tiêu locke	theory-model	thiet-lap-muc-tieu-locke	hrm	mo-hinh-nghien-cuu	model-theory
lý thuyết thiết lập mục tiêu locke	theory-model	thiet-lap-muc-tieu-locke	hrm	mo-hinh-nghien-cuu	model-theory
thiết lập mục tiêu locke là gì	theory-model	thiet-lap-muc-tieu-locke	hrm	mo-hinh-nghien-cuu	model-theory
mô hình củng cố skinner	theory-model	cung-co-skinner	hrm	mo-hinh-nghien-cuu	model-theory
lý thuyết củng cố skinner	theory-model	cung-co-skinner	hrm	mo-hinh-nghien-cuu	model-theory
củng cố skinner là gì	theory-model	cung-co-skinner	hrm	mo-hinh-nghien-cuu	model-theory
mô hình erg alderfer	theory-model	erg-alderfer	hrm	mo-hinh-nghien-cuu	model-theory
lý thuyết erg alderfer	theory-model	erg-alderfer	hrm	mo-hinh-nghien-cuu	model-theory
erg alderfer là gì	theory-model	erg-alderfer	hrm	mo-hinh-nghien-cuu	model-theory
mô hình nhu cầu thành đạt mcclelland	theory-model	nhu-cau-thanh-dat-mcclelland	hrm	mo-hinh-nghien-cuu	model-theory
lý thuyết nhu cầu thành đạt mcclelland	theory-model	nhu-cau-thanh-dat-mcclelland	hrm	mo-hinh-nghien-cuu	model-theory
nhu cầu thành đạt mcclelland là gì	theory-model	nhu-cau-thanh-dat-mcclelland	hrm	mo-hinh-nghien-cuu	model-theory
mô hình đặc điểm công việc jcm	theory-model	dac-diem-cong-viec-jcm	hrm	mo-hinh-nghien-cuu	model-theory
lý thuyết đặc điểm công việc jcm	theory-model	dac-diem-cong-viec-jcm	hrm	mo-hinh-nghien-cuu	model-theory
đặc điểm công việc jcm là gì	theory-model	dac-diem-cong-viec-jcm	hrm	mo-hinh-nghien-cuu	model-theory
mô hình yêu cầu nguồn lực công việc jd r	theory-model	yeu-cau-nguon-luc-cong-viec-jdr	hrm	mo-hinh-nghien-cuu	model-theory
lý thuyết yêu cầu nguồn lực công việc jd r	theory-model	yeu-cau-nguon-luc-cong-viec-jdr	hrm	mo-hinh-nghien-cuu	model-theory
yêu cầu nguồn lực công việc jd r là gì	theory-model	yeu-cau-nguon-luc-cong-viec-jdr	hrm	mo-hinh-nghien-cuu	model-theory
mô hình yêu cầu kiểm soát karasek	theory-model	yeu-cau-kiem-soat-karasek	hrm	mo-hinh-nghien-cuu	model-theory
lý thuyết yêu cầu kiểm soát karasek	theory-model	yeu-cau-kiem-soat-karasek	hrm	mo-hinh-nghien-cuu	model-theory
yêu cầu kiểm soát karasek là gì	theory-model	yeu-cau-kiem-soat-karasek	hrm	mo-hinh-nghien-cuu	model-theory
mô hình bảo toàn nguồn lực cor	theory-model	bao-toan-nguon-luc-cor	hrm	mo-hinh-nghien-cuu	model-theory
lý thuyết bảo toàn nguồn lực cor	theory-model	bao-toan-nguon-luc-cor	hrm	mo-hinh-nghien-cuu	model-theory
bảo toàn nguồn lực cor là gì	theory-model	bao-toan-nguon-luc-cor	hrm	mo-hinh-nghien-cuu	model-theory
mô hình trao đổi lãnh đạo thành viên lmx	theory-model	trao-doi-lanh-dao-thanh-vien-lmx	hrm	mo-hinh-nghien-cuu	model-theory
lý thuyết trao đổi lãnh đạo thành viên lmx	theory-model	trao-doi-lanh-dao-thanh-vien-lmx	hrm	mo-hinh-nghien-cuu	model-theory
trao đổi lãnh đạo thành viên lmx là gì	theory-model	trao-doi-lanh-dao-thanh-vien-lmx	hrm	mo-hinh-nghien-cuu	model-theory
mô hình hợp đồng tâm lý	theory-model	hop-dong-tam-ly	hrm	mo-hinh-nghien-cuu	model-theory
lý thuyết hợp đồng tâm lý	theory-model	hop-dong-tam-ly	hrm	mo-hinh-nghien-cuu	model-theory
hợp đồng tâm lý là gì	theory-model	hop-dong-tam-ly	hrm	mo-hinh-nghien-cuu	model-theory
mô hình amo	theory-model	amo	hrm	mo-hinh-nghien-cuu	model-theory
lý thuyết amo	theory-model	amo	hrm	mo-hinh-nghien-cuu	model-theory
amo là gì	theory-model	amo	hrm	mo-hinh-nghien-cuu	model-theory
mô hình kirkpatrick	theory-model	kirkpatrick	hrm	mo-hinh-nghien-cuu	model-theory
lý thuyết kirkpatrick	theory-model	kirkpatrick	hrm	mo-hinh-nghien-cuu	model-theory
kirkpatrick là gì	theory-model	kirkpatrick	hrm	mo-hinh-nghien-cuu	model-theory
mô hình kháng cự đổi mới irt	theory-model	khang-cu-doi-moi-irt	technology	mo-hinh-nghien-cuu	model-theory
lý thuyết kháng cự đổi mới irt	theory-model	khang-cu-doi-moi-irt	technology	mo-hinh-nghien-cuu	model-theory
kháng cự đổi mới irt là gì	theory-model	khang-cu-doi-moi-irt	technology	mo-hinh-nghien-cuu	model-theory
mô hình ppm	theory-model	ppm	technology	mo-hinh-nghien-cuu	model-theory
lý thuyết ppm	theory-model	ppm	technology	mo-hinh-nghien-cuu	model-theory
ppm là gì	theory-model	ppm	technology	mo-hinh-nghien-cuu	model-theory
mô hình chi phí giao dịch	theory-model	chi-phi-giao-dich	strategy	mo-hinh-nghien-cuu	model-theory
lý thuyết chi phí giao dịch	theory-model	chi-phi-giao-dich	strategy	mo-hinh-nghien-cuu	model-theory
chi phí giao dịch là gì	theory-model	chi-phi-giao-dich	strategy	mo-hinh-nghien-cuu	model-theory
mô hình phụ thuộc nguồn lực	theory-model	phu-thuoc-nguon-luc	strategy	mo-hinh-nghien-cuu	model-theory
lý thuyết phụ thuộc nguồn lực	theory-model	phu-thuoc-nguon-luc	strategy	mo-hinh-nghien-cuu	model-theory
phụ thuộc nguồn lực là gì	theory-model	phu-thuoc-nguon-luc	strategy	mo-hinh-nghien-cuu	model-theory
mô hình năng lực động	theory-model	nang-luc-dong	strategy	mo-hinh-nghien-cuu	model-theory
lý thuyết năng lực động	theory-model	nang-luc-dong	strategy	mo-hinh-nghien-cuu	model-theory
năng lực động là gì	theory-model	nang-luc-dong	strategy	mo-hinh-nghien-cuu	model-theory
mô hình ngẫu nhiên contingency	theory-model	ngau-nhien-contingency	strategy	mo-hinh-nghien-cuu	model-theory
lý thuyết ngẫu nhiên contingency	theory-model	ngau-nhien-contingency	strategy	mo-hinh-nghien-cuu	model-theory
ngẫu nhiên contingency là gì	theory-model	ngau-nhien-contingency	strategy	mo-hinh-nghien-cuu	model-theory
mô hình 7s mckinsey	theory-model	7s-mckinsey	strategy	mo-hinh-nghien-cuu	model-theory
lý thuyết 7s mckinsey	theory-model	7s-mckinsey	strategy	mo-hinh-nghien-cuu	model-theory
7s mckinsey là gì	theory-model	7s-mckinsey	strategy	mo-hinh-nghien-cuu	model-theory
mô hình pestel	theory-model	pestel	strategy	mo-hinh-nghien-cuu	model-theory
lý thuyết pestel	theory-model	pestel	strategy	mo-hinh-nghien-cuu	model-theory
pestel là gì	theory-model	pestel	strategy	mo-hinh-nghien-cuu	model-theory
mô hình ma trận ife efe	theory-model	ma-tran-ife-efe	strategy	mo-hinh-nghien-cuu	model-theory
lý thuyết ma trận ife efe	theory-model	ma-tran-ife-efe	strategy	mo-hinh-nghien-cuu	model-theory
ma trận ife efe là gì	theory-model	ma-tran-ife-efe	strategy	mo-hinh-nghien-cuu	model-theory
mô hình ma trận qspm	theory-model	ma-tran-qspm	strategy	mo-hinh-nghien-cuu	model-theory
lý thuyết ma trận qspm	theory-model	ma-tran-qspm	strategy	mo-hinh-nghien-cuu	model-theory
ma trận qspm là gì	theory-model	ma-tran-qspm	strategy	mo-hinh-nghien-cuu	model-theory
mô hình kim cương porter	theory-model	kim-cuong-porter	strategy	mo-hinh-nghien-cuu	model-theory
lý thuyết kim cương porter	theory-model	kim-cuong-porter	strategy	mo-hinh-nghien-cuu	model-theory
kim cương porter là gì	theory-model	kim-cuong-porter	strategy	mo-hinh-nghien-cuu	model-theory
mô hình scor	theory-model	scor	strategy	mo-hinh-nghien-cuu	model-theory
lý thuyết scor	theory-model	scor	strategy	mo-hinh-nghien-cuu	model-theory
scor là gì	theory-model	scor	strategy	mo-hinh-nghien-cuu	model-theory
mô hình thị trường hiệu quả emh	theory-model	thi-truong-hieu-qua-emh	finance	mo-hinh-nghien-cuu	model-theory
lý thuyết thị trường hiệu quả emh	theory-model	thi-truong-hieu-qua-emh	finance	mo-hinh-nghien-cuu	model-theory
thị trường hiệu quả emh là gì	theory-model	thi-truong-hieu-qua-emh	finance	mo-hinh-nghien-cuu	model-theory
mô hình danh mục markowitz	theory-model	danh-muc-markowitz	finance	mo-hinh-nghien-cuu	model-theory
lý thuyết danh mục markowitz	theory-model	danh-muc-markowitz	finance	mo-hinh-nghien-cuu	model-theory
danh mục markowitz là gì	theory-model	danh-muc-markowitz	finance	mo-hinh-nghien-cuu	model-theory
mô hình tài chính hành vi	theory-model	tai-chinh-hanh-vi	finance	mo-hinh-nghien-cuu	model-theory
lý thuyết tài chính hành vi	theory-model	tai-chinh-hanh-vi	finance	mo-hinh-nghien-cuu	model-theory
tài chính hành vi là gì	theory-model	tai-chinh-hanh-vi	finance	mo-hinh-nghien-cuu	model-theory
mô hình dòng tiền tự do jensen	theory-model	dong-tien-tu-do-jensen	finance	mo-hinh-nghien-cuu	model-theory
lý thuyết dòng tiền tự do jensen	theory-model	dong-tien-tu-do-jensen	finance	mo-hinh-nghien-cuu	model-theory
dòng tiền tự do jensen là gì	theory-model	dong-tien-tu-do-jensen	finance	mo-hinh-nghien-cuu	model-theory
mô hình tam giác gian lận	theory-model	tam-giac-gian-lan	finance	mo-hinh-nghien-cuu	model-theory
lý thuyết tam giác gian lận	theory-model	tam-giac-gian-lan	finance	mo-hinh-nghien-cuu	model-theory
tam giác gian lận là gì	theory-model	tam-giac-gian-lan	finance	mo-hinh-nghien-cuu	model-theory
mô hình beneish m score	theory-model	beneish-m-score	finance	mo-hinh-nghien-cuu	model-theory
lý thuyết beneish m score	theory-model	beneish-m-score	finance	mo-hinh-nghien-cuu	model-theory
beneish m score là gì	theory-model	beneish-m-score	finance	mo-hinh-nghien-cuu	model-theory
mô hình jones	theory-model	jones	finance	mo-hinh-nghien-cuu	model-theory
lý thuyết jones	theory-model	jones	finance	mo-hinh-nghien-cuu	model-theory
jones là gì	theory-model	jones	finance	mo-hinh-nghien-cuu	model-theory
mô hình chiết khấu dòng tiền dcf	theory-model	dcf	finance	mo-hinh-nghien-cuu	model-theory
lý thuyết chiết khấu dòng tiền dcf	theory-model	dcf	finance	mo-hinh-nghien-cuu	model-theory
chiết khấu dòng tiền dcf là gì	theory-model	dcf	finance	mo-hinh-nghien-cuu	model-theory
mô hình khác biệt trong khác biệt did	theory-model	did	econometrics	mo-hinh-nghien-cuu	model-theory
lý thuyết khác biệt trong khác biệt did	theory-model	did	econometrics	mo-hinh-nghien-cuu	model-theory
khác biệt trong khác biệt did là gì	theory-model	did	econometrics	mo-hinh-nghien-cuu	model-theory
mô hình ghép cặp điểm xu hướng psm	theory-model	psm	econometrics	mo-hinh-nghien-cuu	model-theory
lý thuyết ghép cặp điểm xu hướng psm	theory-model	psm	econometrics	mo-hinh-nghien-cuu	model-theory
ghép cặp điểm xu hướng psm là gì	theory-model	psm	econometrics	mo-hinh-nghien-cuu	model-theory
mô hình vecm	theory-model	vecm	econometrics	mo-hinh-nghien-cuu	model-theory
lý thuyết vecm	theory-model	vecm	econometrics	mo-hinh-nghien-cuu	model-theory
vecm là gì	theory-model	vecm	econometrics	mo-hinh-nghien-cuu	model-theory
mô hình garch	theory-model	garch	econometrics	mo-hinh-nghien-cuu	model-theory
lý thuyết garch	theory-model	garch	econometrics	mo-hinh-nghien-cuu	model-theory
garch là gì	theory-model	garch	econometrics	mo-hinh-nghien-cuu	model-theory
mô hình trọng lực	theory-model	mo-hinh-trong-luc	econometrics	mo-hinh-nghien-cuu	model-theory
lý thuyết trọng lực	theory-model	mo-hinh-trong-luc	econometrics	mo-hinh-nghien-cuu	model-theory
trọng lực là gì	theory-model	mo-hinh-trong-luc	econometrics	mo-hinh-nghien-cuu	model-theory
mô hình định giá ngẫu nhiên cvm	theory-model	cvm	econometrics	mo-hinh-nghien-cuu	model-theory
lý thuyết định giá ngẫu nhiên cvm	theory-model	cvm	econometrics	mo-hinh-nghien-cuu	model-theory
định giá ngẫu nhiên cvm là gì	theory-model	cvm	econometrics	mo-hinh-nghien-cuu	model-theory
mô hình dea	theory-model	dea	econometrics	mo-hinh-nghien-cuu	model-theory
lý thuyết dea	theory-model	dea	econometrics	mo-hinh-nghien-cuu	model-theory
dea là gì	theory-model	dea	econometrics	mo-hinh-nghien-cuu	model-theory
mô hình sfa	theory-model	sfa	econometrics	mo-hinh-nghien-cuu	model-theory
lý thuyết sfa	theory-model	sfa	econometrics	mo-hinh-nghien-cuu	model-theory
sfa là gì	theory-model	sfa	econometrics	mo-hinh-nghien-cuu	model-theory
mô hình dineserv	theory-model	dineserv	service	mo-hinh-nghien-cuu	model-theory
lý thuyết dineserv	theory-model	dineserv	service	mo-hinh-nghien-cuu	model-theory
dineserv là gì	theory-model	dineserv	service	mo-hinh-nghien-cuu	model-theory
mô hình holsat	theory-model	holsat	service	mo-hinh-nghien-cuu	model-theory
lý thuyết holsat	theory-model	holsat	service	mo-hinh-nghien-cuu	model-theory
holsat là gì	theory-model	holsat	service	mo-hinh-nghien-cuu	model-theory
mô hình ipa	theory-model	ipa	service	mo-hinh-nghien-cuu	model-theory
lý thuyết ipa	theory-model	ipa	service	mo-hinh-nghien-cuu	model-theory
ipa là gì	theory-model	ipa	service	mo-hinh-nghien-cuu	model-theory
mô hình hedperf	theory-model	hedperf	service	mo-hinh-nghien-cuu	model-theory
lý thuyết hedperf	theory-model	hedperf	service	mo-hinh-nghien-cuu	model-theory
hedperf là gì	theory-model	hedperf	service	mo-hinh-nghien-cuu	model-theory
mô hình cipp	theory-model	cipp	service	mo-hinh-nghien-cuu	model-theory
lý thuyết cipp	theory-model	cipp	service	mo-hinh-nghien-cuu	model-theory
cipp là gì	theory-model	cipp	service	mo-hinh-nghien-cuu	model-theory
cách viết mở đầu luận văn	thesis-section	mo-dau	ch1	khoa-luan-tot-nghiep	thesis-writing
mở đầu trong luận văn là gì	thesis-section	mo-dau	ch1	khoa-luan-tot-nghiep	thesis-writing
cách viết lý do chọn đề tài luận văn	thesis-section	ly-do-chon-de-tai	ch1	khoa-luan-tot-nghiep	thesis-writing
lý do chọn đề tài trong luận văn là gì	thesis-section	ly-do-chon-de-tai	ch1	khoa-luan-tot-nghiep	thesis-writing
cách viết mục tiêu nghiên cứu luận văn	thesis-section	muc-tieu-nghien-cuu	ch1	khoa-luan-tot-nghiep	thesis-writing
mục tiêu nghiên cứu trong luận văn là gì	thesis-section	muc-tieu-nghien-cuu	ch1	khoa-luan-tot-nghiep	thesis-writing
cách viết câu hỏi nghiên cứu luận văn	thesis-section	cau-hoi-nghien-cuu	ch1	khoa-luan-tot-nghiep	thesis-writing
câu hỏi nghiên cứu trong luận văn là gì	thesis-section	cau-hoi-nghien-cuu	ch1	khoa-luan-tot-nghiep	thesis-writing
cách viết đối tượng và phạm vi nghiên cứu luận văn	thesis-section	doi-tuong-va-pham-vi-nghien-cuu	ch1	khoa-luan-tot-nghiep	thesis-writing
đối tượng và phạm vi nghiên cứu trong luận văn là gì	thesis-section	doi-tuong-va-pham-vi-nghien-cuu	ch1	khoa-luan-tot-nghiep	thesis-writing
cách viết ý nghĩa của đề tài luận văn	thesis-section	y-nghia-cua-de-tai	ch1	khoa-luan-tot-nghiep	thesis-writing
ý nghĩa của đề tài trong luận văn là gì	thesis-section	y-nghia-cua-de-tai	ch1	khoa-luan-tot-nghiep	thesis-writing
cách viết kết cấu luận văn	thesis-section	ket-cau-luan-van	ch1	khoa-luan-tot-nghiep	thesis-writing
kết cấu trong luận văn là gì	thesis-section	ket-cau-luan-van	ch1	khoa-luan-tot-nghiep	thesis-writing
cách viết tổng quan tài liệu luận văn	thesis-section	tong-quan-tai-lieu	ch2	khoa-luan-tot-nghiep	thesis-writing
tổng quan tài liệu trong luận văn là gì	thesis-section	tong-quan-tai-lieu	ch2	khoa-luan-tot-nghiep	thesis-writing
cách viết cơ sở lý thuyết luận văn	thesis-section	co-so-ly-thuyet	ch2	khoa-luan-tot-nghiep	thesis-writing
cơ sở lý thuyết trong luận văn là gì	thesis-section	co-so-ly-thuyet	ch2	khoa-luan-tot-nghiep	thesis-writing
cách viết khoảng trống nghiên cứu luận văn	thesis-section	khoang-trong-nghien-cuu	ch2	khoa-luan-tot-nghiep	thesis-writing
khoảng trống nghiên cứu trong luận văn là gì	thesis-section	khoang-trong-nghien-cuu	ch2	khoa-luan-tot-nghiep	thesis-writing
cách viết mô hình nghiên cứu đề xuất luận văn	thesis-section	mo-hinh-nghien-cuu-de-xuat	ch2	khoa-luan-tot-nghiep	thesis-writing
mô hình nghiên cứu đề xuất trong luận văn là gì	thesis-section	mo-hinh-nghien-cuu-de-xuat	ch2	khoa-luan-tot-nghiep	thesis-writing
cách viết giả thuyết nghiên cứu luận văn	thesis-section	gia-thuyet-nghien-cuu	ch2	khoa-luan-tot-nghiep	thesis-writing
giả thuyết nghiên cứu trong luận văn là gì	thesis-section	gia-thuyet-nghien-cuu	ch2	khoa-luan-tot-nghiep	thesis-writing
cách viết phương pháp nghiên cứu luận văn	thesis-section	phuong-phap-nghien-cuu	ch3	khoa-luan-tot-nghiep	thesis-writing
phương pháp nghiên cứu trong luận văn là gì	thesis-section	phuong-phap-nghien-cuu	ch3	khoa-luan-tot-nghiep	thesis-writing
cách viết quy trình nghiên cứu luận văn	thesis-section	quy-trinh-nghien-cuu	ch3	khoa-luan-tot-nghiep	thesis-writing
quy trình nghiên cứu trong luận văn là gì	thesis-section	quy-trinh-nghien-cuu	ch3	khoa-luan-tot-nghiep	thesis-writing
cách viết thiết kế nghiên cứu luận văn	thesis-section	thiet-ke-nghien-cuu	ch3	khoa-luan-tot-nghiep	thesis-writing
thiết kế nghiên cứu trong luận văn là gì	thesis-section	thiet-ke-nghien-cuu	ch3	khoa-luan-tot-nghiep	thesis-writing
cách viết xây dựng thang đo luận văn	thesis-section	xay-dung-thang-do	ch3	khoa-luan-tot-nghiep	thesis-writing
xây dựng thang đo trong luận văn là gì	thesis-section	xay-dung-thang-do	ch3	khoa-luan-tot-nghiep	thesis-writing
cách viết nghiên cứu sơ bộ luận văn	thesis-section	nghien-cuu-so-bo	ch3	khoa-luan-tot-nghiep	thesis-writing
nghiên cứu sơ bộ trong luận văn là gì	thesis-section	nghien-cuu-so-bo	ch3	khoa-luan-tot-nghiep	thesis-writing
cách viết nghiên cứu chính thức luận văn	thesis-section	nghien-cuu-chinh-thuc	ch3	khoa-luan-tot-nghiep	thesis-writing
nghiên cứu chính thức trong luận văn là gì	thesis-section	nghien-cuu-chinh-thuc	ch3	khoa-luan-tot-nghiep	thesis-writing
cách viết kết quả nghiên cứu luận văn	thesis-section	ket-qua-nghien-cuu	ch4	khoa-luan-tot-nghiep	thesis-writing
kết quả nghiên cứu trong luận văn là gì	thesis-section	ket-qua-nghien-cuu	ch4	khoa-luan-tot-nghiep	thesis-writing
cách viết thống kê mô tả mẫu luận văn	thesis-section	thong-ke-mo-ta-mau	ch4	khoa-luan-tot-nghiep	thesis-writing
thống kê mô tả mẫu trong luận văn là gì	thesis-section	thong-ke-mo-ta-mau	ch4	khoa-luan-tot-nghiep	thesis-writing
cách viết kết quả kiểm định thang đo luận văn	thesis-section	ket-qua-kiem-dinh-thang-do	ch4	khoa-luan-tot-nghiep	thesis-writing
kết quả kiểm định thang đo trong luận văn là gì	thesis-section	ket-qua-kiem-dinh-thang-do	ch4	khoa-luan-tot-nghiep	thesis-writing
cách viết kết quả efa luận văn	thesis-section	ket-qua-efa	ch4	khoa-luan-tot-nghiep	thesis-writing
kết quả efa trong luận văn là gì	thesis-section	ket-qua-efa	ch4	khoa-luan-tot-nghiep	thesis-writing
cách viết kết quả hồi quy luận văn	thesis-section	ket-qua-hoi-quy	ch4	khoa-luan-tot-nghiep	thesis-writing
kết quả hồi quy trong luận văn là gì	thesis-section	ket-qua-hoi-quy	ch4	khoa-luan-tot-nghiep	thesis-writing
cách viết kiểm định giả thuyết luận văn	thesis-section	kiem-dinh-gia-thuyet	ch4	khoa-luan-tot-nghiep	thesis-writing
kiểm định giả thuyết trong luận văn là gì	thesis-section	kiem-dinh-gia-thuyet	ch4	khoa-luan-tot-nghiep	thesis-writing
cách viết thảo luận kết quả luận văn	thesis-section	thao-luan-ket-qua	ch5	luan-van-thac-si	thesis-writing
thảo luận kết quả trong luận văn là gì	thesis-section	thao-luan-ket-qua	ch5	luan-van-thac-si	thesis-writing
cách viết kết luận luận văn	thesis-section	ket-luan	ch5	luan-van-thac-si	thesis-writing
kết luận trong luận văn là gì	thesis-section	ket-luan	ch5	luan-van-thac-si	thesis-writing
cách viết hàm ý quản trị luận văn	thesis-section	ham-y-quan-tri	ch5	luan-van-thac-si	thesis-writing
hàm ý quản trị trong luận văn là gì	thesis-section	ham-y-quan-tri	ch5	luan-van-thac-si	thesis-writing
cách viết kiến nghị luận văn	thesis-section	kien-nghi	ch5	luan-van-thac-si	thesis-writing
kiến nghị trong luận văn là gì	thesis-section	kien-nghi	ch5	luan-van-thac-si	thesis-writing
cách viết hạn chế của đề tài luận văn	thesis-section	han-che-cua-de-tai	ch5	luan-van-thac-si	thesis-writing
hạn chế của đề tài trong luận văn là gì	thesis-section	han-che-cua-de-tai	ch5	luan-van-thac-si	thesis-writing
cách viết hướng nghiên cứu tiếp theo luận văn	thesis-section	huong-nghien-cuu-tiep-theo	ch5	luan-van-thac-si	thesis-writing
hướng nghiên cứu tiếp theo trong luận văn là gì	thesis-section	huong-nghien-cuu-tiep-theo	ch5	luan-van-thac-si	thesis-writing
cách viết tài liệu tham khảo luận văn	thesis-section	tai-lieu-tham-khao	front-back	khoa-luan-tot-nghiep	thesis-writing
tài liệu tham khảo trong luận văn là gì	thesis-section	tai-lieu-tham-khao	front-back	khoa-luan-tot-nghiep	thesis-writing
cách viết phụ lục luận văn	thesis-section	phu-luc	front-back	khoa-luan-tot-nghiep	thesis-writing
phụ lục trong luận văn là gì	thesis-section	phu-luc	front-back	khoa-luan-tot-nghiep	thesis-writing
cách viết tóm tắt luận văn	thesis-section	tom-tat-luan-van	front-back	khoa-luan-tot-nghiep	thesis-writing
tóm tắt trong luận văn là gì	thesis-section	tom-tat-luan-van	front-back	khoa-luan-tot-nghiep	thesis-writing
cách viết abstract luận văn	thesis-section	abstract	front-back	khoa-luan-tot-nghiep	thesis-writing
abstract trong luận văn là gì	thesis-section	abstract	front-back	khoa-luan-tot-nghiep	thesis-writing
cách viết lời cam đoan luận văn	thesis-section	loi-cam-doan	front-back	khoa-luan-tot-nghiep	thesis-writing
lời cam đoan trong luận văn là gì	thesis-section	loi-cam-doan	front-back	khoa-luan-tot-nghiep	thesis-writing
cách viết lời cảm ơn luận văn	thesis-section	loi-cam-on	front-back	khoa-luan-tot-nghiep	thesis-writing
lời cảm ơn trong luận văn là gì	thesis-section	loi-cam-on	front-back	khoa-luan-tot-nghiep	thesis-writing
cách viết mục lục luận văn	thesis-section	muc-luc	front-back	khoa-luan-tot-nghiep	thesis-writing
mục lục trong luận văn là gì	thesis-section	muc-luc	front-back	khoa-luan-tot-nghiep	thesis-writing
cách viết danh mục bảng biểu luận văn	thesis-section	danh-muc-bang-bieu	front-back	khoa-luan-tot-nghiep	thesis-writing
danh mục bảng biểu trong luận văn là gì	thesis-section	danh-muc-bang-bieu	front-back	khoa-luan-tot-nghiep	thesis-writing
cách viết danh mục từ viết tắt luận văn	thesis-section	danh-muc-tu-viet-tat	front-back	khoa-luan-tot-nghiep	thesis-writing
danh mục từ viết tắt trong luận văn là gì	thesis-section	danh-muc-tu-viet-tat	front-back	khoa-luan-tot-nghiep	thesis-writing
cách viết trang bìa luận văn	thesis-section	trang-bia	front-back	khoa-luan-tot-nghiep	thesis-writing
trang bìa trong luận văn là gì	thesis-section	trang-bia	front-back	khoa-luan-tot-nghiep	thesis-writing
cách viết đề cương luận văn	thesis-section	de-cuong	planning	luan-van-thac-si	thesis-writing
đề cương trong luận văn là gì	thesis-section	de-cuong	planning	luan-van-thac-si	thesis-writing
cách viết slide bảo vệ luận văn	thesis-section	slide-bao-ve	planning	luan-van-thac-si	thesis-writing
slide bảo vệ trong luận văn là gì	thesis-section	slide-bao-ve	planning	luan-van-thac-si	thesis-writing
cách viết nhận xét của giảng viên hướng dẫn luận văn	thesis-section	nhan-xet-cua-giang-vien-huong-dan	front-back	khoa-luan-tot-nghiep	thesis-writing
nhận xét của giảng viên hướng dẫn trong luận văn là gì	thesis-section	nhan-xet-cua-giang-vien-huong-dan	front-back	khoa-luan-tot-nghiep	thesis-writing
cách viết nhận xét của đơn vị thực tập luận văn	thesis-section	nhan-xet-cua-don-vi-thuc-tap	front-back	khoa-luan-tot-nghiep	thesis-writing
nhận xét của đơn vị thực tập trong luận văn là gì	thesis-section	nhan-xet-cua-don-vi-thuc-tap	front-back	khoa-luan-tot-nghiep	thesis-writing
cách viết phụ lục kết quả spss luận văn	thesis-section	phu-luc-ket-qua-spss	front-back	khoa-luan-tot-nghiep	thesis-writing
phụ lục kết quả spss trong luận văn là gì	thesis-section	phu-luc-ket-qua-spss	front-back	khoa-luan-tot-nghiep	thesis-writing
cách viết danh mục công trình công bố luận văn	thesis-section	danh-muc-cong-trinh-cong-bo	front-back	khoa-luan-tot-nghiep	thesis-writing
danh mục công trình công bố trong luận văn là gì	thesis-section	danh-muc-cong-trinh-cong-bo	front-back	khoa-luan-tot-nghiep	thesis-writing
cách viết các nghiên cứu trong nước và ngoài nước luận văn	thesis-section	cac-nghien-cuu-trong-nuoc-va-ngoai-nuoc	ch2	khoa-luan-tot-nghiep	thesis-writing
các nghiên cứu trong nước và ngoài nước trong luận văn là gì	thesis-section	cac-nghien-cuu-trong-nuoc-va-ngoai-nuoc	ch2	khoa-luan-tot-nghiep	thesis-writing
cách viết bảng tổng hợp nghiên cứu trước luận văn	thesis-section	bang-tong-hop-nghien-cuu-truoc	ch2	khoa-luan-tot-nghiep	thesis-writing
bảng tổng hợp nghiên cứu trước trong luận văn là gì	thesis-section	bang-tong-hop-nghien-cuu-truoc	ch2	khoa-luan-tot-nghiep	thesis-writing
cách viết định nghĩa khái niệm nghiên cứu luận văn	thesis-section	dinh-nghia-khai-niem-nghien-cuu	ch2	khoa-luan-tot-nghiep	thesis-writing
định nghĩa khái niệm nghiên cứu trong luận văn là gì	thesis-section	dinh-nghia-khai-niem-nghien-cuu	ch2	khoa-luan-tot-nghiep	thesis-writing
cách viết phương pháp phân tích dữ liệu luận văn	thesis-section	phuong-phap-phan-tich-du-lieu	ch3	khoa-luan-tot-nghiep	thesis-writing
phương pháp phân tích dữ liệu trong luận văn là gì	thesis-section	phuong-phap-phan-tich-du-lieu	ch3	khoa-luan-tot-nghiep	thesis-writing
cách viết kết quả phân tích tương quan luận văn	thesis-section	ket-qua-phan-tich-tuong-quan	ch4	khoa-luan-tot-nghiep	thesis-writing
kết quả phân tích tương quan trong luận văn là gì	thesis-section	ket-qua-phan-tich-tuong-quan	ch4	khoa-luan-tot-nghiep	thesis-writing
cách viết kết quả kiểm định khác biệt luận văn	thesis-section	ket-qua-kiem-dinh-khac-biet	ch4	khoa-luan-tot-nghiep	thesis-writing
kết quả kiểm định khác biệt trong luận văn là gì	thesis-section	ket-qua-kiem-dinh-khac-biet	ch4	khoa-luan-tot-nghiep	thesis-writing
cách viết kết quả phân tích sem luận văn	thesis-section	ket-qua-phan-tich-sem	ch4	khoa-luan-tot-nghiep	thesis-writing
kết quả phân tích sem trong luận văn là gì	thesis-section	ket-qua-phan-tich-sem	ch4	khoa-luan-tot-nghiep	thesis-writing
cách viết so sánh với nghiên cứu trước luận văn	thesis-section	so-sanh-voi-nghien-cuu-truoc	ch5	khoa-luan-tot-nghiep	thesis-writing
so sánh với nghiên cứu trước trong luận văn là gì	thesis-section	so-sanh-voi-nghien-cuu-truoc	ch5	khoa-luan-tot-nghiep	thesis-writing
cách viết đóng góp của nghiên cứu luận văn	thesis-section	dong-gop-cua-nghien-cuu	ch5	khoa-luan-tot-nghiep	thesis-writing
đóng góp của nghiên cứu trong luận văn là gì	thesis-section	dong-gop-cua-nghien-cuu	ch5	khoa-luan-tot-nghiep	thesis-writing
cách viết hàm ý lý thuyết luận văn	thesis-section	ham-y-ly-thuyet	ch5	khoa-luan-tot-nghiep	thesis-writing
hàm ý lý thuyết trong luận văn là gì	thesis-section	ham-y-ly-thuyet	ch5	khoa-luan-tot-nghiep	thesis-writing
cách viết tính mới của đề tài luận văn	thesis-section	tinh-moi-cua-de-tai	ch5	khoa-luan-tot-nghiep	thesis-writing
tính mới của đề tài trong luận văn là gì	thesis-section	tinh-moi-cua-de-tai	ch5	khoa-luan-tot-nghiep	thesis-writing
quy định trình bày luận văn	thesis-section	quy-dinh-trinh-bay	format	khoa-luan-tot-nghiep	thesis-writing
quy định trình bày trong luận văn là gì	thesis-section	quy-dinh-trinh-bay	format	khoa-luan-tot-nghiep	thesis-writing
trình bày bảng biểu luận văn	thesis-section	trinh-bay-bang-bieu	format	khoa-luan-tot-nghiep	thesis-writing
trình bày bảng biểu trong luận văn là gì	thesis-section	trinh-bay-bang-bieu	format	khoa-luan-tot-nghiep	thesis-writing
trích dẫn theo apa luận văn	thesis-section	trich-dan-theo-apa	format	khoa-luan-tot-nghiep	thesis-writing
trích dẫn theo apa trong luận văn là gì	thesis-section	trich-dan-theo-apa	format	khoa-luan-tot-nghiep	thesis-writing
kiểm tra đạo văn luận văn	thesis-section	kiem-tra-dao-van	format	khoa-luan-tot-nghiep	thesis-writing
kiểm tra đạo văn trong luận văn là gì	thesis-section	kiem-tra-dao-van	format	khoa-luan-tot-nghiep	thesis-writing
kế hoạch tiến độ luận văn	thesis-section	ke-hoach-tien-do	planning	khoa-luan-tot-nghiep	thesis-writing
kế hoạch tiến độ trong luận văn là gì	thesis-section	ke-hoach-tien-do	planning	khoa-luan-tot-nghiep	thesis-writing
trả lời câu hỏi hội đồng luận văn	thesis-section	tra-loi-cau-hoi-hoi-dong	defence	khoa-luan-tot-nghiep	thesis-writing
trả lời câu hỏi hội đồng trong luận văn là gì	thesis-section	tra-loi-cau-hoi-hoi-dong	defence	khoa-luan-tot-nghiep	thesis-writing
giải trình chỉnh sửa sau bảo vệ luận văn	thesis-section	giai-trinh-chinh-sua-sau-bao-ve	defence	khoa-luan-tot-nghiep	thesis-writing
giải trình chỉnh sửa sau bảo vệ trong luận văn là gì	thesis-section	giai-trinh-chinh-sua-sau-bao-ve	defence	khoa-luan-tot-nghiep	thesis-writing
đề tài luận văn quản trị kinh doanh	topic-list-field	quan-tri-kinh-doanh	business	khoa-luan-tot-nghiep	topic-list
đề tài nghiên cứu khoa học quản trị kinh doanh	topic-list-field	quan-tri-kinh-doanh	business	khoa-luan-tot-nghiep	topic-list
đề tài luận văn marketing	topic-list-field	marketing	business	khoa-luan-tot-nghiep	topic-list
đề tài nghiên cứu khoa học marketing	topic-list-field	marketing	business	khoa-luan-tot-nghiep	topic-list
đề tài luận văn kinh doanh quốc tế	topic-list-field	kinh-doanh-quoc-te	business	khoa-luan-tot-nghiep	topic-list
đề tài nghiên cứu khoa học kinh doanh quốc tế	topic-list-field	kinh-doanh-quoc-te	business	khoa-luan-tot-nghiep	topic-list
đề tài luận văn thương mại điện tử	topic-list-field	thuong-mai-dien-tu	business	khoa-luan-tot-nghiep	topic-list
đề tài nghiên cứu khoa học thương mại điện tử	topic-list-field	thuong-mai-dien-tu	business	khoa-luan-tot-nghiep	topic-list
đề tài luận văn quản trị nhân lực	topic-list-field	quan-tri-nhan-luc	business	khoa-luan-tot-nghiep	topic-list
đề tài nghiên cứu khoa học quản trị nhân lực	topic-list-field	quan-tri-nhan-luc	business	khoa-luan-tot-nghiep	topic-list
đề tài luận văn quản trị chất lượng	topic-list-field	quan-tri-chat-luong	business	khoa-luan-tot-nghiep	topic-list
đề tài nghiên cứu khoa học quản trị chất lượng	topic-list-field	quan-tri-chat-luong	business	khoa-luan-tot-nghiep	topic-list
đề tài luận văn tài chính ngân hàng	topic-list-field	tai-chinh-ngan-hang	finance	khoa-luan-tot-nghiep	topic-list
đề tài nghiên cứu khoa học tài chính ngân hàng	topic-list-field	tai-chinh-ngan-hang	finance	khoa-luan-tot-nghiep	topic-list
đề tài luận văn kế toán	topic-list-field	ke-toan	finance	khoa-luan-tot-nghiep	topic-list
đề tài nghiên cứu khoa học kế toán	topic-list-field	ke-toan	finance	khoa-luan-tot-nghiep	topic-list
đề tài luận văn kiểm toán	topic-list-field	kiem-toan	finance	khoa-luan-tot-nghiep	topic-list
đề tài nghiên cứu khoa học kiểm toán	topic-list-field	kiem-toan	finance	khoa-luan-tot-nghiep	topic-list
đề tài luận văn tài chính doanh nghiệp	topic-list-field	tai-chinh-doanh-nghiep	finance	khoa-luan-tot-nghiep	topic-list
đề tài nghiên cứu khoa học tài chính doanh nghiệp	topic-list-field	tai-chinh-doanh-nghiep	finance	khoa-luan-tot-nghiep	topic-list
đề tài luận văn bất động sản	topic-list-field	bat-dong-san	finance	khoa-luan-tot-nghiep	topic-list
đề tài nghiên cứu khoa học bất động sản	topic-list-field	bat-dong-san	finance	khoa-luan-tot-nghiep	topic-list
đề tài luận văn bảo hiểm	topic-list-field	bao-hiem	finance	khoa-luan-tot-nghiep	topic-list
đề tài nghiên cứu khoa học bảo hiểm	topic-list-field	bao-hiem	finance	khoa-luan-tot-nghiep	topic-list
đề tài luận văn kinh tế	topic-list-field	kinh-te	economics	khoa-luan-tot-nghiep	topic-list
đề tài nghiên cứu khoa học kinh tế	topic-list-field	kinh-te	economics	khoa-luan-tot-nghiep	topic-list
đề tài luận văn kinh tế phát triển	topic-list-field	kinh-te-phat-trien	economics	khoa-luan-tot-nghiep	topic-list
đề tài nghiên cứu khoa học kinh tế phát triển	topic-list-field	kinh-te-phat-trien	economics	khoa-luan-tot-nghiep	topic-list
đề tài luận văn kinh tế đầu tư	topic-list-field	kinh-te-dau-tu	economics	khoa-luan-tot-nghiep	topic-list
đề tài nghiên cứu khoa học kinh tế đầu tư	topic-list-field	kinh-te-dau-tu	economics	khoa-luan-tot-nghiep	topic-list
đề tài luận văn xuất nhập khẩu	topic-list-field	xuat-nhap-khau	economics	khoa-luan-tot-nghiep	topic-list
đề tài nghiên cứu khoa học xuất nhập khẩu	topic-list-field	xuat-nhap-khau	economics	khoa-luan-tot-nghiep	topic-list
đề tài luận văn logistics	topic-list-field	logistics	operations	khoa-luan-tot-nghiep	topic-list
đề tài nghiên cứu khoa học logistics	topic-list-field	logistics	operations	khoa-luan-tot-nghiep	topic-list
đề tài luận văn chuỗi cung ứng	topic-list-field	chuoi-cung-ung	operations	khoa-luan-tot-nghiep	topic-list
đề tài nghiên cứu khoa học chuỗi cung ứng	topic-list-field	chuoi-cung-ung	operations	khoa-luan-tot-nghiep	topic-list
đề tài luận văn du lịch	topic-list-field	du-lich	services	khoa-luan-tot-nghiep	topic-list
đề tài nghiên cứu khoa học du lịch	topic-list-field	du-lich	services	khoa-luan-tot-nghiep	topic-list
đề tài luận văn khách sạn	topic-list-field	khach-san	services	khoa-luan-tot-nghiep	topic-list
đề tài nghiên cứu khoa học khách sạn	topic-list-field	khach-san	services	khoa-luan-tot-nghiep	topic-list
đề tài luận văn nhà hàng	topic-list-field	nha-hang	services	khoa-luan-tot-nghiep	topic-list
đề tài nghiên cứu khoa học nhà hàng	topic-list-field	nha-hang	services	khoa-luan-tot-nghiep	topic-list
đề tài luận văn công nghệ thông tin	topic-list-field	cong-nghe-thong-tin	tech	khoa-luan-tot-nghiep	topic-list
đề tài nghiên cứu khoa học công nghệ thông tin	topic-list-field	cong-nghe-thong-tin	tech	khoa-luan-tot-nghiep	topic-list
đề tài luận văn hệ thống thông tin quản lý	topic-list-field	he-thong-thong-tin-quan-ly	tech	khoa-luan-tot-nghiep	topic-list
đề tài nghiên cứu khoa học hệ thống thông tin quản lý	topic-list-field	he-thong-thong-tin-quan-ly	tech	khoa-luan-tot-nghiep	topic-list
đề tài luận văn luật kinh tế	topic-list-field	luat-kinh-te	law	khoa-luan-tot-nghiep	topic-list
đề tài nghiên cứu khoa học luật kinh tế	topic-list-field	luat-kinh-te	law	khoa-luan-tot-nghiep	topic-list
đề tài luận văn quản lý công	topic-list-field	quan-ly-cong	law	khoa-luan-tot-nghiep	topic-list
đề tài nghiên cứu khoa học quản lý công	topic-list-field	quan-ly-cong	law	khoa-luan-tot-nghiep	topic-list
đề tài luận văn sư phạm	topic-list-field	su-pham	education	khoa-luan-tot-nghiep	topic-list
đề tài nghiên cứu khoa học sư phạm	topic-list-field	su-pham	education	khoa-luan-tot-nghiep	topic-list
đề tài luận văn giáo dục mầm non	topic-list-field	giao-duc-mam-non	education	khoa-luan-tot-nghiep	topic-list
đề tài nghiên cứu khoa học giáo dục mầm non	topic-list-field	giao-duc-mam-non	education	khoa-luan-tot-nghiep	topic-list
đề tài luận văn quản lý giáo dục	topic-list-field	quan-ly-giao-duc	education	khoa-luan-tot-nghiep	topic-list
đề tài nghiên cứu khoa học quản lý giáo dục	topic-list-field	quan-ly-giao-duc	education	khoa-luan-tot-nghiep	topic-list
đề tài luận văn điều dưỡng	topic-list-field	dieu-duong	health	khoa-luan-tot-nghiep	topic-list
đề tài nghiên cứu khoa học điều dưỡng	topic-list-field	dieu-duong	health	khoa-luan-tot-nghiep	topic-list
đề tài luận văn y tế công cộng	topic-list-field	y-te-cong-cong	health	khoa-luan-tot-nghiep	topic-list
đề tài nghiên cứu khoa học y tế công cộng	topic-list-field	y-te-cong-cong	health	khoa-luan-tot-nghiep	topic-list
đề tài luận văn dược	topic-list-field	duoc	health	khoa-luan-tot-nghiep	topic-list
đề tài nghiên cứu khoa học dược	topic-list-field	duoc	health	khoa-luan-tot-nghiep	topic-list
đề tài luận văn công tác xã hội	topic-list-field	cong-tac-xa-hoi	social	khoa-luan-tot-nghiep	topic-list
đề tài nghiên cứu khoa học công tác xã hội	topic-list-field	cong-tac-xa-hoi	social	khoa-luan-tot-nghiep	topic-list
đề tài luận văn tâm lý học	topic-list-field	tam-ly-hoc	social	khoa-luan-tot-nghiep	topic-list
đề tài nghiên cứu khoa học tâm lý học	topic-list-field	tam-ly-hoc	social	khoa-luan-tot-nghiep	topic-list
đề tài luận văn quan hệ công chúng	topic-list-field	quan-he-cong-chung	social	khoa-luan-tot-nghiep	topic-list
đề tài nghiên cứu khoa học quan hệ công chúng	topic-list-field	quan-he-cong-chung	social	khoa-luan-tot-nghiep	topic-list
đề tài luận văn môi trường	topic-list-field	moi-truong	social	khoa-luan-tot-nghiep	topic-list
đề tài nghiên cứu khoa học môi trường	topic-list-field	moi-truong	social	khoa-luan-tot-nghiep	topic-list
đề tài luận văn nông nghiệp	topic-list-field	nong-nghiep	social	khoa-luan-tot-nghiep	topic-list
đề tài nghiên cứu khoa học nông nghiệp	topic-list-field	nong-nghiep	social	khoa-luan-tot-nghiep	topic-list
đề tài luận văn xây dựng	topic-list-field	xay-dung	social	khoa-luan-tot-nghiep	topic-list
đề tài nghiên cứu khoa học xây dựng	topic-list-field	xay-dung	social	khoa-luan-tot-nghiep	topic-list
đề tài luận văn kinh tế quốc tế	topic-list-field	kinh-te-quoc-te	economics	khoa-luan-tot-nghiep	topic-list
đề tài nghiên cứu khoa học kinh tế quốc tế	topic-list-field	kinh-te-quoc-te	economics	khoa-luan-tot-nghiep	topic-list
đề tài luận văn kinh tế đối ngoại	topic-list-field	kinh-te-doi-ngoai	economics	khoa-luan-tot-nghiep	topic-list
đề tài nghiên cứu khoa học kinh tế đối ngoại	topic-list-field	kinh-te-doi-ngoai	economics	khoa-luan-tot-nghiep	topic-list
đề tài luận văn thống kê kinh tế	topic-list-field	thong-ke-kinh-te	economics	khoa-luan-tot-nghiep	topic-list
đề tài nghiên cứu khoa học thống kê kinh tế	topic-list-field	thong-ke-kinh-te	economics	khoa-luan-tot-nghiep	topic-list
đề tài luận văn thuế	topic-list-field	thue	finance	khoa-luan-tot-nghiep	topic-list
đề tài nghiên cứu khoa học thuế	topic-list-field	thue	finance	khoa-luan-tot-nghiep	topic-list
đề tài luận văn hải quan	topic-list-field	hai-quan	finance	khoa-luan-tot-nghiep	topic-list
đề tài nghiên cứu khoa học hải quan	topic-list-field	hai-quan	finance	khoa-luan-tot-nghiep	topic-list
đề tài luận văn công nghệ tài chính fintech	topic-list-field	cong-nghe-tai-chinh-fintech	finance	khoa-luan-tot-nghiep	topic-list
đề tài nghiên cứu khoa học công nghệ tài chính fintech	topic-list-field	cong-nghe-tai-chinh-fintech	finance	khoa-luan-tot-nghiep	topic-list
đề tài luận văn khoa học dữ liệu	topic-list-field	khoa-hoc-du-lieu	tech	khoa-luan-tot-nghiep	topic-list
đề tài nghiên cứu khoa học khoa học dữ liệu	topic-list-field	khoa-hoc-du-lieu	tech	khoa-luan-tot-nghiep	topic-list
đề tài luận văn marketing số	topic-list-field	marketing-so	business	khoa-luan-tot-nghiep	topic-list
đề tài nghiên cứu khoa học marketing số	topic-list-field	marketing-so	business	khoa-luan-tot-nghiep	topic-list
đề tài luận văn quản lý đất đai	topic-list-field	quan-ly-dat-dai	social	khoa-luan-tot-nghiep	topic-list
đề tài nghiên cứu khoa học quản lý đất đai	topic-list-field	quan-ly-dat-dai	social	khoa-luan-tot-nghiep	topic-list
đề tài luận văn xã hội học	topic-list-field	xa-hoi-hoc	social	khoa-luan-tot-nghiep	topic-list
đề tài nghiên cứu khoa học xã hội học	topic-list-field	xa-hoi-hoc	social	khoa-luan-tot-nghiep	topic-list
đề tài luận văn ngôn ngữ anh	topic-list-field	ngon-ngu-anh	education	khoa-luan-tot-nghiep	topic-list
đề tài nghiên cứu khoa học ngôn ngữ anh	topic-list-field	ngon-ngu-anh	education	khoa-luan-tot-nghiep	topic-list
đề tài luận văn giáo dục tiểu học	topic-list-field	giao-duc-tieu-hoc	education	khoa-luan-tot-nghiep	topic-list
đề tài nghiên cứu khoa học giáo dục tiểu học	topic-list-field	giao-duc-tieu-hoc	education	khoa-luan-tot-nghiep	topic-list
đề tài luận văn dinh dưỡng	topic-list-field	dinh-duong	health	khoa-luan-tot-nghiep	topic-list
đề tài nghiên cứu khoa học dinh dưỡng	topic-list-field	dinh-duong	health	khoa-luan-tot-nghiep	topic-list
đề tài luận văn quản lý bệnh viện	topic-list-field	quan-ly-benh-vien	health	khoa-luan-tot-nghiep	topic-list
đề tài nghiên cứu khoa học quản lý bệnh viện	topic-list-field	quan-ly-benh-vien	health	khoa-luan-tot-nghiep	topic-list
ma trận xoay lộn xộn phải làm sao	troubleshoot	ma-tran-xoay-lon-xon	efa	spss	troubleshoot
lỗi ma trận xoay lộn xộn spss	troubleshoot	ma-tran-xoay-lon-xon	efa	spss	troubleshoot
ma trận xoay không hội tụ phải làm sao	troubleshoot	ma-tran-xoay-khong-hoi-tu	efa	spss	troubleshoot
lỗi ma trận xoay không hội tụ spss	troubleshoot	ma-tran-xoay-khong-hoi-tu	efa	spss	troubleshoot
biến bị loại khi xoay nhân tố phải làm sao	troubleshoot	bien-bi-loai-khi-xoay-nhan-to	efa	spss	troubleshoot
lỗi biến bị loại khi xoay nhân tố spss	troubleshoot	bien-bi-loai-khi-xoay-nhan-to	efa	spss	troubleshoot
biến tải lên hai nhân tố phải làm sao	troubleshoot	bien-tai-len-hai-nhan-to	efa	spss	troubleshoot
lỗi biến tải lên hai nhân tố spss	troubleshoot	bien-tai-len-hai-nhan-to	efa	spss	troubleshoot
kmo nhỏ hơn 0 5 phải làm sao	troubleshoot	kmo-nho-hon-0-5	efa	spss	troubleshoot
lỗi kmo nhỏ hơn 0 5 spss	troubleshoot	kmo-nho-hon-0-5	efa	spss	troubleshoot
kiểm định bartlett không có ý nghĩa phải làm sao	troubleshoot	kiem-dinh-bartlett-khong-co-y-nghia	efa	spss	troubleshoot
lỗi kiểm định bartlett không có ý nghĩa spss	troubleshoot	kiem-dinh-bartlett-khong-co-y-nghia	efa	spss	troubleshoot
phương sai trích dưới 50 phải làm sao	troubleshoot	phuong-sai-trich-duoi-50	efa	spss	troubleshoot
lỗi phương sai trích dưới 50 spss	troubleshoot	phuong-sai-trich-duoi-50	efa	spss	troubleshoot
hệ số tải nhân tố thấp phải làm sao	troubleshoot	he-so-tai-nhan-to-thap	efa	spss	troubleshoot
lỗi hệ số tải nhân tố thấp spss	troubleshoot	he-so-tai-nhan-to-thap	efa	spss	troubleshoot
efa ra một nhân tố phải làm sao	troubleshoot	efa-ra-mot-nhan-to	efa	spss	troubleshoot
lỗi efa ra một nhân tố spss	troubleshoot	efa-ra-mot-nhan-to	efa	spss	troubleshoot
cronbach alpha thấp phải làm sao	troubleshoot	cronbach-alpha-thap	reliability	spss	troubleshoot
lỗi cronbach alpha thấp spss	troubleshoot	cronbach-alpha-thap	reliability	spss	troubleshoot
cronbach alpha âm phải làm sao	troubleshoot	cronbach-alpha-am	reliability	spss	troubleshoot
lỗi cronbach alpha âm spss	troubleshoot	cronbach-alpha-am	reliability	spss	troubleshoot
cronbach alpha quá cao phải làm sao	troubleshoot	cronbach-alpha-qua-cao	reliability	spss	troubleshoot
lỗi cronbach alpha quá cao spss	troubleshoot	cronbach-alpha-qua-cao	reliability	spss	troubleshoot
item total correlation nhỏ hơn 0 3 phải làm sao	troubleshoot	item-total-correlation-nho-hon-0-3	reliability	spss	troubleshoot
lỗi item total correlation nhỏ hơn 0 3 spss	troubleshoot	item-total-correlation-nho-hon-0-3	reliability	spss	troubleshoot
thang đo không đạt độ tin cậy phải làm sao	troubleshoot	thang-do-khong-dat-do-tin-cay	reliability	spss	troubleshoot
lỗi thang đo không đạt độ tin cậy spss	troubleshoot	thang-do-khong-dat-do-tin-cay	reliability	spss	troubleshoot
vif cao phải làm sao	troubleshoot	vif-cao	regression	spss	troubleshoot
lỗi vif cao spss	troubleshoot	vif-cao	regression	spss	troubleshoot
r bình phương quá thấp phải làm sao	troubleshoot	r-binh-phuong-qua-thap	regression	spss	troubleshoot
lỗi r bình phương quá thấp spss	troubleshoot	r-binh-phuong-qua-thap	regression	spss	troubleshoot
hệ số hồi quy trái dấu phải làm sao	troubleshoot	he-so-hoi-quy-trai-dau	regression	spss	troubleshoot
lỗi hệ số hồi quy trái dấu spss	troubleshoot	he-so-hoi-quy-trai-dau	regression	spss	troubleshoot
sig lớn hơn 0 05 phải làm sao	troubleshoot	sig-lon-hon-0-05	regression	spss	troubleshoot
lỗi sig lớn hơn 0 05 spss	troubleshoot	sig-lon-hon-0-05	regression	spss	troubleshoot
giả thuyết bị bác bỏ phải làm sao	troubleshoot	gia-thuyet-bi-bac-bo	regression	spss	troubleshoot
lỗi giả thuyết bị bác bỏ spss	troubleshoot	gia-thuyet-bi-bac-bo	regression	spss	troubleshoot
phần dư không phân phối chuẩn phải làm sao	troubleshoot	phan-du-khong-phan-phoi-chuan	regression	spss	troubleshoot
lỗi phần dư không phân phối chuẩn spss	troubleshoot	phan-du-khong-phan-phoi-chuan	regression	spss	troubleshoot
phương sai sai số thay đổi phải làm sao	troubleshoot	phuong-sai-sai-so-thay-doi	regression	spss	troubleshoot
lỗi phương sai sai số thay đổi spss	troubleshoot	phuong-sai-sai-so-thay-doi	regression	spss	troubleshoot
sai số chuẩn quá lớn phải làm sao	troubleshoot	sai-so-chuan-qua-lon	regression	spss	troubleshoot
lỗi sai số chuẩn quá lớn spss	troubleshoot	sai-so-chuan-qua-lon	regression	spss	troubleshoot
dữ liệu không phân phối chuẩn phải làm sao	troubleshoot	du-lieu-khong-phan-phoi-chuan	data	spss	troubleshoot
lỗi dữ liệu không phân phối chuẩn spss	troubleshoot	du-lieu-khong-phan-phoi-chuan	data	spss	troubleshoot
mẫu quá nhỏ phải làm sao	troubleshoot	mau-qua-nho	data	spss	troubleshoot
lỗi mẫu quá nhỏ spss	troubleshoot	mau-qua-nho	data	spss	troubleshoot
dữ liệu bị thiếu nhiều phải làm sao	troubleshoot	du-lieu-bi-thieu-nhieu	data	spss	troubleshoot
lỗi dữ liệu bị thiếu nhiều spss	troubleshoot	du-lieu-bi-thieu-nhieu	data	spss	troubleshoot
nhiều outlier phải làm sao	troubleshoot	nhieu-outlier	data	spss	troubleshoot
lỗi nhiều outlier spss	troubleshoot	nhieu-outlier	data	spss	troubleshoot
trả lời cùng một đáp án phải làm sao	troubleshoot	tra-loi-cung-mot-dap-an	data	spss	troubleshoot
lỗi trả lời cùng một đáp án spss	troubleshoot	tra-loi-cung-mot-dap-an	data	spss	troubleshoot
mất dữ liệu khi recode phải làm sao	troubleshoot	mat-du-lieu-khi-recode	data	spss	troubleshoot
lỗi mất dữ liệu khi recode spss	troubleshoot	mat-du-lieu-khi-recode	data	spss	troubleshoot
biến định tính chạy hồi quy phải làm sao	troubleshoot	bien-dinh-tinh-chay-hoi-quy	data	spss	troubleshoot
lỗi biến định tính chạy hồi quy spss	troubleshoot	bien-dinh-tinh-chay-hoi-quy	data	spss	troubleshoot
ave nhỏ hơn 0 5 phải làm sao	troubleshoot	ave-nho-hon-0-5	pls	smartpls	troubleshoot
lỗi ave nhỏ hơn 0 5 spss	troubleshoot	ave-nho-hon-0-5	pls	smartpls	troubleshoot
htmt lớn hơn 0 9 phải làm sao	troubleshoot	htmt-lon-hon-0-9	pls	smartpls	troubleshoot
lỗi htmt lớn hơn 0 9 spss	troubleshoot	htmt-lon-hon-0-9	pls	smartpls	troubleshoot
giá trị phân biệt không đạt phải làm sao	troubleshoot	gia-tri-phan-biet-khong-dat	pls	smartpls	troubleshoot
lỗi giá trị phân biệt không đạt spss	troubleshoot	gia-tri-phan-biet-khong-dat	pls	smartpls	troubleshoot
outer loading thấp phải làm sao	troubleshoot	outer-loading-thap	pls	smartpls	troubleshoot
lỗi outer loading thấp spss	troubleshoot	outer-loading-thap	pls	smartpls	troubleshoot
mô hình không hội tụ phải làm sao	troubleshoot	mo-hinh-khong-hoi-tu	pls	smartpls	troubleshoot
lỗi mô hình không hội tụ spss	troubleshoot	mo-hinh-khong-hoi-tu	pls	smartpls	troubleshoot
bootstrapping bị lỗi phải làm sao	troubleshoot	bootstrapping-bi-loi	pls	smartpls	troubleshoot
lỗi bootstrapping bị lỗi spss	troubleshoot	bootstrapping-bi-loi	pls	smartpls	troubleshoot
không mở được file sav phải làm sao	troubleshoot	khong-mo-duoc-file-sav	software	spss	troubleshoot
lỗi không mở được file sav spss	troubleshoot	khong-mo-duoc-file-sav	software	spss	troubleshoot
lỗi nhập dữ liệu từ excel spss	troubleshoot	loi-nhap-du-lieu-tu-excel	software	spss	troubleshoot
lỗi nhập dữ liệu từ excel phải làm sao	troubleshoot	loi-nhap-du-lieu-tu-excel	software	spss	troubleshoot
spss bị treo khi chạy phải làm sao	troubleshoot	spss-bi-treo-khi-chay	software	spss	troubleshoot
lỗi spss bị treo khi chạy spss	troubleshoot	spss-bi-treo-khi-chay	software	spss	troubleshoot
spss hết hạn dùng thử phải làm sao	troubleshoot	spss-het-han-dung-thu	software	spss	troubleshoot
lỗi spss hết hạn dùng thử spss	troubleshoot	spss-het-han-dung-thu	software	spss	troubleshoot
kết quả khác với bài báo gốc phải làm sao	troubleshoot	ket-qua-khac-voi-bai-bao-goc	defence	nghien-cuu-khoa-hoc	troubleshoot
lỗi kết quả khác với bài báo gốc spss	troubleshoot	ket-qua-khac-voi-bai-bao-goc	defence	nghien-cuu-khoa-hoc	troubleshoot
hội đồng hỏi về cỡ mẫu phải làm sao	troubleshoot	hoi-dong-hoi-ve-co-mau	defence	nghien-cuu-khoa-hoc	troubleshoot
lỗi hội đồng hỏi về cỡ mẫu spss	troubleshoot	hoi-dong-hoi-ve-co-mau	defence	nghien-cuu-khoa-hoc	troubleshoot
bị nghi ngờ số liệu không thật phải làm sao	troubleshoot	bi-nghi-ngo-so-lieu-khong-that	defence	nghien-cuu-khoa-hoc	troubleshoot
lỗi bị nghi ngờ số liệu không thật spss	troubleshoot	bi-nghi-ngo-so-lieu-khong-that	defence	nghien-cuu-khoa-hoc	troubleshoot
số nhân tố khác với mô hình phải làm sao	troubleshoot	so-nhan-to-khac-voi-mo-hinh	efa	spss	troubleshoot
lỗi số nhân tố khác với mô hình spss	troubleshoot	so-nhan-to-khac-voi-mo-hinh	efa	spss	troubleshoot
biến chạy sang nhân tố khác phải làm sao	troubleshoot	bien-chay-sang-nhan-to-khac	efa	spss	troubleshoot
lỗi biến chạy sang nhân tố khác spss	troubleshoot	bien-chay-sang-nhan-to-khac	efa	spss	troubleshoot
ma trận không xác định dương phải làm sao	troubleshoot	ma-tran-khong-xac-dinh-duong	efa	spss	troubleshoot
lỗi ma trận không xác định dương spss	troubleshoot	ma-tran-khong-xac-dinh-duong	efa	spss	troubleshoot
anova có ý nghĩa nhưng post hoc không khác phải làm sao	troubleshoot	anova-co-y-nghia-nhung-post-hoc-khong-khac	test	spss	troubleshoot
lỗi anova có ý nghĩa nhưng post hoc không khác spss	troubleshoot	anova-co-y-nghia-nhung-post-hoc-khong-khac	test	spss	troubleshoot
kiểm định levene có ý nghĩa phải làm sao	troubleshoot	kiem-dinh-levene-co-y-nghia	test	spss	troubleshoot
lỗi kiểm định levene có ý nghĩa spss	troubleshoot	kiem-dinh-levene-co-y-nghia	test	spss	troubleshoot
hệ số beta lớn hơn 1 phải làm sao	troubleshoot	he-so-beta-lon-hon-1	regression	spss	troubleshoot
lỗi hệ số beta lớn hơn 1 spss	troubleshoot	he-so-beta-lon-hon-1	regression	spss	troubleshoot
durbin watson không đạt phải làm sao	troubleshoot	durbin-watson-khong-dat	regression	spss	troubleshoot
lỗi durbin watson không đạt spss	troubleshoot	durbin-watson-khong-dat	regression	spss	troubleshoot
r bình phương hiệu chỉnh âm phải làm sao	troubleshoot	r-binh-phuong-hieu-chinh-am	regression	spss	troubleshoot
lỗi r bình phương hiệu chỉnh âm spss	troubleshoot	r-binh-phuong-hieu-chinh-am	regression	spss	troubleshoot
f có ý nghĩa nhưng không biến nào có ý nghĩa phải làm sao	troubleshoot	f-co-y-nghia-nhung-khong-bien-nao-co-y-nghia	regression	spss	troubleshoot
lỗi f có ý nghĩa nhưng không biến nào có ý nghĩa spss	troubleshoot	f-co-y-nghia-nhung-khong-bien-nao-co-y-nghia	regression	spss	troubleshoot
process macro không hiện trong spss spss	troubleshoot	process-macro-khong-hien-trong-spss	mediation	spss	troubleshoot
process macro không hiện trong spss phải làm sao	troubleshoot	process-macro-khong-hien-trong-spss	mediation	spss	troubleshoot
khoảng tin cậy bootstrap chứa 0 phải làm sao	troubleshoot	khoang-tin-cay-bootstrap-chua-0	mediation	spss	troubleshoot
lỗi khoảng tin cậy bootstrap chứa 0 spss	troubleshoot	khoang-tin-cay-bootstrap-chua-0	mediation	spss	troubleshoot
biến điều tiết không có ý nghĩa phải làm sao	troubleshoot	bien-dieu-tiet-khong-co-y-nghia	mediation	spss	troubleshoot
lỗi biến điều tiết không có ý nghĩa spss	troubleshoot	bien-dieu-tiet-khong-co-y-nghia	mediation	spss	troubleshoot
biến trung gian không có ý nghĩa phải làm sao	troubleshoot	bien-trung-gian-khong-co-y-nghia	mediation	spss	troubleshoot
lỗi biến trung gian không có ý nghĩa spss	troubleshoot	bien-trung-gian-khong-co-y-nghia	mediation	spss	troubleshoot
spss báo no valid cases spss	troubleshoot	spss-bao-no-valid-cases	software	spss	troubleshoot
spss báo no valid cases phải làm sao	troubleshoot	spss-bao-no-valid-cases	software	spss	troubleshoot
syntax báo lỗi spss	troubleshoot	syntax-bao-loi	software	spss	troubleshoot
syntax báo lỗi phải làm sao	troubleshoot	syntax-bao-loi	software	spss	troubleshoot
biến số bị nhận là chuỗi ký tự phải làm sao	troubleshoot	bien-so-bi-nhan-la-chuoi-ky-tu	software	spss	troubleshoot
lỗi biến số bị nhận là chuỗi ký tự spss	troubleshoot	bien-so-bi-nhan-la-chuoi-ky-tu	software	spss	troubleshoot
dấu thập phân sai khi nhập dữ liệu phải làm sao	troubleshoot	dau-thap-phan-sai-khi-nhap-du-lieu	software	spss	troubleshoot
lỗi dấu thập phân sai khi nhập dữ liệu spss	troubleshoot	dau-thap-phan-sai-khi-nhap-du-lieu	software	spss	troubleshoot
font tiếng việt bị lỗi spss	troubleshoot	font-tieng-viet-bi-loi	software	spss	troubleshoot
font tiếng việt bị lỗi phải làm sao	troubleshoot	font-tieng-viet-bi-loi	software	spss	troubleshoot
hai biến tương quan quá cao phải làm sao	troubleshoot	hai-bien-tuong-quan-qua-cao	data	spss	troubleshoot
lỗi hai biến tương quan quá cao spss	troubleshoot	hai-bien-tuong-quan-qua-cao	data	spss	troubleshoot
cr lớn hơn 0 95 phải làm sao	troubleshoot	cr-lon-hon-0-95	pls	smartpls	troubleshoot
lỗi cr lớn hơn 0 95 smartpls	troubleshoot	cr-lon-hon-0-95	pls	smartpls	troubleshoot
q square âm phải làm sao	troubleshoot	q-square-am	pls	smartpls	troubleshoot
lỗi q square âm smartpls	troubleshoot	q-square-am	pls	smartpls	troubleshoot
ma trận suy biến singular matrix phải làm sao	troubleshoot	ma-tran-suy-bien-singular-matrix	pls	smartpls	troubleshoot
lỗi ma trận suy biến singular matrix smartpls	troubleshoot	ma-tran-suy-bien-singular-matrix	pls	smartpls	troubleshoot
không nhập được file csv phải làm sao	troubleshoot	khong-nhap-duoc-file-csv	pls	smartpls	troubleshoot
lỗi không nhập được file csv smartpls	troubleshoot	khong-nhap-duoc-file-csv	pls	smartpls	troubleshoot
kết quả bootstrapping thay đổi mỗi lần chạy phải làm sao	troubleshoot	ket-qua-bootstrapping-thay-doi-moi-lan-chay	pls	smartpls	troubleshoot
lỗi kết quả bootstrapping thay đổi mỗi lần chạy smartpls	troubleshoot	ket-qua-bootstrapping-thay-doi-moi-lan-chay	pls	smartpls	troubleshoot
micom không đạt phải làm sao	troubleshoot	micom-khong-dat	pls	smartpls	troubleshoot
lỗi micom không đạt smartpls	troubleshoot	micom-khong-dat	pls	smartpls	troubleshoot
mô hình không được nhận dạng phải làm sao	troubleshoot	mo-hinh-khong-duoc-nhan-dang	amos	spss	troubleshoot
lỗi mô hình không được nhận dạng amos	troubleshoot	mo-hinh-khong-duoc-nhan-dang	amos	spss	troubleshoot
cfi nhỏ hơn 0 9 phải làm sao	troubleshoot	cfi-nho-hon-0-9	amos	spss	troubleshoot
lỗi cfi nhỏ hơn 0 9 amos	troubleshoot	cfi-nho-hon-0-9	amos	spss	troubleshoot
rmsea lớn hơn 0 08 phải làm sao	troubleshoot	rmsea-lon-hon-0-08	amos	spss	troubleshoot
lỗi rmsea lớn hơn 0 08 amos	troubleshoot	rmsea-lon-hon-0-08	amos	spss	troubleshoot
chi square trên df quá lớn phải làm sao	troubleshoot	chi-square-tren-df-qua-lon	amos	spss	troubleshoot
lỗi chi square trên df quá lớn amos	troubleshoot	chi-square-tren-df-qua-lon	amos	spss	troubleshoot
phương sai âm heywood phải làm sao	troubleshoot	phuong-sai-am-heywood	amos	spss	troubleshoot
lỗi phương sai âm heywood amos	troubleshoot	phuong-sai-am-heywood	amos	spss	troubleshoot
vượt giới hạn vòng lặp phải làm sao	troubleshoot	vuot-gioi-han-vong-lap	amos	spss	troubleshoot
lỗi vượt giới hạn vòng lặp amos	troubleshoot	vuot-gioi-han-vong-lap	amos	spss	troubleshoot
kết quả trái với giả thuyết phải làm sao	troubleshoot	ket-qua-trai-voi-gia-thuyet	defence	nghien-cuu-khoa-hoc	troubleshoot
kết quả trái với giả thuyết thì làm gì	troubleshoot	ket-qua-trai-voi-gia-thuyet	defence	nghien-cuu-khoa-hoc	troubleshoot
giảng viên yêu cầu đổi mô hình phải làm sao	troubleshoot	giang-vien-yeu-cau-doi-mo-hinh	defence	nghien-cuu-khoa-hoc	troubleshoot
giảng viên yêu cầu đổi mô hình thì làm gì	troubleshoot	giang-vien-yeu-cau-doi-mo-hinh	defence	nghien-cuu-khoa-hoc	troubleshoot
đề tài bị trùng phải làm sao	troubleshoot	de-tai-bi-trung	defence	nghien-cuu-khoa-hoc	troubleshoot
đề tài bị trùng thì làm gì	troubleshoot	de-tai-bi-trung	defence	nghien-cuu-khoa-hoc	troubleshoot
tỷ lệ đạo văn cao phải làm sao	troubleshoot	ty-le-dao-van-cao	defence	nghien-cuu-khoa-hoc	troubleshoot
tỷ lệ đạo văn cao thì làm gì	troubleshoot	ty-le-dao-van-cao	defence	nghien-cuu-khoa-hoc	troubleshoot
bị hỏi vì sao chọn pls sem phải làm sao	troubleshoot	bi-hoi-vi-sao-chon-pls-sem	defence	nghien-cuu-khoa-hoc	troubleshoot
bị hỏi vì sao chọn pls sem thì làm gì	troubleshoot	bi-hoi-vi-sao-chon-pls-sem	defence	nghien-cuu-khoa-hoc	troubleshoot
