keyword	search_volume	kd	intent	competitor	rank	url
đáp án ets 2016 part 1234	27100	0	navigational	phamlocblog.com	5	/2016/06/ets-toeic-tests-2016-part-1234567-tai.html
d f	22200	0	informational	xulysolieu.info	6	/df-la-gi-ung-dung-va-giai-thich-chi-tiet-spss/
phiếu khảo sát online	14800	0	informational	xulysolieu.info	41	/khao-sat-tren-google-cach-tao-form-nhanh/
spss	14800	4	informational	phamlocblog.com	2	/2026/01/cach-tai-spss-27-mien-phi-va-cai-dat.html
spss	14800	4	informational	phantichspss.com	13	/huong-dan-su-dung-spss-co-ban-cho-nguoi-moi-bat-dau.html
spss	14800	4	informational	xulydinhluong.com	55	/huong-dan-cach-chay-spss-cho-nguoi-moi-bat-dau/
spss	14800	4	informational	xulysolieu.info	9	/link-tai-spss-download-full-ban-quyen-mien-phi/
biến	12100	0	informational	xulysolieu.info	7	/bien-la-gi-huong-dan-toan-dien-ve-bien/
nghiên cứu	9900	0	informational	xulysolieu.info	18	/nghien-cuu-khoa-hoc-la-gi-vai-tro-va-cach-tiep-can/
bias là gì	9900	0	informational	xulysolieu.info	27	/do-chech-bias-la-gi-khai-niem-vi-du/
biểu mẫu khảo sát	9900	0	informational	xulysolieu.info	45	/khao-sat-tren-google-cach-tao-form-nhanh/
độ lệch chuẩn	8100	0	informational	phamlocblog.com	10	/2020/08/do-lech-chuan-bao-nhieu-chap-nhan-duoc.html
phương sai	8100	0	informational	phantichspss.com	61	/do-lech-chuan-va-phuong-sai-cong-thuc-va-y-nghia.html
độ lệch chuẩn	8100	0	informational	phantichspss.com	67	/do-lech-chuan-va-phuong-sai-cong-thuc-va-y-nghia.html
odd	8100	0	informational	phantichspss.com	74	/chi-so-odd-trong-hoi-quy-nhi-phan-va-tai-sao-no-dung-de-du-doan-trong-hoi-quy-nhi-phan.html
độ lệch chuẩn	8100	0	informational	xulysolieu.info	6	/do-lech-chuan-la-gi-hieu-khai-niem-va-ung-dung/
phương sai	8100	0	informational	xulysolieu.info	8	/cach-tinh-phuong-sai-va-do-lech-chuan/
abstract	8100	1	informational	xulysolieu.info	9	/abstract-trong-luan-van-la-gi-cach-viet-ngan-gon/
ma trận xoay	6600	0	informational	phamlocblog.com	1	/2019/10/xu-ly-ma-tran-xoay-lon-xon-efa.html
đáp án ets 2016 test 1	6600	0	informational	phamlocblog.com	3	/2016/06/ets-toeic-tests-2016-part-1234567-tai.html
ma trận xoay	6600	0	informational	phantichspss.com	14	/xu-ly-loi-ma-tran-xoay-nhan-bi-xao-tron-lon-xon-khong-hoi-tu.html
ma trận xoay	6600	0	informational	xulydinhluong.com	9	/khong-xuat-hien-bang-ma-tran-xoay-efa/
nghiên cứu khoa học	6600	0	informational	xulysolieu.info	13	/nghien-cuu-khoa-hoc-la-gi-vai-tro-va-cach-tiep-can/
xử lý	6600	0	informational	xulysolieu.info	20	/
ma trận xoay	6600	0	informational	xulysolieu.info	21	/van-de-thuong-gap-khi-phan-tich-efa/
xữ lý	6600	0	informational	xulysolieu.info	24	/
form khảo sát	6600	0	informational	xulysolieu.info	34	/khao-sat-tren-google-cach-tao-form-nhanh/
outlier	6600	30	informational	xulysolieu.info	14	/outlier-la-gi-nhung-cach-xu-ly-du-lieu/
locs	6600	4	informational	phamlocblog.com	39	/
outliers	6600	6	informational	phamlocblog.com	18	/2021/01/diem-di-biet-outlier-la-gi.html
outliers	6600	6	informational	xulysolieu.info	57	/outlier-la-gi-nhung-cach-xu-ly-du-lieu/
loc	6600	8	informational	phamlocblog.com	14	/
moderating	5400	0	informational	phamlocblog.com	6	/2021/03/bien-trung-gian-dieu-tiet-kiem-soat.html
công thức tính phương sai	5400	0	informational	phantichspss.com	57	/do-lech-chuan-va-phuong-sai-cong-thuc-va-y-nghia.html
trung vị	5400	0	informational	phantichspss.com	60	/su-khac-nhau-giua-trung-binh-va-trung-vi.html
moderating	5400	0	informational	xulydinhluong.com	71	/khai-niem-bien-trung-gian-bien-dieu-tiet-biet-kiem-soat/
model la gì	5400	0	informational	xulysolieu.info	14	/mo-hinh-la-gi/
modeling là gì	5400	0	informational	xulysolieu.info	28	/mo-hinh-la-gi/
công thức tính phương sai	5400	0	informational	xulysolieu.info	5	/cach-tinh-phuong-sai-va-do-lech-chuan/
trung vị	5400	0	informational	xulysolieu.info	5	/gia-tri-trung-binh-trung-vi-va-tu-phan-vi/
model la gi	5400	0	informational	xulysolieu.info	5	/mo-hinh-la-gi/
model là gì	5400	0	informational	xulysolieu.info	5	/mo-hinh-la-gi/
moderating	5400	0	informational	xulysolieu.info	74	/hieu-ro-ve-moderator-la-gi-va-vai-tro-cua-no/
models là gì	5400	0	informational	xulysolieu.info	8	/mo-hinh-la-gi/
bấm cái qq j cũng được	5400	0	navigational	phamlocblog.com	73	/2025/06/shapiro-wilk-kolmogorov-smirnov-phan-phoi-chuan-spss.html
moderator	5400	1	informational	phamlocblog.com	11	/2024/03/phan-tich-bien-dieu-tiet-moderator-smartpls4.html
moderator	5400	1	informational	phantichspss.com	31	/quan-he-dieu-tiet-moderation-cac-loai-bien-dieu-tiet-moderator-mo-hinh-hoa-quan-dieu-tiet.html
moderator	5400	1	informational	xulysolieu.info	18	/hieu-ro-ve-moderator-la-gi-va-vai-tro-cua-no/
cỡ mẫu là gì	4400	0	informational	phamlocblog.com	14	/2018/04/xac-dinh-kich-thuoc-mau-trong-nghien-cuu.html
cỡ mẫu là gì	4400	0	informational	phantichspss.com	25	/cong-thuc-xac-dinh-co-mau-bao-nhieu-la-phu-hop-cho-nghien-cuu.html
scale là gì	4400	0	informational	phantichspss.com	47	/cac-loai-thang-do-trong-spss-scale-ordinal-nominal.html
công thức phương sai	4400	0	informational	phantichspss.com	51	/do-lech-chuan-va-phuong-sai-cong-thuc-va-y-nghia.html
trung vị là gì	4400	0	informational	phantichspss.com	52	/su-khac-nhau-giua-trung-binh-va-trung-vi.html
cỡ mẫu là gì	4400	0	informational	xulydinhluong.com	47	/kich-thuoc-mau-trong-nghien-cuu/
cỡ mẫu là gì	4400	0	informational	xulysolieu.info	10	/cong-thuc-chon-co-mau-la-gi-cach-tinh-efa/
bảng hỏi là gì	4400	0	informational	xulysolieu.info	3	/bang-hoi-la-gi-kham-pha-vai-tro-va-ung-dung/
scale là gì	4400	0	informational	xulysolieu.info	38	/4-loai-thang-do-co-ban-trong-spss/
công thức phương sai	4400	0	informational	xulysolieu.info	4	/cong-thuc-tinh-phuong-sai-va-do-lech-chuan/
trung vị là gì	4400	0	informational	xulysolieu.info	5	/gia-tri-trung-binh-trung-vi-va-tu-phan-vi/
std là gì	3600	0	informational	phamlocblog.com	30	/2020/08/do-lech-chuan-bao-nhieu-chap-nhan-duoc.html
đa thức là gì	3600	0	informational	xulysolieu.info	5	/bac-cua-da-thuc-la-gi-cach-xac-dinh/
biến là gì	3600	0	informational	xulysolieu.info	5	/bien-la-gi-huong-dan-toan-dien-ve-bien/
mediator	3600	0	informational	xulysolieu.info	84	/mediators-la-gi/
std:: là gì	3600	3	informational	phamlocblog.com	24	/2020/08/do-lech-chuan-bao-nhieu-chap-nhan-duoc.html
độ lệch chuẩn là gì	2900	0	informational	phamlocblog.com	2	/2020/08/do-lech-chuan-bao-nhieu-chap-nhan-duoc.html
spss là gì	2900	0	informational	phamlocblog.com	2	/2025/01/cach-su-dung-spss-trong-nghien-cuu-khoa-hoc.html
moderator là gì	2900	0	informational	phamlocblog.com	7	/2021/03/bien-trung-gian-dieu-tiet-kiem-soat.html
moderator là gì	2900	0	informational	phantichspss.com	14	/quan-he-dieu-tiet-moderation-cac-loai-bien-dieu-tiet-moderator-mo-hinh-hoa-quan-dieu-tiet.html
spss là gì	2900	0	informational	phantichspss.com	17	/huong-dan-su-dung-spss-co-ban-cho-nguoi-moi-bat-dau.html
phương sai là gì	2900	0	informational	phantichspss.com	50	/do-lech-chuan-va-phuong-sai-cong-thuc-va-y-nghia.html
độ lệch chuẩn là gì	2900	0	informational	phantichspss.com	61	/do-lech-chuan-va-phuong-sai-cong-thuc-va-y-nghia.html
spss là gì	2900	0	informational	xulydinhluong.com	33	/bang-gia-chay-spss/
moderator là gì	2900	0	informational	xulydinhluong.com	35	/khai-niem-bien-trung-gian-bien-dieu-tiet-biet-kiem-soat/
moderator là gì	2900	0	informational	xulysolieu.info	10	/hieu-ro-ve-moderator-la-gi-va-vai-tro-cua-no/
độ lệch chuẩn là gì	2900	0	informational	xulysolieu.info	12	/do-lech-chuan-la-gi-hieu-khai-niem-va-ung-dung/
phương sai là gì	2900	0	informational	xulysolieu.info	15	/hieu-ro-ve-do-lech-chuan-va-phuong-sai/
spss là gì	2900	0	informational	xulysolieu.info	36	/cach-chay-spss-nghien-cuu-khoa-hoc-huong-dan-chi-tiet-cho-sinh-vien-va-nghien-cuu-vien/
cách tính phương sai	2900	0	informational	xulysolieu.info	4	/cach-tinh-phuong-sai-va-do-lech-chuan/
nghiên cứu khoa học là gì	2900	0	informational	xulysolieu.info	7	/nghien-cuu-khoa-hoc-la-gi-vai-tro-va-cach-tiep-can/
hàm số đa thức là gì	2900	0	informational	xulysolieu.info	8	/bac-cua-da-thuc-la-gi-cach-xac-dinh/
khóa luận tốt nghiệp	2900	0	informational	xulysolieu.info	8	/khoa-luan-tot-nghiep-thuc-tap-tot-nghiep-la-gi/
spss download	2900	0	transactional	phamlocblog.com	1	/2019/04/download-phan-mem-spss-moi-nhat.html
spss download	2900	0	transactional	phantichspss.com	36	/tai-phan-mem-spss-20-full-mien-phi-du-tinh-nang.html
spss download	2900	0	transactional	xulydinhluong.com	25	/phan-mem-spss-20-full-crack-ban-quyen-vinh-vien/
spss download	2900	0	transactional	xulysolieu.info	4	/link-tai-spss-download-full-ban-quyen-mien-phi/
regression	2900	3	informational	phantichspss.com	41	/phan-tich-hoi-quy-regression-analysis-la-gi.html
regression	2900	3	informational	xulysolieu.info	44	/regression-la-gi-huong-dan-toan-dien/
median	2900	4	informational	xulysolieu.info	15	/trung-vi-median-la-gi-cach-tinh-vi-du/
variance	2900	9	informational	xulysolieu.info	36	/variance-la-gi-cong-thuc-tinh-va-vai-tro-cua-no/
công thức tính độ lệch chuẩn	2400	0	informational	phamlocblog.com	13	/2020/08/do-lech-chuan-bao-nhieu-chap-nhan-duoc.html
smart pls	2400	0	informational	phamlocblog.com	3	/2021/12/phan-mem-smartpls-full-ban-quyen-crack.html
phương sai và độ lệch chuẩn	2400	0	informational	phantichspss.com	43	/do-lech-chuan-va-phuong-sai-cong-thuc-va-y-nghia.html
smart pls	2400	0	informational	phantichspss.com	47	/tai-phan-mem-smartpls-3-mien-phi-full-su-dung-khong-thoi-han.html
công thức độ lệch chuẩn	2400	0	informational	phantichspss.com	53	/do-lech-chuan-va-phuong-sai-cong-thuc-va-y-nghia.html
công thức tính độ lệch chuẩn	2400	0	informational	phantichspss.com	66	/do-lech-chuan-va-phuong-sai-cong-thuc-va-y-nghia.html
smart pls	2400	0	informational	xulydinhluong.com	10	/phan-mem-smartpls-4-professional-ban-quyen-tron-doi/
công thức độ lệch chuẩn	2400	0	informational	xulysolieu.info	3	/cong-thuc-tinh-do-lech-chuan/
công thức tính độ lệch chuẩn	2400	0	informational	xulysolieu.info	4	/cong-thuc-tinh-do-lech-chuan/
bậc	2400	0	informational	xulysolieu.info	5	/bac-cua-da-thuc-la-gi-cach-xac-dinh/
cú pháp khai báo biến	2400	0	informational	xulysolieu.info	57	/khai-bao-bien-trong-spss-huong-dan-chi-tiet-va-nhung-luu-y-quan-trong/
phương sai và độ lệch chuẩn	2400	0	informational	xulysolieu.info	6	/hieu-ro-ve-do-lech-chuan-va-phuong-sai/
smart pls	2400	0	informational	xulysolieu.info	8	/cai-dat-su-dung-phan-mem-smartpls-3-full-ban-quyen/
pls	2400	0	informational	xulysolieu.info	8	/pls-la-gi-giai-ma-suc-manh-du-doan-du-lieu/
smartpls	2400	4	informational	phamlocblog.com	2	/2021/12/phan-mem-smartpls-full-ban-quyen-crack.html
anova	2400	9	informational	phamlocblog.com	2	/2016/03/phan-tich-anova-trong-spss.html
tải spss	1900	0	informational	phamlocblog.com	1	/2019/04/download-phan-mem-spss-moi-nhat.html
cách tính độ lệch chuẩn	1900	0	informational	phamlocblog.com	14	/2020/08/do-lech-chuan-bao-nhieu-chap-nhan-duoc.html
communality	1900	0	informational	phantichspss.com	11	/gia-tri-communalities-trong-phan-tich-nhan-efa.html
tải spss	1900	0	informational	phantichspss.com	32	/tai-phan-mem-spss-20-full-mien-phi-du-tinh-nang.html
tính trung vị	1900	0	informational	phantichspss.com	65	/gia-tri-trung-binh-trung-vi-tu-phan-vi-dinh-nghia-va-phan-biet.html
likert scale là gì	1900	0	informational	phantichspss.com	8	/thang-do-likert-la-gi.html
tải spss	1900	0	informational	xulydinhluong.com	23	/phan-mem-spss-20-full-crack-ban-quyen-vinh-vien/
tuyến tính là gì	1900	0	informational	xulysolieu.info	11	/quan-he-tuyen-tinh-la-gi/
bậc của đơn thức	1900	0	informational	xulysolieu.info	14	/bac-cua-da-thuc-la-gi-cach-xac-dinh/
tìm bậc của đa thức	1900	0	informational	xulysolieu.info	16	/bac-cua-da-thuc-la-gi-cach-xac-dinh/
lĩnh vực nghiên cứu	1900	0	informational	xulysolieu.info	18	/nghien-cuu-khoa-hoc-la-gi-vai-tro-va-cach-tiep-can/
cumulative	1900	0	informational	xulysolieu.info	29	/cumulative-percent-la-gi/
tải spss	1900	0	informational	xulysolieu.info	3	/tai-spss-mien-phi/
định tính là gì	1900	0	informational	xulysolieu.info	4	/dinh-tinh-va-dinh-luong-so-sanh-su-khac-biet/
số liệu	1900	0	informational	xulysolieu.info	5	/
cách tính độ lệch chuẩn	1900	0	informational	xulysolieu.info	5	/cong-thuc-tinh-do-lech-chuan/
likert scale là gì	1900	0	informational	xulysolieu.info	6	/thang-do-likert-la-gi/
tính trung vị	1900	0	informational	xulysolieu.info	6	/tinh-trung-vi-trong-thong-ke-cach-tinh-va-y-nghia/
so lieu	1900	0	informational	xulysolieu.info	7	/huong-dan-xu-ly-so-lieu-chi-tiet-va-day-du-cho-nguoi-moi-bat-dau/
tuyến tính la gì	1900	0	informational	xulysolieu.info	8	/quan-he-tuyen-tinh-la-gi/
biến cố độc lập	1900	0	informational	xulysolieu.info	9	/bien-co-doc-lap-la-gi-vi-du-chi-tiet/
khảo sát google	1900	1	informational	xulysolieu.info	24	/khao-sat-tren-google-cach-tao-form-nhanh/
dịch vụ spss	1900	14	informational	phamlocblog.com	1	/p/dich-vu-spss.html
dịch vụ spss	1900	14	informational	phantichspss.com	15	/dich-vu-chay-spss-thue-giai-phap-phan-tich-du-lieu-chinh-xac-nhanh-chong.html
dịch vụ spss	1900	14	informational	xulydinhluong.com	4	/dich-vu-xu-ly-spss/
dịch vụ spss	1900	14	informational	xulysolieu.info	3	/chay-spss-thue/
principal component analysis	1900	23	informational	xulysolieu.info	20	/pca-la-gi-kien-thuc-can-co-ve-pca/
pca	1900	3	informational	phamlocblog.com	9	/2020/06/phep-trich-principal-component-principal-axis-factoring.html
pca	1900	3	informational	xulysolieu.info	14	/huong-dan-phan-tich-thanh-phan-chinh-pca-phan-1/
thang đo likert 5 mức độ	1600	0	informational	phamlocblog.com	3	/2026/01/cach-chay-thang-do-likert-spss.html
600 từ vựng toeic	1600	0	informational	phamlocblog.com	36	/2018/01/sach-600-essential-words-for-toeic-3rd.html
s d là gì	1600	0	informational	phamlocblog.com	4	/2020/08/do-lech-chuan-bao-nhieu-chap-nhan-duoc.html
sd là gì	1600	0	informational	phamlocblog.com	5	/2020/08/do-lech-chuan-bao-nhieu-chap-nhan-duoc.html
reliability là gì	1600	0	informational	phamlocblog.com	5	/2021/12/do-tin-cay-tong-hop-composite-reliability-cr.html
thang đo likert	1600	0	informational	phantichspss.com	19	/y-nghia-gia-tri-trung-binh-trong-thang-do-khoang.html
reliability là gì	1600	0	informational	phantichspss.com	39	/cach-tinh-do-tin-cay-tong-hop-composite-reliability-trong-amos.html
tính phương sai	1600	0	informational	phantichspss.com	52	/do-lech-chuan-va-phuong-sai-cong-thuc-va-y-nghia.html
số trung vị	1600	0	informational	phantichspss.com	64	/su-khac-nhau-giua-trung-binh-va-trung-vi.html
thang đo likert 5 mức độ	1600	0	informational	phantichspss.com	7	/y-nghia-gia-tri-trung-binh-trong-thang-do-khoang.html
reliability là gì	1600	0	informational	xulydinhluong.com	12	/danh-gia-do-tin-cay-tong-hop-qua-chi-so-composite-reliability/
thang đo likert	1600	0	informational	xulysolieu.info	10	/thang-do-likert-5-muc-do-phan-tich-chi-tiet/
tính phương sai	1600	0	informational	xulysolieu.info	4	/cach-tinh-phuong-sai-va-do-lech-chuan/
reliability là gì	1600	0	informational	xulysolieu.info	4	/hieu-ro-ve-cronbachs-alpha-va-reliability-la-gi/
thang đo likert 5 mức độ	1600	0	informational	xulysolieu.info	4	/thang-do-likert-5-muc-do-phan-tich-chi-tiet/
bậc của đa thức là gì	1600	0	informational	xulysolieu.info	5	/bac-cua-da-thuc-la-gi-cach-xac-dinh/
bậc của đa thức	1600	0	informational	xulysolieu.info	6	/bac-cua-da-thuc-la-gi-cach-xac-dinh/
đa thức bậc 3	1600	0	informational	xulysolieu.info	6	/bac-cua-da-thuc-la-gi-cach-xac-dinh/
hệ số cao nhất của đa thức	1600	0	informational	xulysolieu.info	8	/bac-cua-da-thuc-la-gi-cach-xac-dinh/
cronbach alpha	1300	0	informational	phamlocblog.com	2	/2017/03/kiem-dinh-do-tin-cay-cronbach-alpha-spss.html
spss 20	1300	0	informational	phamlocblog.com	2	/2019/04/download-phan-mem-spss-moi-nhat.html
sem là gì	1300	0	informational	phamlocblog.com	3	/2020/07/gioi-thieu-mo-hinh-cau-truc-tuyen-sem.html.html
mô hình servqual	1300	0	informational	phantichspss.com	17	/so-sanh-mo-hinh-chat-luong-dich-vu-servqual-va-servperf.html
sem là gì	1300	0	informational	phantichspss.com	19	/co-so-ly-thuyet-cua-mo-hinh-mang-sem-phan-1.html
cronbach alpha	1300	0	informational	phantichspss.com	44	/spss/thong-ke-do-tin-cay-cronbachs-alpha
paired là gì	1300	0	informational	phantichspss.com	6	/thuc-hanh-cach-phan-tich-paired-samples-t-test.html
median là gì	1300	0	informational	phantichspss.com	62	/su-khac-nhau-giua-trung-binh-va-trung-vi.html
spss 20	1300	0	informational	phantichspss.com	7	/huong-dan-su-dung-spss-co-ban-cho-nguoi-moi-bat-dau.html
significant figure là gì	1300	0	informational	phantichspss.com	75	/sig-la-gi-p-value-la-gi.html
significant figures là gì	1300	0	informational	phantichspss.com	76	/sig-la-gi-p-value-la-gi.html
trung bình nhân	1300	0	informational	phantichspss.com	89	/su-khac-nhau-giua-trung-binh-va-trung-vi.html
paired là gì	1300	0	informational	xulydinhluong.com	10	/kiem-dinh-paired-samples-t-test-tren-spss-26/
cronbach alpha	1300	0	informational	xulydinhluong.com	15	/cronbachs-alpha-bao-nhieu-thi-dat-tieu-chuan-theo-nunnally-va-hair/
spss 20	1300	0	informational	xulydinhluong.com	15	/phan-mem-spss-20-full-crack-ban-quyen-vinh-vien/
bậc của đơn thức là gì	1300	0	informational	xulysolieu.info	10	/bac-cua-da-thuc-la-gi-cach-xac-dinh/
paired là gì	1300	0	informational	xulysolieu.info	13	/paired-la-gi-trong-thong-ke-giai-thich-va-ung-dung-thuc-te/
suy diễn là gì	1300	0	informational	xulysolieu.info	13	/thong-ke-suy-dien-la-gi-vi-du-de-hieu-ap-dung/
biến số là gì	1300	0	informational	xulysolieu.info	13	/xay-dung-chi-so-bien-so-trong-nghien-cuu-khoa-hoc/
median là gì	1300	0	informational	xulysolieu.info	17	/gia-tri-trung-binh-trung-vi-va-tu-phan-vi/
spss 20	1300	0	informational	xulysolieu.info	3	/link-tai-spss-download-full-ban-quyen-mien-phi/
dữ liệu sơ cấp và thứ cấp	1300	0	informational	xulysolieu.info	32	/du-lieu-thu-cap-la-gi-quy-trinh-thu-thap-du-lieu/
trung bình nhân	1300	0	informational	xulysolieu.info	35	/cach-tinh-trung-binh-mau-cong-thuc-vi-du/
phiếu khảo sát	1300	0	informational	xulysolieu.info	49	/huong-dan-cach-lam-phieu-khao-sat-nghien-cuu/
bậc là gì	1300	0	informational	xulysolieu.info	5	/bac-cua-da-thuc-la-gi-cach-xac-dinh/
định lượng là gì	1300	0	informational	xulysolieu.info	6	/dinh-tinh-va-dinh-luong-so-sanh-su-khac-biet/
định tính	1300	0	informational	xulysolieu.info	6	/dinh-tinh-va-dinh-luong-so-sanh-su-khac-biet/
phương pháp nghiên cứu	1300	0	informational	xulysolieu.info	7	/cac-loai-phuong-phap-nghien-cuu-khoa-hoc-pho-bien/
dữ liệu thứ cấp là gì	1300	0	informational	xulysolieu.info	8	/du-lieu-thu-cap-la-gi-quy-trinh-thu-thap-du-lieu/
các phương pháp nghiên cứu khoa học	1300	0	informational	xulysolieu.info	9	/cac-loai-phuong-phap-nghien-cuu-khoa-hoc-pho-bien/
cronbach alpha	1300	0	informational	xulysolieu.info	9	/huong-dan-chi-tiet-cach-chay-cronbach-alpha-trong-spss/
boxplot	1300	2	informational	phantichspss.com	70	/cach-doc-bieu-do-hop-boxplot.html
efa	1000	0	informational	phamlocblog.com	2	/2018/07/phan-tich-nhan-to-kham-pha-efa.html
chi square	1000	0	informational	phamlocblog.com	2	/2020/08/kiem-dinh-chi-binh-phuong-spss.html
chi-square	1000	0	informational	phamlocblog.com	2	/2020/08/kiem-dinh-chi-binh-phuong-spss.html
ave là gì	1000	0	informational	phamlocblog.com	2	/2021/12/danh-gia-tinh-hoi-tu-bang-ave.html
average variance extracted	1000	0	informational	phamlocblog.com	2	/2021/12/danh-gia-tinh-hoi-tu-bang-ave.html
phần mềm spss	1000	0	informational	phamlocblog.com	2	/2026/01/cach-tai-spss-27-mien-phi-va-cai-dat.html
hồi quy tuyến tính	1000	0	informational	phamlocblog.com	3	/2016/11/cach-chay-hoi-quy-trong-spss.html
p-value	1000	0	informational	phamlocblog.com	3	/2025/11/he-so-sig-la-gi-he-so-p-value-la-gi.html
correlation là gì	1000	0	informational	phamlocblog.com	7	/2019/09/khac-biet-tuong-quan-va-hoi-quy.html
outlier là gì	1000	0	informational	phamlocblog.com	9	/2021/01/diem-di-biet-outlier-la-gi.html
outliers là gì	1000	0	informational	phamlocblog.com	9	/2021/01/diem-di-biet-outlier-la-gi.html
efa	1000	0	informational	phantichspss.com	10	/chay-efa-cho-bien-phu-thuoc-factor-analysis.html
chi square	1000	0	informational	phantichspss.com	11	/kiem-dinh-chi-binh-phuong-chi-square-test-cach-thuc-hien-cach-doc-ket-qua-cach-thao-tac-tinh-toan-bang-tay-thay-vi-dung-spss.html
phần mềm spss	1000	0	informational	phantichspss.com	14	/huong-dan-su-dung-spss-co-ban-cho-nguoi-moi-bat-dau.html
average variance extracted	1000	0	informational	phantichspss.com	17	/ban-luan-ve-ban-chat-cua-phuong-sai-trich-vevariance-extracted-va-phuong-sai-trich-trung-binh-ave-average-variance-extracted.html
phương sai độ lệch chuẩn	1000	0	informational	phantichspss.com	51	/do-lech-chuan-va-phuong-sai-cong-thuc-va-y-nghia.html
tính độ lệch chuẩn	1000	0	informational	phantichspss.com	59	/do-lech-chuan-va-phuong-sai-cong-thuc-va-y-nghia.html
ave là gì	1000	0	informational	phantichspss.com	7	/ban-luan-ve-ban-chat-cua-phuong-sai-trich-vevariance-extracted-va-phuong-sai-trich-trung-binh-ave-average-variance-extracted.html
chi-square	1000	0	informational	phantichspss.com	7	/kiem-dinh-chi-binh-phuong-chi-square-test-cach-thuc-hien-cach-doc-ket-qua-cach-thao-tac-tinh-toan-bang-tay-thay-vi-dung-spss.html
giả thuyết nghiên cứu là gì	1000	0	informational	xulydinhluong.com	17	/gia-thuyet-nghien-cuu-trong-nghien-cuu-khoa-hoc/
outliers là gì	1000	0	informational	xulydinhluong.com	19	/diem-di-biet-outliers/
ave là gì	1000	0	informational	xulydinhluong.com	19	/tinh-hoi-tu-phan-biet-tin-cay-trong-cfa/
phần mềm spss	1000	0	informational	xulydinhluong.com	26	/phan-mem-spss-20-full-crack-ban-quyen-vinh-vien/
lý do chọn đề tài	1000	0	informational	xulydinhluong.com	28	/chon-de-tai-nghien-cuu-khoa-hoc/
hồi quy tuyến tính	1000	0	informational	xulydinhluong.com	29	/uoc-luong-hoi-quy-tuyen-tinh-bang-ols/
outlier là gì	1000	0	informational	xulydinhluong.com	36	/diem-di-biet-outliers/
giả thuyết là gì	1000	0	informational	xulydinhluong.com	39	/gia-thuyet-nghien-cuu-trong-nghien-cuu-khoa-hoc/
efa	1000	0	informational	xulydinhluong.com	52	/phan-tich-nhan-to-kham-pha-efa-tren-spss/
chi-square	1000	0	informational	xulysolieu.info	10	/kiem-dinh-chi-binh-phuong-chi-square-trong-spss/
giả thuyết nghiên cứu là gì	1000	0	informational	xulysolieu.info	10	/xay-dung-gia-thuyet-nghien-cuu/
phương sai độ lệch chuẩn	1000	0	informational	xulysolieu.info	11	/cach-tinh-phuong-sai-va-do-lech-chuan/
outlier là gì	1000	0	informational	xulysolieu.info	11	/outlier-la-gi-nhung-cach-xu-ly-du-lieu/
outliers là gì	1000	0	informational	xulysolieu.info	11	/outlier-la-gi-nhung-cach-xu-ly-du-lieu/
p-value	1000	0	informational	xulysolieu.info	11	/p-value-la-gi-y-nghia-phuong-phap/
hồi quy tuyến tính	1000	0	informational	xulysolieu.info	16	/hoi-quy-tuyen-tinh-da-bien/
lý do chọn đề tài	1000	0	informational	xulysolieu.info	17	/lam-the-nao-de-xac-dinh-de-tai-nghien-cuu-phu-hop/
phương pháp luận là gì	1000	0	informational	xulysolieu.info	17	/phuong-phap-luan-nghien-cuu-khoa-hoc/
tạo form khảo sát	1000	0	informational	xulysolieu.info	26	/khao-sat-tren-google-cach-tao-form-nhanh/
ave là gì	1000	0	informational	xulysolieu.info	3	/gia-tri-hoi-tu-qua-chi-so-ave-tren-smartpls-4/
cơ sở lý luận là gì	1000	0	informational	xulysolieu.info	4	/co-so-ly-luan-trong-nghien-cuu-khoa-hoc/
định tính và định lượng là gì	1000	0	informational	xulysolieu.info	4	/dinh-tinh-va-dinh-luong-so-sanh-su-khac-biet/
gg form khảo sát	1000	0	informational	xulysolieu.info	45	/khao-sat-tren-google-cach-tao-form-nhanh/
tính độ lệch chuẩn	1000	0	informational	xulysolieu.info	6	/cong-thuc-tinh-do-lech-chuan/
giả thuyết là gì	1000	0	informational	xulysolieu.info	6	/xay-dung-gia-thuyet-nghien-cuu/
kí hiệu phương sai	1000	0	informational	xulysolieu.info	60	/cach-tinh-phuong-sai-va-do-lech-chuan/
correlation là gì	1000	0	informational	xulysolieu.info	8	/correlation-coefficient-la-gi-dinh-nghia-ung-dung/
chi square	1000	0	informational	xulysolieu.info	8	/kiem-dinh-chi-binh-phuong-la-gi-cach-chay/
phần mềm spss	1000	0	informational	xulysolieu.info	8	/tai-spss-mien-phi/
width là gì	1000	0	informational	xulysolieu.info	8	/width-la-gi-trong-spss-huong-dan-cach-dung/
efa	1000	0	informational	xulysolieu.info	9	/efa-la-gi-tim-hieu-ve-phan-tich-nhan-to-kham-pha/
amos	1000	1	informational	phamlocblog.com	2	/2019/06/download-phan-mem-amos-20-full-crack.html
amos	1000	1	informational	phantichspss.com	12	/quy-trinh-dung-amos-va-spss-7-buoc-de-thuc-hien-luan-van-cao-hoc.html
amos	1000	1	informational	xulydinhluong.com	29	/dich-vu-amos-chat-luong-gia-re-hang-dau-thi-truong/
amos	1000	1	informational	xulysolieu.info	5	/amos-la-gi/
p value	1000	13	informational	phamlocblog.com	3	/2025/11/he-so-sig-la-gi-he-so-p-value-la-gi.html
p value	1000	13	informational	xulysolieu.info	11	/p-value-la-gi-cach-tinh-p-cach-doc-ket-qua/
t test	1000	3	informational	phamlocblog.com	2	/2017/07/kiem-dinh-independent-sample-t-test-SPSS.html
t test	1000	3	informational	phantichspss.com	6	/ba-loai-t-test-trong-thong-ke-khi-nao-can-su-dung-loai-nao.html
t test	1000	3	informational	xulydinhluong.com	44	/kiem-dinh-independent-samples-t-test-tren-spss-26/
t test	1000	3	informational	xulysolieu.info	20	/kiem-dinh-independent-sample-t-test-trong-spss/
t-test	1000	7	informational	phamlocblog.com	2	/2017/07/kiem-dinh-independent-sample-t-test-SPSS.html
t-test	1000	7	informational	phantichspss.com	5	/ba-loai-t-test-trong-thong-ke-khi-nao-can-su-dung-loai-nao.html
t-test	1000	7	informational	xulydinhluong.com	44	/kiem-dinh-independent-samples-t-test-tren-spss-26/
t-test	1000	7	informational	xulysolieu.info	17	/kiem-dinh-independent-sample-t-test-trong-spss/
deviation là gì	880	0	informational	phamlocblog.com	10	/2020/08/do-lech-chuan-bao-nhieu-chap-nhan-duoc.html
partial least squares là gì	880	0	informational	phamlocblog.com	12	/2021/04/chay-phan-tich-mo-hinh-uoc-luong-smartpls.html
dữ liệu định tính là gì	880	0	informational	phamlocblog.com	17	/2021/12/bien-dinh-tinh-bien-dinh-luong-la-gi.html
cách tải spss	880	0	informational	phamlocblog.com	2	/2026/01/cach-tai-spss-27-mien-phi-va-cai-dat.html
biến cố độc lập là gì	880	0	informational	phamlocblog.com	20	/2024/12/bien-doc-lap-bien-phu-thuoc-la-gi.html
danh mục la gì	880	0	informational	phamlocblog.com	21	/2020/12/thuat-ngu-thong-ke-luan-van.html
standard deviation là gì	880	0	informational	phamlocblog.com	3	/2020/08/do-lech-chuan-bao-nhieu-chap-nhan-duoc.html
mediator là gì	880	0	informational	phamlocblog.com	4	/2021/03/bien-trung-gian-dieu-tiet-kiem-soat.html
pls là gì	880	0	informational	phamlocblog.com	4	/2021/03/mo-hinh-cau-truc-do-luong-pls.html
p l s là gì	880	0	informational	phamlocblog.com	5	/2021/03/mo-hinh-cau-truc-do-luong-pls.html
pls la gì	880	0	informational	phamlocblog.com	6	/2021/03/mo-hinh-cau-truc-do-luong-pls.html
mediation là gì	880	0	informational	phamlocblog.com	6	/2025/09/trung-gian-toan-phan-mot-phan.html
mediators là gì	880	0	informational	phamlocblog.com	6	/2025/09/trung-gian-toan-phan-mot-phan.html
tương quan là gì	880	0	informational	phamlocblog.com	7	/2019/09/khac-biet-tuong-quan-va-hoi-quy.html
độ lệch chuẩn kí hiệu	880	0	informational	phamlocblog.com	7	/2020/08/do-lech-chuan-bao-nhieu-chap-nhan-duoc.html
deviations là gì	880	0	informational	phamlocblog.com	9	/2020/08/do-lech-chuan-bao-nhieu-chap-nhan-duoc.html
d f là gì	880	0	informational	phantichspss.com	13	/bac-tu-do-degrees-of-freedom-df-la-gi.html
df là gì	880	0	informational	phantichspss.com	13	/bac-tu-do-degrees-of-freedom-df-la-gi.html
mediator là gì	880	0	informational	phantichspss.com	13	/mo-hinh-bien-trung-gian-mediator-nam-loai-ket-qua-co-xuat-hien.html
servqual	880	0	informational	phantichspss.com	13	/so-sanh-mo-hinh-chat-luong-dich-vu-servqual-va-servperf.html
p l s là gì	880	0	informational	phantichspss.com	14	/so-sanh-pls-sem-va-cb-sem-khi-nao-nen-dung-smartpls-hay-amos.html
pls là gì	880	0	informational	phantichspss.com	14	/so-sanh-pls-sem-va-cb-sem-khi-nao-nen-dung-smartpls-hay-amos.html
mediation là gì	880	0	informational	phantichspss.com	16	/mo-hinh-bien-trung-gian-mediator-nam-loai-ket-qua-co-xuat-hien.html
d f# là gì	880	0	informational	phantichspss.com	19	/bac-tu-do-degrees-of-freedom-df-la-gi.html
dummy là gì	880	0	informational	phantichspss.com	19	/dien-giai-ket-qua-hoi-quy-bien-doc-lap-theo-theo-thang-do-dummy-bien-gia.html
cách tải spss	880	0	informational	phantichspss.com	20	/huong-dan-su-dung-spss-co-ban-cho-nguoi-moi-bat-dau.html
pls la gì	880	0	informational	phantichspss.com	37	/consistent-partial-least-squares-de-lam-gi.html
số trung vị là gì	880	0	informational	phantichspss.com	40	/su-khac-nhau-giua-trung-binh-va-trung-vi.html
độ lệch chuẩn kí hiệu	880	0	informational	phantichspss.com	58	/do-lech-chuan-va-phuong-sai-cong-thuc-va-y-nghia.html
o r là gì	880	0	informational	phantichspss.com	66	/chi-odds-ratio-va-confidence-interval-ci-dinh-nghia-y-nghia-va-cach-tinh-toan.html
tương quan là gì	880	0	informational	phantichspss.com	77	/hoi-quy-va-tuong-quan.html
standard deviation là gì	880	0	informational	phantichspss.com	80	/do-lech-chuan-va-phuong-sai-cong-thuc-va-y-nghia.html
partial least squares là gì	880	0	informational	phantichspss.com	9	/pls-sem-la-gi-so-sanh-pls-sem-voi-cb-sem.html
mediators là gì	880	0	informational	xulydinhluong.com	25	/xu-ly-bien-trung-gian-mediator-spss/
cách tải spss	880	0	informational	xulydinhluong.com	40	/cach-tai-spss-mien-phi-spss-20-spss-21-spss-22-spss-26-spss-27/
pls là gì	880	0	informational	xulydinhluong.com	48	/mo-hinh-nguyen-nhan-ket-qua-pls-sem/
partial least squares là gì	880	0	informational	xulydinhluong.com	56	/su-khac-biet-giua-pls-sem-va-cb-sem/
pls la gì	880	0	informational	xulydinhluong.com	65	/mo-hinh-nguyen-nhan-ket-qua-pls-sem/
mediator là gì	880	0	informational	xulydinhluong.com	7	/khai-niem-bien-trung-gian-bien-dieu-tiet-biet-kiem-soat/
mediation là gì	880	0	informational	xulydinhluong.com	7	/mo-hinh-moderated-mediation-process-spss/
p l s là gì	880	0	informational	xulydinhluong.com	82	/mo-hinh-nguyen-nhan-ket-qua-pls-sem/
cách xác định đề tài	880	0	informational	xulysolieu.info	12	/lam-the-nao-de-xac-dinh-de-tai-nghien-cuu-phu-hop/
thu gọn và tìm bậc của đa thức	880	0	informational	xulysolieu.info	13	/bac-cua-da-thuc-la-gi-cach-xac-dinh/
đa thức bậc 4	880	0	informational	xulysolieu.info	14	/bac-cua-da-thuc-la-gi-cach-xac-dinh/
standard deviation là gì	880	0	informational	xulysolieu.info	16	/deviation-la-gi-cong-thuc-va-vai-tro/
cách làm bảng hỏi	880	0	informational	xulysolieu.info	18	/khao-sat-tren-google-cach-tao-form-nhanh/
p l s là gì	880	0	informational	xulysolieu.info	2	/pls-la-gi-giai-ma-suc-manh-du-doan-du-lieu/
pls la gì	880	0	informational	xulysolieu.info	2	/pls-la-gi-giai-ma-suc-manh-du-doan-du-lieu/
pls là gì	880	0	informational	xulysolieu.info	2	/pls-la-gi-giai-ma-suc-manh-du-doan-du-lieu/
o r là gì	880	0	informational	xulysolieu.info	22	/chi-so-or-la-gi-cach-tinh-odds-ratio-trong-spss/
tuyến tính	880	0	informational	xulysolieu.info	25	/quan-he-tuyen-tinh-la-gi/
độ lệch chuẩn kí hiệu	880	0	informational	xulysolieu.info	4	/ky-hieu-do-lech-chuan-la-gi/
bài nghiên cứu khoa học	880	0	informational	xulysolieu.info	40	/cac-vi-du-ve-nghien-cuu-khoa-hoc-de-hieu/
biến cố độc lập là gì	880	0	informational	xulysolieu.info	5	/bien-co-doc-lap-la-gi-vi-du-chi-tiet/
deviations là gì	880	0	informational	xulysolieu.info	5	/deviation-la-gi-cong-thuc-va-vai-tro/
d f là gì	880	0	informational	xulysolieu.info	5	/df-la-gi-ung-dung-va-giai-thich-chi-tiet-spss/
mediation là gì	880	0	informational	xulysolieu.info	5	/phan-biet-2-loai-bien-trung-gian-mot-phan/
partial least squares là gì	880	0	informational	xulysolieu.info	5	/pls-la-gi-giai-ma-suc-manh-du-doan-du-lieu/
thu thập dữ liệu	880	0	informational	xulysolieu.info	6	/2-phuong-phap-thu-thap-du-lieu-trong-nghien-cuu/
dummy là gì	880	0	informational	xulysolieu.info	6	/bien-gia-dummy-cach-tao-va-dua-vao-mo-hinh/
deviation là gì	880	0	informational	xulysolieu.info	6	/deviation-la-gi-cong-thuc-va-vai-tro/
d f# là gì	880	0	informational	xulysolieu.info	6	/df-la-gi-ung-dung-va-giai-thich-chi-tiet-spss/
dữ liệu định tính là gì	880	0	informational	xulysolieu.info	6	/du-lieu-dinh-tinh-la-gi-phan-tich-dua-tren-y-kien/
số trung vị là gì	880	0	informational	xulysolieu.info	6	/gia-tri-trung-binh-trung-vi-va-tu-phan-vi/
cách tải spss	880	0	informational	xulysolieu.info	6	/tai-spss-mien-phi/
dữ liệu thứ cấp	880	0	informational	xulysolieu.info	7	/du-lieu-thu-cap-la-gi-quy-trinh-thu-thap-du-lieu/
mediators là gì	880	0	informational	xulysolieu.info	7	/mediators-la-gi/
df là gì	880	0	informational	xulysolieu.info	9	/df-la-gi-ung-dung-va-giai-thich-chi-tiet-spss/
mediator là gì	880	0	informational	xulysolieu.info	9	/phan-biet-2-loai-bien-trung-gian-mot-phan/
tương quan là gì	880	0	informational	xulysolieu.info	9	/phan-tich-tuong-quan-la-gi-cach-thuc-hien/
google form khảo sát	880	1	navigational	xulysolieu.info	27	/khao-sat-tren-google-cach-tao-form-nhanh/
categorical	880	13	informational	xulysolieu.info	36	/categorical-data-la-gi-phan-loai-va-vi-du/
spss 26	720	0	informational	phamlocblog.com	1	/2026/01/cach-tai-spss-26-mien-phi.html
coefficient là gì	720	0	informational	phamlocblog.com	10	/2015/07/chuan-hoa-va-chua-chuan-hoa.html
trung gian	720	0	informational	phamlocblog.com	11	/2025/09/trung-gian-toan-phan-mot-phan.html
variable là gì	720	0	informational	phamlocblog.com	14	/2021/12/bien-dinh-tinh-bien-dinh-luong-la-gi.html
coefficients là gì	720	0	informational	phamlocblog.com	2	/2015/07/chuan-hoa-va-chua-chuan-hoa.html
hồi quy là gì	720	0	informational	phamlocblog.com	2	/2016/11/cach-chay-hoi-quy-trong-spss.html
pls-sem	720	0	informational	phamlocblog.com	2	/2021/03/mo-hinh-cau-truc-do-luong-pls.html
mô hình nghiên cứu	720	0	informational	phamlocblog.com	2	/2025/01/khai-niem-cach-xay-dung-mo-hinh-nghien-cuu.html
regression là gì	720	0	informational	phamlocblog.com	26	/2019/09/khac-biet-tuong-quan-va-hoi-quy.html
pls sem	720	0	informational	phamlocblog.com	3	/2021/03/mo-hinh-cau-truc-do-luong-pls.html
variance là gì	720	0	informational	phamlocblog.com	31	/2020/08/do-lech-chuan-bao-nhieu-chap-nhan-duoc.html
f2 s	720	0	informational	phamlocblog.com	7	/2021/08/gia-tri-effect-size-f2-smartpls.html
định biên là gì	720	0	informational	phamlocblog.com	71	/2021/12/bien-dinh-tinh-bien-dinh-luong-la-gi.html
variables là gì	720	0	informational	phamlocblog.com	9	/2021/12/bien-dinh-tinh-bien-dinh-luong-la-gi.html
pls sem	720	0	informational	phantichspss.com	10	/so-sanh-pls-sem-va-cb-sem-khi-nao-nen-dung-smartpls-hay-amos.html
mô hình nghiên cứu	720	0	informational	phantichspss.com	10	/ve-mo-hinh-nghien-cuu-khoa-hoc-bang-visio.html
hồi quy là gì	720	0	informational	phantichspss.com	11	/phan-tich-hoi-quy-regression-analysis-la-gi.html
coefficients là gì	720	0	informational	phantichspss.com	32	/cach-doc-cac-gia-tri-variance-covariance-coefficient-correlation-trong-amos.html
chức năng briefing đọc trong notebooklm có tác dụng gì	720	0	informational	phantichspss.com	43	/huong-dan-su-dung-notebooklm-de-tong-hop-co-so-ly-thuyet-cho-luan-van-nghien-cuu-khoa-hoc.html
regression là gì	720	0	informational	phantichspss.com	47	/phan-tich-hoi-quy-regression-analysis-la-gi.html
f2 s	720	0	informational	phantichspss.com	52	/chi-so-effect-size-f2-cong-thuc-va-y-nghia.html
variance là gì	720	0	informational	phantichspss.com	59	/do-lech-chuan-va-phuong-sai-cong-thuc-va-y-nghia.html
pls-sem	720	0	informational	phantichspss.com	8	/so-sanh-pls-sem-va-cb-sem-khi-nao-nen-dung-smartpls-hay-amos.html
variables là gì	720	0	informational	xulydinhluong.com	13	/khai-niem-bien-trung-gian-bien-dieu-tiet-biet-kiem-soat/
mô hình nghiên cứu	720	0	informational	xulydinhluong.com	17	/mo-hinh-nghien-cuu-va-cach-xay-dung/
spss 26	720	0	informational	xulydinhluong.com	31	/cach-tai-spss-mien-phi-spss-20-spss-21-spss-22-spss-26-spss-27/
coefficients là gì	720	0	informational	xulydinhluong.com	51	/he-so-hoi-quy-chuan-hoa-va-chua-chuan-hoa-trong-spss/
pls sem	720	0	informational	xulydinhluong.com	68	/su-khac-biet-giua-pls-sem-va-cb-sem/
pls-sem	720	0	informational	xulydinhluong.com	69	/su-khac-biet-giua-pls-sem-va-cb-sem/
regression là gì	720	0	informational	xulysolieu.info	10	/regression-la-gi-huong-dan-toan-dien/
pls-sem	720	0	informational	xulysolieu.info	16	/pls-la-gi-giai-ma-suc-manh-du-doan-du-lieu/
pls sem	720	0	informational	xulysolieu.info	18	/pls-la-gi-giai-ma-suc-manh-du-doan-du-lieu/
variance là gì	720	0	informational	xulysolieu.info	19	/variance-la-gi-cong-thuc-tinh-va-vai-tro-cua-no/
coef là gì	720	0	informational	xulysolieu.info	2	/correlation-coefficient-la-gi-dinh-nghia-ung-dung/
coefficient là gì	720	0	informational	xulysolieu.info	2	/correlation-coefficient-la-gi-dinh-nghia-ung-dung/
stata download	720	0	informational	xulysolieu.info	2	/tai-phan-mem-stata-cach-cai-a-z/
dữ liệu sơ cấp là gì	720	0	informational	xulysolieu.info	20	/du-lieu-thu-cap-la-gi-quy-trinh-thu-thap-du-lieu/
tần số tích lũy là gì	720	0	informational	xulysolieu.info	3	/tan-so-tich-luy-trong-thong-ke-la-gi/
ví dụ về câu hỏi định lượng	720	0	informational	xulysolieu.info	3	/vi-du-ve-dinh-tinh-va-dinh-luong-ung-dung-hieu-qua/
dữ liệu sơ cấp	720	0	informational	xulysolieu.info	37	/du-lieu-thu-cap-la-gi-quy-trinh-thu-thap-du-lieu/
cách làm phiếu khảo sát	720	0	informational	xulysolieu.info	37	/khao-sat-tren-google-cach-tao-form-nhanh/
mô hình nghiên cứu	720	0	informational	xulysolieu.info	4	/cac-mo-hinh-nghien-cuu-khoa-hoc-tu-ly-thuyet/
coefficients là gì	720	0	informational	xulysolieu.info	4	/hieu-ro-ve-beta-tai-trong-coefficients-la-gi/
stata là gì	720	0	informational	xulysolieu.info	4	/huong-dan-su-dung-stata-cho-nguoi-moi/
spss 26	720	0	informational	xulysolieu.info	5	/link-tai-spss-download-full-ban-quyen-mien-phi/
phi tuyến tính là gì	720	0	informational	xulysolieu.info	55	/cau-truc-tuyen-tinh-la-gi/
variables là gì	720	0	informational	xulysolieu.info	8	/continuous-variable-la-gi-phan-biet/
hồi quy là gì	720	0	informational	xulysolieu.info	9	/mo-hinh-hoi-quy-trong-phan-tich-du-doan-nghien-cuu/
dịch vụ amos	720	0	navigational	phamlocblog.com	1	/p/dich-vu-amos.html
dịch vụ amos	720	0	navigational	phantichspss.com	20	/ho-tro-amos-sem
dịch vụ amos	720	0	navigational	xulydinhluong.com	4	/dich-vu-xu-ly-amos/
dịch vụ amos	720	0	navigational	xulysolieu.info	15	/amos-la-gi/
eigenvalue	720	12	informational	phamlocblog.com	6	/2024/12/trich-nhan-to-eigenvalue-va-fixed-numbers-of-factors.html
eigenvalue	720	12	informational	phantichspss.com	82	/quan-giua-eigenvalues-va-luong-nhan-duoc-tao-thanh-khi-phan-tich-nhan-efa.html
eigenvalue	720	12	informational	xulysolieu.info	9	/eigenvalue-va-eigenvector-la-gi/
dịch vụ hỗ trợ spss	720	13	informational	phamlocblog.com	4	/p/dich-vu-spss.html
dịch vụ hỗ trợ spss	720	13	informational	phantichspss.com	9	/
dịch vụ hỗ trợ spss	720	13	informational	xulydinhluong.com	2	/dich-vu-xu-ly-spss/
dịch vụ hỗ trợ spss	720	13	informational	xulysolieu.info	5	/kham-pha-dich-vu-xu-ly-so-lieu-spss/
reversing	720	23	informational	phamlocblog.com	55	/2021/01/ky-thuat-cau-hoi-dao-dap-an-reverse-coding.html
eigenvector	720	30	informational	xulysolieu.info	11	/eigenvalue-va-eigenvector-la-gi/
pca là gì	590	0	informational	phamlocblog.com	10	/2020/06/phep-trich-principal-component-principal-axis-factoring.html
đề thi toeic 2020	590	0	informational	phamlocblog.com	13	/2020/02/ets-toeic-2020-full-pdf-lc-rc-audio-mp3.html
600 từ vựng toeic pdf	590	0	informational	phamlocblog.com	17	/2018/01/sach-600-essential-words-for-toeic-3rd.html
hồi quy	590	0	informational	phamlocblog.com	2	/2016/11/cach-chay-hoi-quy-trong-spss.html
chạy spss	590	0	informational	phamlocblog.com	2	/2025/01/cach-su-dung-spss-trong-nghien-cuu-khoa-hoc.html
biểu đồ tần suất	590	0	informational	phamlocblog.com	24	/2019/05/thong-ke-mo-ta-tan-so-trong-spss.html
đưa ra câu trả lời dựa theo cách tính	590	0	informational	phamlocblog.com	24	/2024/02/cach-xu-ly-so-lieu-tren-phan-mem-spss.html
p value là gì	590	0	informational	phamlocblog.com	3	/2025/11/he-so-sig-la-gi-he-so-p-value-la-gi.html
p-value là gì	590	0	informational	phamlocblog.com	3	/2025/11/he-so-sig-la-gi-he-so-p-value-la-gi.html
độ đúng và độ chính xác	590	0	informational	phamlocblog.com	30	/2020/08/do-lech-chuan-bao-nhieu-chap-nhan-duoc.html
ký hiệu độ lệch chuẩn	590	0	informational	phamlocblog.com	7	/2020/08/do-lech-chuan-bao-nhieu-chap-nhan-duoc.html
trung gian la gì	590	0	informational	phamlocblog.com	7	/2025/09/trung-gian-toan-phan-mot-phan.html
construct là gì	590	0	informational	phantichspss.com	11	/amos-co-the-ve-duoc-formative-construct-hay-khong-va-ve-nhu-the-nao.html
chạy spss	590	0	informational	phantichspss.com	3	/huong-dan-su-dung-spss-co-ban-cho-nguoi-moi-bat-dau.html
p value là gì	590	0	informational	phantichspss.com	38	/sig-la-gi-p-value-la-gi.html
p-value là gì	590	0	informational	phantichspss.com	38	/sig-la-gi-p-value-la-gi.html
phương sai ký hiệu	590	0	informational	phantichspss.com	40	/do-lech-chuan-va-phuong-sai-cong-thuc-va-y-nghia.html
ký hiệu độ lệch chuẩn	590	0	informational	phantichspss.com	47	/do-lech-chuan-va-phuong-sai-cong-thuc-va-y-nghia.html
độ lệch chuẩn công thức	590	0	informational	phantichspss.com	47	/do-lech-chuan-va-phuong-sai-cong-thuc-va-y-nghia.html
độ lệch chuẩn và phương sai	590	0	informational	phantichspss.com	48	/do-lech-chuan-va-phuong-sai-cong-thuc-va-y-nghia.html
ci là gì	590	0	informational	phantichspss.com	62	/chi-odds-ratio-va-confidence-interval-ci-dinh-nghia-y-nghia-va-cach-tinh-toan.html
c i là gì	590	0	informational	phantichspss.com	65	/chi-odds-ratio-va-confidence-interval-ci-dinh-nghia-y-nghia-va-cach-tinh-toan.html
hồi quy	590	0	informational	phantichspss.com	66	/khi-nao-can-su-dung-hoi-quy-logistic-va-khi-nao-can-su-dung-hoi-quy-tuyen-tinh.html
tương quan	590	0	informational	phantichspss.com	70	/hoi-quy-va-tuong-quan.html
độ đúng và độ chính xác	590	0	informational	phantichspss.com	84	/do-lech-chuan-va-phuong-sai-cong-thuc-va-y-nghia.html
ols	590	0	informational	xulydinhluong.com	10	/uoc-luong-hoi-quy-tuyen-tinh-bang-ols/
trung gian la gì	590	0	informational	xulydinhluong.com	101	/trung-gian-mot-phan-toan-phan/
chạy spss	590	0	informational	xulydinhluong.com	13	/huong-dan-cach-chay-spss-cho-nguoi-moi-bat-dau/
tương quan	590	0	informational	xulydinhluong.com	13	/su-khac-nhau-giua-tuong-quan-va-hoi-quy/
p value là gì	590	0	informational	xulydinhluong.com	46	/he-so-sig-la-gi-he-so-p-value-la-gi-trong-thong-ke/
p-value là gì	590	0	informational	xulydinhluong.com	50	/he-so-sig-la-gi-he-so-p-value-la-gi-trong-thong-ke/
nghiên cứu định tính là gì	590	0	informational	xulysolieu.info	10	/dinh-tinh-la-gi/
fem la gì	590	0	informational	xulysolieu.info	11	/so-sanh-mo-hinh-rem-va-fem/
ols	590	0	informational	xulysolieu.info	2	/ols-la-gi-tim-hieu-ve-hoi-quy-tuyen-tinh/
khóa luận tốt nghiệp là gì	590	0	informational	xulysolieu.info	22	/khoa-luan-tot-nghiep-thuc-tap-tot-nghiep-la-gi/
khoá luận tốt nghiệp là gì	590	0	informational	xulysolieu.info	30	/khoa-luan-tot-nghiep-thuc-tap-tot-nghiep-la-gi/
mô hình tiếng anh là gì	590	0	informational	xulysolieu.info	32	/mo-hinh-la-gi/
các đề tài nghiên cứu khoa học	590	0	informational	xulysolieu.info	34	/cach-tim-de-tai-nghien-cuu-khoa-hoc-bi-quyet-thanh-cong/
p value là gì	590	0	informational	xulysolieu.info	4	/p-value-la-gi-y-nghia-phuong-phap/
thu thập	590	0	informational	xulysolieu.info	40	/du-lieu-thu-cap-la-gi-quy-trinh-thu-thap-du-lieu/
chạy spss	590	0	informational	xulysolieu.info	6	/cach-chay-spss-nghien-cuu-khoa-hoc-huong-dan-chi-tiet-cho-sinh-vien-va-nghien-cuu-vien/
pca là gì	590	0	informational	xulysolieu.info	6	/pca-la-gi-kien-thuc-can-co-ve-pca/
giả thiết hay giả thuyết	590	0	informational	xulysolieu.info	6	/phan-biet-gia-thuyet-va-gia-thiet-trong-nghien-cuu/
phương sai ký hiệu	590	0	informational	xulysolieu.info	7	/cach-tinh-phuong-sai-va-do-lech-chuan/
hồi quy	590	0	informational	xulysolieu.info	8	/cach-chay-hoi-quy-spss-huong-dan-tung-buoc/
ký hiệu độ lệch chuẩn	590	0	informational	xulysolieu.info	8	/ky-hieu-do-lech-chuan-la-gi/
p-value là gì	590	0	informational	xulysolieu.info	8	/p-value-la-gi-y-nghia-phuong-phap/
cách tính số trung vị	590	0	informational	xulysolieu.info	8	/tinh-trung-vi-trong-thong-ke-cach-tinh-va-y-nghia/
dữ liệu định lượng là gì	590	0	informational	xulysolieu.info	9	/du-lieu-dinh-tinh-la-gi-phan-tich-dua-tren-y-kien/
spss 27	590	0	transactional	phamlocblog.com	2	/2026/01/cach-tai-spss-27-mien-phi-va-cai-dat.html
spss 27	590	0	transactional	phantichspss.com	12	/tag/spss-27
spss 27	590	0	transactional	xulydinhluong.com	46	/cach-tai-spss-mien-phi-spss-20-spss-21-spss-22-spss-26-spss-27/
spss 27	590	0	transactional	xulysolieu.info	4	/huong-dan-cai-dat-phan-mem-spss-27-full-ban-quyen/
hệ số tương quan	590	1	informational	phamlocblog.com	2	/2015/11/phan-tich-tuong-quan-pearson-trong-spss.html
hệ số tương quan	590	1	informational	phantichspss.com	67	/he-so-tuong-quan-pearson-cach-thao-tac-phan-tich-tuong-quan-trong-spss.html
hệ số tương quan	590	1	informational	xulydinhluong.com	45	/phan-tich-tuong-quan-pearson-tren-spss/
stata 17	590	1	informational	xulysolieu.info	3	/tai-phan-mem-stata-cach-cai-a-z/
hệ số tương quan	590	1	informational	xulysolieu.info	9	/correlation-coefficient-la-gi-dinh-nghia-ung-dung/
luận án tiến sĩ	590	11	informational	xulysolieu.info	31	/dich-vu-ho-tro-luan-an-tien-si-a-z/
dịch vụ xử lý số liệu spss	590	13	informational	phamlocblog.com	1	/p/dich-vu-spss.html
dịch vụ xử lý số liệu spss	590	13	informational	phantichspss.com	16	/dich-vu-chay-spss-thue-giai-phap-phan-tich-du-lieu-chinh-xac-nhanh-chong.html
dịch vụ xử lý số liệu spss	590	13	informational	xulydinhluong.com	13	/dich-vu-xu-ly-spss-chat-luong-hang-dau-tai-viet-nam/
dịch vụ xử lý số liệu spss	590	13	informational	xulysolieu.info	4	/chay-spss-thue/
dịch vụ chạy spss	590	14	navigational	phamlocblog.com	5	/p/dich-vu-spss.html
dịch vụ chạy spss	590	14	navigational	phantichspss.com	10	/dich-vu-chay-spss-thue-giai-phap-phan-tich-du-lieu-chinh-xac-nhanh-chong.html
dịch vụ chạy spss	590	14	navigational	xulydinhluong.com	1	/dich-vu-xu-ly-spss/
dịch vụ chạy spss	590	14	navigational	xulysolieu.info	4	/chay-spss-thue/
dịch vụ spss phạm lộc blog	590	9	informational	phamlocblog.com	1	/p/dich-vu-spss.html
dịch vụ spss phạm lộc blog	590	9	informational	xulydinhluong.com	12	/dich-vu-xu-ly-spss/
dịch vụ spss phạm lộc blog	590	9	informational	xulysolieu.info	25	/chay-spss-thue/
cách chạy spss	480	0	informational	phamlocblog.com	1	/2025/01/cach-su-dung-spss-trong-nghien-cuu-khoa-hoc.html
mô hình là gì	480	0	informational	phamlocblog.com	11	/2025/01/khai-niem-cach-xay-dung-mo-hinh-nghien-cuu.html
thảo mộc 37 lừa đảo	480	0	informational	phamlocblog.com	13	/2015/10/cac-cong-ty-da-cap.html
công thức tính cỡ mẫu	480	0	informational	phamlocblog.com	13	/2018/04/xac-dinh-kich-thuoc-mau-trong-nghien-cuu.html
tài liệu toeic	480	0	informational	phamlocblog.com	16	/2015/10/tai-lieu-tu-hoc-toeic.html
cronbach alpha là gì	480	0	informational	phamlocblog.com	2	/2017/03/kiem-dinh-do-tin-cay-cronbach-alpha-spss.html
kiểm định t test	480	0	informational	phamlocblog.com	2	/2017/07/kiem-dinh-independent-sample-t-test-SPSS.html
kiểm định t-test	480	0	informational	phamlocblog.com	2	/2017/07/kiem-dinh-independent-sample-t-test-SPSS.html
thống kê mô tả	480	0	informational	phamlocblog.com	2	/2019/05/thong-ke-mo-ta-tan-so-trong-spss.html
mô hình sem	480	0	informational	phamlocblog.com	2	/2020/07/gioi-thieu-mo-hinh-cau-truc-tuyen-sem.html.html
công thức tính beta	480	0	informational	phamlocblog.com	26	/2015/07/chuan-hoa-va-chua-chuan-hoa.html
starter toeic	480	0	informational	phamlocblog.com	33	/2015/11/bo-sach-luyen-thi-toeic-tu-so-cap-den.html
kiểm định t-test	480	0	informational	phantichspss.com	10	/cach-su-dung-independent-samples-t-test-trong-spss.html
kiểm định t test	480	0	informational	phantichspss.com	12	/cach-su-dung-independent-samples-t-test-trong-spss.html
cronbach alpha là gì	480	0	informational	phantichspss.com	18	/vi-sao-cronbachs-alpha-cao-van-sai-hieu-dung-de-khong-rot-luan-van.html
cách chạy spss	480	0	informational	phantichspss.com	2	/huong-dan-su-dung-spss-co-ban-cho-nguoi-moi-bat-dau.html
công thức tính cỡ mẫu	480	0	informational	phantichspss.com	21	/cong-thuc-xac-dinh-co-mau-bao-nhieu-la-phu-hop-cho-nghien-cuu.html
degree of freedom là gì	480	0	informational	phantichspss.com	3	/bac-tu-do-degrees-of-freedom-df-la-gi.html
mô hình sem	480	0	informational	phantichspss.com	5	/co-so-ly-thuyet-cua-mo-hinh-mang-sem-phan-1.html
thống kê mô tả	480	0	informational	phantichspss.com	52	/huong-dan-cach-chay-thong-ke-mo-ta-trong-spss.html
trung vị là j	480	0	informational	phantichspss.com	60	/su-khac-nhau-giua-trung-binh-va-trung-vi.html
khách thể nghiên cứu là gì	480	0	informational	phantichspss.com	67	/mo-hinh-nghien-cuu-va-cac-van-de-lien-quan.html
regression testing là gì	480	0	informational	phantichspss.com	71	/phan-tich-hoi-quy-regression-analysis-la-gi.html
cronbach alpha là gì	480	0	informational	xulydinhluong.com	11	/phan-tich-cronbachs-alpha-trong-spss/
công thức tính cỡ mẫu	480	0	informational	xulydinhluong.com	15	/kich-thuoc-mau-trong-nghien-cuu/
kiểm định t-test	480	0	informational	xulydinhluong.com	16	/kiem-dinh-paired-samples-t-test-tren-spss-26/
cách chạy spss	480	0	informational	xulydinhluong.com	19	/huong-dan-cach-chay-spss-cho-nguoi-moi-bat-dau/
kiểm định t test	480	0	informational	xulydinhluong.com	19	/kiem-dinh-paired-samples-t-test-tren-spss-26/
mô hình sem	480	0	informational	xulydinhluong.com	23	/phan-tich-mo-hinh-cau-truc-tuyen-tinh-sem-amos/
thống kê mô tả	480	0	informational	xulydinhluong.com	47	/thong-ke-mo-ta-trung-binh-trong-spss/
dịch vụ smart pls	480	0	navigational	phamlocblog.com	2	/p/dich-vu-smartpls.html
toeic starter	480	0	navigational	phamlocblog.com	28	/2015/11/bo-sach-luyen-thi-toeic-tu-so-cap-den.html
dịch vụ smart pls	480	0	navigational	phantichspss.com	15	/smartpls
dịch vụ smart pls	480	0	navigational	xulydinhluong.com	1	/dich-vu-xu-ly-smartpls/
download spss	480	0	transactional	phamlocblog.com	1	/2019/04/download-phan-mem-spss-moi-nhat.html
download spss	480	0	transactional	phantichspss.com	32	/tai-phan-mem-spss-20-full-mien-phi-du-tinh-nang.html
download spss	480	0	transactional	xulydinhluong.com	26	/phan-mem-spss-20-full-crack-ban-quyen-vinh-vien/
r and r square	480	12	informational	phamlocblog.com	1	/2019/10/y-nghia-r-binh-phuong-hieu-chinh.html
dịch vụ smartpls phạm lộc blog	480	12	informational	phamlocblog.com	1	/p/dich-vu-smartpls.html
ordinal	480	12	informational	phantichspss.com	18	/cac-loai-thang-do-trong-spss-scale-ordinal-nominal.html
r and r square	480	12	informational	phantichspss.com	5	/r-binh-phuong-r-binh-phuong-hieu-chinh-cong-thuc-y-nghia-cach-tinh-thu-cong-va-cach-tinh-bang-spss.html
dịch vụ smartpls phạm lộc blog	480	12	informational	xulydinhluong.com	2	/dich-vu-xu-ly-smartpls/
r and r square	480	12	informational	xulydinhluong.com	39	/y-nghia-cua-gia-tri-r-binh-phuong-hieu-chinh-trong-hoi-quy/
covariance	480	15	informational	phantichspss.com	63	/cach-doc-cac-gia-tri-variance-covariance-coefficient-correlation-trong-amos.html
r 2	480	17	informational	phamlocblog.com	5	/2019/10/y-nghia-r-binh-phuong-hieu-chinh.html
dịch vụ spss net	480	2	navigational	phamlocblog.com	5	/p/dich-vu-spss.html
dịch vụ spss net	480	2	navigational	xulydinhluong.com	6	/dich-vu-xu-ly-spss/
r square	480	21	navigational	phamlocblog.com	2	/2019/10/y-nghia-r-binh-phuong-hieu-chinh.html
r square	480	21	navigational	phantichspss.com	11	/r-binh-phuong-r-binh-phuong-hieu-chinh-cong-thuc-y-nghia-cach-tinh-thu-cong-va-cach-tinh-bang-spss.html
r square	480	21	navigational	xulydinhluong.com	62	/y-nghia-cua-gia-tri-r-binh-phuong-hieu-chinh-trong-hoi-quy/
crack spss	390	0	informational	phamlocblog.com	1	/2019/04/download-phan-mem-spss-moi-nhat.html
spss for mac	390	0	informational	phamlocblog.com	1	/2026/01/tai-va-cai-dat-spss-27-mien-phi-macbook.html
công thức hệ số tương quan	390	0	informational	phamlocblog.com	10	/2015/11/phan-tich-tuong-quan-pearson-trong-spss.html
độ lệch chuẩn trong máy tính	390	0	informational	phamlocblog.com	10	/2020/08/do-lech-chuan-bao-nhieu-chap-nhan-duoc.html
cỡ mẫu của mẫu số liệu là gì	390	0	informational	phamlocblog.com	12	/2018/04/xac-dinh-kich-thuoc-mau-trong-nghien-cuu.html
chắt lọc	390	0	informational	phamlocblog.com	14	/
đảo ngược	390	0	informational	phamlocblog.com	14	/2021/01/ky-thuat-cau-hoi-dao-dap-an-reverse-coding.html
anova là gì	390	0	informational	phamlocblog.com	2	/2016/03/phan-tich-anova-trong-spss.html
efa là gì	390	0	informational	phamlocblog.com	2	/2018/07/phan-tich-nhan-to-kham-pha-efa.html
exploratory factor analysis là gì	390	0	informational	phamlocblog.com	2	/2018/07/phan-tich-nhan-to-kham-pha-efa.html
biến kiểm soát là gì	390	0	informational	phamlocblog.com	2	/2021/03/bien-trung-gian-dieu-tiet-kiem-soat.html
phương trình hồi quy	390	0	informational	phamlocblog.com	2	/2025/02/cach-viet-phuong-trinh-hoi-quy-trong-spss.html
600 từ vựng toeic song ngữ pdf	390	0	informational	phamlocblog.com	20	/2018/01/sach-600-essential-words-for-toeic-3rd.html
1 mẫu	390	0	informational	phamlocblog.com	21	/2018/04/xac-dinh-kich-thuoc-mau-trong-nghien-cuu.html
định tính định lượng la gì	390	0	informational	phamlocblog.com	21	/2021/12/bien-dinh-tinh-bien-dinh-luong-la-gi.html
binary la gì	390	0	informational	phamlocblog.com	28	/2019/02/hoi-quy-nhi-phan-binary-logistic-spss.html
chuẩn hóa là gì	390	0	informational	phamlocblog.com	3	/2015/07/chuan-hoa-va-chua-chuan-hoa.html
nhân tố là gì	390	0	informational	phamlocblog.com	6	/2018/07/phan-tich-nhan-to-kham-pha-efa.html
đáp án ets 2016	390	0	informational	phamlocblog.com	7	/2016/07/tong-hop-tai-lieu-sach-luyen-thi-toeic.html
chuẩn hóa là gì	390	0	informational	phantichspss.com	13	/so-sanh-su-khac-nhau-giua-he-so-beta-da-chuan-hoa-va-chua-chuan-hoa-khi-phan-tich-hoi-quy.html
anova là gì	390	0	informational	phantichspss.com	13	/su-khac-nhau-giua-t-test-va-anova.html
spss for mac	390	0	informational	phantichspss.com	14	/tag/spss-mac-os
residuals là gì	390	0	informational	phantichspss.com	16	/khai-niem-phan-du-phan-du-chuan-hoa-standardized-residuals-studentized-residual.html
exploratory factor analysis là gì	390	0	informational	phantichspss.com	16	/tong-quan-phan-tich-nhan-to-kham-pha-efa.html
residual là gì	390	0	informational	phantichspss.com	17	/khai-niem-phan-du-phan-du-chuan-hoa-standardized-residuals-studentized-residual.html
cỡ mẫu của mẫu số liệu là gì	390	0	informational	phantichspss.com	19	/cong-thuc-xac-dinh-co-mau-bao-nhieu-la-phu-hop-cho-nghien-cuu.html
biến kiểm soát là gì	390	0	informational	phantichspss.com	19	/su-khac-nhau-giua-kiem-dinh-anova-va-bien-dieu-tiet.html
efa là gì	390	0	informational	phantichspss.com	19	/tong-quan-phan-tich-nhan-to-kham-pha-efa.html
ols là gì	390	0	informational	phantichspss.com	28	/uu-diem-sem-so-voi-hoi-quy-ols-ba-tinh-chat-phan-biet-cua-covariance-based-sem.html
crack spss	390	0	informational	phantichspss.com	31	/download-spss-23-mien-phi-co-ban-quyen.html
biểu đồ boxplot	390	0	informational	phantichspss.com	38	/cach-doc-bieu-do-hop-boxplot.html
ký hiệu phương sai	390	0	informational	phantichspss.com	44	/do-lech-chuan-va-phuong-sai-cong-thuc-va-y-nghia.html
biểu đồ hộp	390	0	informational	phantichspss.com	47	/cach-doc-bieu-do-hop-boxplot.html
bảng câu hỏi khảo sát khách hàng	390	0	informational	phantichspss.com	5	/tong-hop-gan-200-mau-bang-cau-hoi-khao-sat-du-moi-chu-de-cho-luan-van-tien-si-thac-si-va-dai-hoc.html
phương sai và độ lệch chuẩn công thức	390	0	informational	phantichspss.com	50	/do-lech-chuan-va-phuong-sai-cong-thuc-va-y-nghia.html
công thức phương sai độ lệch chuẩn	390	0	informational	phantichspss.com	51	/do-lech-chuan-va-phuong-sai-cong-thuc-va-y-nghia.html
trung bình tiếng anh là gì	390	0	informational	phantichspss.com	60	/su-khac-nhau-giua-trung-binh-va-trung-vi.html
công thức hệ số tương quan	390	0	informational	phantichspss.com	65	/he-so-tuong-quan-pearson-cach-thao-tac-phan-tich-tuong-quan-trong-spss.html
ordinary least squares là gì	390	0	informational	phantichspss.com	79	/phan-tich-hoi-quy-regression-analysis-la-gi.html
bảng khảo sát	390	0	informational	phantichspss.com	8	/tong-hop-gan-200-mau-bang-cau-hoi-khao-sat-du-moi-chu-de-cho-luan-van-tien-si-thac-si-va-dai-hoc.html
thiết kế bảng hỏi	390	0	informational	phantichspss.com	8	/tong-hop-gan-200-mau-bang-cau-hoi-khao-sat-du-moi-chu-de-cho-luan-van-tien-si-thac-si-va-dai-hoc.html
phương trình hồi quy	390	0	informational	phantichspss.com	9	/cach-viet-phuong-trinh-hoi-quy-tuyen-tinh-da-bien.html
nhân tố là gì	390	0	informational	phantichspss.com	9	/tong-quan-phan-tich-nhan-to-kham-pha-efa.html
ordinary least squares là gì	390	0	informational	xulydinhluong.com	10	/uoc-luong-hoi-quy-tuyen-tinh-bang-ols/
biến kiểm soát là gì	390	0	informational	xulydinhluong.com	14	/khai-niem-bien-trung-gian-bien-dieu-tiet-biet-kiem-soat/
cỡ mẫu của mẫu số liệu là gì	390	0	informational	xulydinhluong.com	17	/kich-thuoc-mau-trong-nghien-cuu/
crack spss	390	0	informational	xulydinhluong.com	25	/phan-mem-spss-20-full-crack-ban-quyen-vinh-vien/
efa là gì	390	0	informational	xulydinhluong.com	26	/khi-nao-can-efa-trong-nghien-cuu-su-dung-smartpls/
anova là gì	390	0	informational	xulydinhluong.com	30	/kiem-dinh-one-way-anova-tren-spss-26/
nhân tố là gì	390	0	informational	xulydinhluong.com	32	/so-luong-nhan-to-trich-khong-phu-hop-efa/
phương trình hồi quy	390	0	informational	xulydinhluong.com	4	/viet-phuong-trinh-hoi-quy-tuyen-tinh-trong-spss/
exploratory factor analysis là gì	390	0	informational	xulydinhluong.com	46	/phan-tich-nhan-to-kham-pha-efa-tren-spss/
ols là gì	390	0	informational	xulydinhluong.com	6	/uoc-luong-hoi-quy-tuyen-tinh-bang-ols/
công thức hệ số tương quan	390	0	informational	xulydinhluong.com	60	/phan-tich-tuong-quan-pearson-tren-spss/
chuẩn hóa là gì	390	0	informational	xulydinhluong.com	72	/he-so-hoi-quy-chuan-hoa-va-chua-chuan-hoa-trong-spss/
tải spss cho macbook	390	0	transactional	phamlocblog.com	1	/2026/01/tai-va-cai-dat-spss-27-mien-phi-macbook.html
tải spss cho macbook	390	0	transactional	phantichspss.com	3	/tag/spss-mac-os
tải spss cho macbook	390	0	transactional	xulydinhluong.com	81	/cach-tai-spss-mien-phi-spss-20-spss-21-spss-22-spss-26-spss-27/
dịch vụ xử lý spss	390	14	navigational	phamlocblog.com	3	/p/dich-vu-spss.html
dịch vụ xử lý spss	390	14	navigational	phantichspss.com	19	/dich-vu-chay-spss-thue-giai-phap-phan-tich-du-lieu-chinh-xac-nhanh-chong.html
dịch vụ xử lý spss	390	14	navigational	xulydinhluong.com	4	/dich-vu-xu-ly-spss/
giá chạy spss	390	15	commercial	phamlocblog.com	1	/p/dich-vu-spss.html
thuê chạy spss	390	15	commercial	phamlocblog.com	2	/p/dich-vu-spss.html
chạy spss thuê	390	15	commercial	phamlocblog.com	3	/p/dich-vu-spss.html
giá chạy spss	390	15	commercial	phantichspss.com	14	/dich-vu-chay-spss-thue-giai-phap-phan-tich-du-lieu-chinh-xac-nhanh-chong.html
chạy spss thuê	390	15	commercial	phantichspss.com	7	/dich-vu-chay-spss-thue-giai-phap-phan-tich-du-lieu-chinh-xac-nhanh-chong.html
thuê chạy spss	390	15	commercial	phantichspss.com	9	/dich-vu-chay-spss-thue-giai-phap-phan-tich-du-lieu-chinh-xac-nhanh-chong.html
chạy spss thuê	390	15	commercial	xulydinhluong.com	1	/dich-vu-xu-ly-spss/
thuê chạy spss	390	15	commercial	xulydinhluong.com	1	/dich-vu-xu-ly-spss/
giá chạy spss	390	15	commercial	xulydinhluong.com	4	/dich-vu-xu-ly-spss/
thuê xử lý số liệu spss	390	22	commercial	phamlocblog.com	3	/p/dich-vu-spss.html
thuê xử lý số liệu spss	390	22	commercial	phantichspss.com	17	/dich-vu-chay-spss-thue-giai-phap-phan-tich-du-lieu-chinh-xac-nhanh-chong.html
thuê xử lý số liệu spss	390	22	commercial	xulydinhluong.com	2	/dich-vu-xu-ly-spss/
phạm lộc blog	390	3	informational	phamlocblog.com	1	/
spss download free	390	3	informational	phamlocblog.com	1	/2019/04/download-phan-mem-spss-moi-nhat.html
spss download free	390	3	informational	phantichspss.com	13	/tai-phan-mem-spss-20-full-mien-phi-du-tinh-nang.html
phạm lộc blog	390	3	informational	phantichspss.com	32	/
phạm lộc blog	390	3	informational	xulydinhluong.com	7	/
những công ty đa cấp lừa đảo ở việt nam	320	0	informational	phamlocblog.com	10	/2015/10/cac-cong-ty-da-cap.html
2/1 là cung gì	320	0	informational	phamlocblog.com	105	/2017/07/kiem-dinh-independent-sample-t-test-SPSS.html
new economy toeic	320	0	informational	phamlocblog.com	17	/2016/11/giai-part-5-6-new-economy-toeic.html
tài liệu học toeic	320	0	informational	phamlocblog.com	18	/2015/10/tai-lieu-tu-hoc-toeic.html
đa cộng tuyến là gì	320	0	informational	phamlocblog.com	18	/2024/10/danh-gia-da-cong-tuyen-sem-amos.html
tương quan pearson	320	0	informational	phamlocblog.com	2	/2015/11/phan-tich-tuong-quan-pearson-trong-spss.html
mô hình hồi quy	320	0	informational	phamlocblog.com	2	/2016/11/cach-chay-hoi-quy-trong-spss.html
kmo	320	0	informational	phamlocblog.com	2	/2018/07/phan-tich-nhan-to-kham-pha-efa.html
pls sem là gì	320	0	informational	phamlocblog.com	2	/2021/03/mo-hinh-cau-truc-do-luong-pls.html
pls-sem là gì	320	0	informational	phamlocblog.com	2	/2021/03/mo-hinh-cau-truc-do-luong-pls.html
phần mềm spss là gì	320	0	informational	phamlocblog.com	2	/2025/01/cach-su-dung-spss-trong-nghien-cuu-khoa-hoc.html
skewness là gì	320	0	informational	phamlocblog.com	2	/2025/03/chi-so-skewness-kurtosis-phan-phoi-chuan-spss.html
công ty care for việt nam lừa đảo	320	0	informational	phamlocblog.com	24	/2015/10/cac-cong-ty-da-cap.html
mai thảo mộc lừa đảo	320	0	informational	phamlocblog.com	28	/2015/10/cac-cong-ty-da-cap.html
công ty cổ phần zion lừa đảo	320	0	informational	phamlocblog.com	29	/2015/10/cac-cong-ty-da-cap.html
mô hình hồi quy tuyến tính	320	0	informational	phamlocblog.com	3	/2016/11/cach-chay-hoi-quy-trong-spss.html
thống kê mô tả là gì	320	0	informational	phamlocblog.com	3	/2019/05/thong-ke-mo-ta-tan-so-trong-spss.html
600 essential words for the toeic pdf	320	0	informational	phamlocblog.com	32	/2018/01/sach-600-essential-words-for-toeic-3rd.html
skewed là gì	320	0	informational	phamlocblog.com	39	/2020/08/do-lech-chuan-bao-nhieu-chap-nhan-duoc.html
hồi quy tuyến tính là gì	320	0	informational	phamlocblog.com	5	/2016/11/cach-chay-hoi-quy-trong-spss.html
hồi quy logistic	320	0	informational	phamlocblog.com	5	/2019/02/hoi-quy-nhi-phan-binary-logistic-spss.html
độ lệch chuẩn ký hiệu là gì	320	0	informational	phamlocblog.com	6	/2020/08/do-lech-chuan-bao-nhieu-chap-nhan-duoc.html
discriminant	320	0	informational	phamlocblog.com	7	/2021/12/gia-tri-hoi-tu-gia-tri-phan-biet-la-gi.html
phần mềm liên thông 3 cấp	320	0	informational	phamlocblog.com	71	/2021/12/phan-mem-smartpls-full-ban-quyen-crack.html
moderation là gì	320	0	informational	phamlocblog.com	8	/2021/03/bien-trung-gian-dieu-tiet-kiem-soat.html
bài tập hồi quy tuyến tính có lời giải	320	0	informational	phamlocblog.com	9	/2016/11/cach-chay-hoi-quy-trong-spss.html
skewness là gì	320	0	informational	phantichspss.com	10	/chi-so-skewness-va-kurtosis-la-gi-va-dung-de-lam-gi.html
pls sem là gì	320	0	informational	phantichspss.com	11	/so-sanh-pls-sem-va-cb-sem-khi-nao-nen-dung-smartpls-hay-amos.html
phần mềm spss là gì	320	0	informational	phantichspss.com	15	/huong-dan-su-dung-spss-co-ban-cho-nguoi-moi-bat-dau.html
tương quan pearson	320	0	informational	phantichspss.com	19	/he-so-tuong-quan-pearson-cach-thao-tac-phan-tich-tuong-quan-trong-spss.html
đa cộng tuyến là gì	320	0	informational	phantichspss.com	2	/da-cong-tuyen-dinh-nghia-cach-phat-hien-hau-qua-cach-khac-phuc.html
thang đo likert 7 mức độ	320	0	informational	phantichspss.com	21	/y-nghia-gia-tri-trung-binh-trong-thang-do-khoang.html
mẫu phiếu khảo sát	320	0	informational	phantichspss.com	22	/tong-hop-gan-200-mau-bang-cau-hoi-khao-sat-du-moi-chu-de-cho-luan-van-tien-si-thac-si-va-dai-hoc.html
moderation là gì	320	0	informational	phantichspss.com	23	/quan-he-dieu-tiet-moderation-cac-loai-bien-dieu-tiet-moderator-mo-hinh-hoa-quan-dieu-tiet.html
covariance là gì	320	0	informational	phantichspss.com	29	/cach-doc-cac-gia-tri-variance-covariance-coefficient-correlation-trong-amos.html
ký hiệu phương sai và độ lệch chuẩn	320	0	informational	phantichspss.com	31	/do-lech-chuan-va-phuong-sai-cong-thuc-va-y-nghia.html
hồi quy logistic	320	0	informational	phantichspss.com	31	/khi-nao-can-su-dung-hoi-quy-logistic-va-khi-nao-can-su-dung-hoi-quy-tuyen-tinh.html
skewed là gì	320	0	informational	phantichspss.com	38	/chi-so-skewness-va-kurtosis-la-gi-va-dung-de-lam-gi.html
mô hình hồi quy	320	0	informational	phantichspss.com	43	/phan-tich-hoi-quy-regression-analysis-la-gi.html
công thức tính phương sai và độ lệch chuẩn	320	0	informational	phantichspss.com	49	/do-lech-chuan-va-phuong-sai-cong-thuc-va-y-nghia.html
công thức tính phương sai mẫu	320	0	informational	phantichspss.com	51	/do-lech-chuan-va-phuong-sai-cong-thuc-va-y-nghia.html
độ lệch chuẩn ký hiệu là gì	320	0	informational	phantichspss.com	51	/do-lech-chuan-va-phuong-sai-cong-thuc-va-y-nghia.html
phương sai công thức	320	0	informational	phantichspss.com	53	/do-lech-chuan-va-phuong-sai-cong-thuc-va-y-nghia.html
thống kê mô tả là gì	320	0	informational	phantichspss.com	54	/huong-dan-cach-chay-thong-ke-mo-ta-trong-spss.html
phương sai độ lệch chuẩn công thức	320	0	informational	phantichspss.com	55	/do-lech-chuan-va-phuong-sai-cong-thuc-va-y-nghia.html
trung vị là q mấy	320	0	informational	phantichspss.com	56	/gia-tri-trung-binh-trung-vi-tu-phan-vi-dinh-nghia-va-phan-biet.html
trung bình là gì	320	0	informational	phantichspss.com	61	/su-khac-nhau-giua-trung-binh-va-trung-vi.html
kmo	320	0	informational	phantichspss.com	7	/xu-ly-loi-chi-so-kmo-khong-xuat-hien-khi-phan-tich-nhan-to-efa.html
trung bình nhân là gì	320	0	informational	phantichspss.com	74	/su-khac-nhau-giua-trung-binh-va-trung-vi.html
discriminant	320	0	informational	phantichspss.com	9	/phan-tich-biet-phan-tich-phan-biet-discriminant-analysis.html
mô hình servperf	320	0	informational	phantichspss.com	9	/so-sanh-mo-hinh-chat-luong-dich-vu-servqual-va-servperf.html
pls-sem là gì	320	0	informational	phantichspss.com	9	/so-sanh-pls-sem-va-cb-sem-khi-nao-nen-dung-smartpls-hay-amos.html
tương quan pearson	320	0	informational	xulydinhluong.com	16	/phan-tich-tuong-quan-pearson-tren-spss/
skewness là gì	320	0	informational	xulydinhluong.com	19	/chi-so-skewness-va-kurtosis-trong-spss/
mô hình hồi quy	320	0	informational	xulydinhluong.com	26	/do-phu-hop-mo-hinh-phan-du-hoi-quy/
moderation là gì	320	0	informational	xulydinhluong.com	26	/khai-niem-bien-trung-gian-bien-dieu-tiet-biet-kiem-soat/
mô hình hồi quy tuyến tính	320	0	informational	xulydinhluong.com	31	/phan-tich-va-doc-ket-qua-hoi-quy-da-bien-tren-spss/
hồi quy tuyến tính là gì	320	0	informational	xulydinhluong.com	32	/uoc-luong-hoi-quy-tuyen-tinh-bang-ols/
phần mềm spss là gì	320	0	informational	xulydinhluong.com	38	/bang-gia-chay-spss/
kmo	320	0	informational	xulydinhluong.com	39	/phan-tich-nhan-to-kham-pha-efa-tren-spss/
hồi quy logistic	320	0	informational	xulydinhluong.com	45	/hoi-quy-nhi-phan-binary-logistic-spss/
thống kê mô tả là gì	320	0	informational	xulydinhluong.com	51	/thong-ke-mo-ta-trung-binh-trong-spss/
pls-sem là gì	320	0	informational	xulydinhluong.com	65	/mo-hinh-nguyen-nhan-ket-qua-pls-sem/
pls sem là gì	320	0	informational	xulydinhluong.com	71	/mo-hinh-nguyen-nhan-ket-qua-pls-sem/
smart pls 3	320	0	transactional	phamlocblog.com	1	/2021/12/phan-mem-smartpls-full-ban-quyen-crack.html
smartpls 3	320	0	transactional	phamlocblog.com	1	/2021/12/phan-mem-smartpls-full-ban-quyen-crack.html
smart pls 3	320	0	transactional	phantichspss.com	5	/tag/smartpls-3-mien-phi
công thức tính phương sai độ lệch chuẩn	320	0	transactional	phantichspss.com	57	/do-lech-chuan-va-phuong-sai-cong-thuc-va-y-nghia.html
smartpls 3	320	0	transactional	phantichspss.com	6	/tag/smartpls-3-mien-phi
phamlocblog	320	1	navigational	phamlocblog.com	1	/
phamlocblog	320	1	navigational	phantichspss.com	24	/
phamlocblog	320	1	navigational	xulydinhluong.com	13	/
kurtosis	320	11	informational	phamlocblog.com	2	/2025/03/chi-so-skewness-kurtosis-phan-phoi-chuan-spss.html
kurtosis	320	11	informational	phantichspss.com	27	/chi-so-skewness-va-kurtosis-la-gi-va-dung-de-lam-gi.html
kurtosis	320	11	informational	xulydinhluong.com	39	/chi-so-skewness-va-kurtosis-trong-spss/
multicollinearity	320	14	informational	phamlocblog.com	10	/2018/07/da-cong-tuyen-nhan-biet-khac-phuc.html
multicollinearity	320	14	informational	phantichspss.com	68	/da-cong-tuyen-dinh-nghia-cach-phat-hien-hau-qua-cach-khac-phuc.html
chi test	320	20	informational	phantichspss.com	14	/kiem-dinh-chi-binh-phuong-chi-square-test-cach-thuc-hien-cach-doc-ket-qua-cach-thao-tac-tinh-toan-bang-tay-thay-vi-dung-spss.html
pearson correlation	320	23	informational	phamlocblog.com	3	/2015/11/phan-tich-tuong-quan-pearson-trong-spss.html
chi test square	320	5	informational	phamlocblog.com	5	/2020/08/kiem-dinh-chi-binh-phuong-spss.html
chi test square	320	5	informational	phantichspss.com	55	/kiem-dinh-chi-binh-phuong-chi-square-test-cach-thuc-hien-cach-doc-ket-qua-cach-thao-tac-tinh-toan-bang-tay-thay-vi-dung-spss.html
collinearity	320	6	informational	phamlocblog.com	2	/2018/07/da-cong-tuyen-nhan-biet-khac-phuc.html
collinearity	320	6	informational	phantichspss.com	22	/da-cong-tuyen-dinh-nghia-cach-phat-hien-hau-qua-cach-khac-phuc.html
green speed lừa đảo	260	0	commercial	phamlocblog.com	29	/2015/10/cac-cong-ty-da-cap.html
greenspeed lừa đảo	260	0	commercial	phamlocblog.com	30	/2015/10/cac-cong-ty-da-cap.html
vhealth lừa đảo	260	0	commercial	phamlocblog.com	8	/2015/10/cac-cong-ty-da-cap.html
spss 22	260	0	informational	phamlocblog.com	1	/2019/04/download-phan-mem-spss-moi-nhat.html
tải spss miễn phí	260	0	informational	phamlocblog.com	1	/2026/01/cach-tai-spss-27-mien-phi-va-cai-dat.html
tính cỡ mẫu	260	0	informational	phamlocblog.com	13	/2018/04/xac-dinh-kich-thuoc-mau-trong-nghien-cuu.html
bca solutions lừa đảo	260	0	informational	phamlocblog.com	15	/2015/10/cac-cong-ty-da-cap.html
pearson là gì	260	0	informational	phamlocblog.com	2	/2015/11/phan-tich-tuong-quan-pearson-trong-spss.html
bảng anova	260	0	informational	phamlocblog.com	2	/2016/03/phan-tich-anova-trong-spss.html
độ tin cậy	260	0	informational	phamlocblog.com	2	/2017/03/kiem-dinh-do-tin-cay-cronbach-alpha-spss.html
t test là gì	260	0	informational	phamlocblog.com	2	/2017/07/kiem-dinh-independent-sample-t-test-SPSS.html
t-test là gì	260	0	informational	phamlocblog.com	2	/2017/07/kiem-dinh-independent-sample-t-test-SPSS.html
vif là gì	260	0	informational	phamlocblog.com	2	/2018/07/da-cong-tuyen-nhan-biet-khac-phuc.html
biến kiểm soát	260	0	informational	phamlocblog.com	2	/2021/03/bien-trung-gian-dieu-tiet-kiem-soat.html
biến điều tiết	260	0	informational	phamlocblog.com	2	/2021/03/bien-trung-gian-dieu-tiet-kiem-soat.html
biến điều tiết là gì	260	0	informational	phamlocblog.com	2	/2021/03/bien-trung-gian-dieu-tiet-kiem-soat.html
chạy spss là gì	260	0	informational	phamlocblog.com	2	/2025/01/cach-su-dung-spss-trong-nghien-cuu-khoa-hoc.html
mô hình nghiên cứu là gì	260	0	informational	phamlocblog.com	2	/2025/01/khai-niem-cach-xay-dung-mo-hinh-nghien-cuu.html
phương trình hồi quy tuyến tính	260	0	informational	phamlocblog.com	2	/2025/02/cach-viet-phuong-trinh-hoi-quy-trong-spss.html
lỗi ma trận là gì	260	0	informational	phamlocblog.com	4	/2019/10/xu-ly-ma-tran-xoay-lon-xon-efa.html
cách nhận xét bảng tần số	260	0	informational	phamlocblog.com	5	/2025/02/cach-nhan-xet-bang-so-lieu-trong-spss.html
biến cục bộ là gì	260	0	informational	phamlocblog.com	59	/2024/12/bien-doc-lap-bien-phu-thuoc-la-gi.html
descriptive statistics là gì	260	0	informational	phamlocblog.com	6	/2019/05/thong-ke-mo-ta-trung-binh-tren-spss.html
độ lệch chuẩn ký hiệu	260	0	informational	phamlocblog.com	6	/2020/08/do-lech-chuan-bao-nhieu-chap-nhan-duoc.html
điều tiết là gì	260	0	informational	phamlocblog.com	8	/2021/03/bien-trung-gian-dieu-tiet-kiem-soat.html
thang đo likert là gì	260	0	informational	phamlocblog.com	8	/2026/01/cach-chay-thang-do-likert-spss.html
biến điều tiết là gì	260	0	informational	phantichspss.com	10	/quan-he-dieu-tiet-moderation-cac-loai-bien-dieu-tiet-moderator-mo-hinh-hoa-quan-dieu-tiet.html
mô hình nghiên cứu là gì	260	0	informational	phantichspss.com	15	/mo-hinh-nghien-cuu-va-cac-van-de-lien-quan.html
chạy spss là gì	260	0	informational	phantichspss.com	17	/huong-dan-su-dung-spss-co-ban-cho-nguoi-moi-bat-dau.html
dichotomous là gì	260	0	informational	phantichspss.com	18	/cach-chuyen-tu-bien-category-sang-dichotomy-2.html
biến điều tiết	260	0	informational	phantichspss.com	18	/quan-he-dieu-tiet-moderation-cac-loai-bien-dieu-tiet-moderator-mo-hinh-hoa-quan-dieu-tiet.html
lỗi ma trận là gì	260	0	informational	phantichspss.com	18	/xu-ly-loi-ma-tran-xoay-nhan-bi-xao-tron-lon-xon-khong-hoi-tu.html
phương trình hồi quy tuyến tính	260	0	informational	phantichspss.com	21	/cach-viet-phuong-trinh-hoi-quy-tuyen-tinh-da-bien.html
biến kiểm soát	260	0	informational	phantichspss.com	21	/su-khac-nhau-giua-kiem-dinh-anova-va-bien-dieu-tiet.html
bảng anova	260	0	informational	phantichspss.com	31	/su-khac-nhau-giua-t-test-va-anova.html
phương sai ký hiệu là gì	260	0	informational	phantichspss.com	41	/do-lech-chuan-va-phuong-sai-cong-thuc-va-y-nghia.html
pearson là gì	260	0	informational	phantichspss.com	58	/he-so-tuong-quan-pearson-cach-thao-tac-phan-tich-tuong-quan-trong-spss.html
spss 22	260	0	informational	phantichspss.com	79	/tai-phan-mem-spss-20-full-mien-phi-du-tinh-nang.html
oci là gì	260	0	informational	phantichspss.com	83	/chi-odds-ratio-va-confidence-interval-ci-dinh-nghia-y-nghia-va-cach-tinh-toan.html
biến điều tiết là gì	260	0	informational	xulydinhluong.com	11	/cach-xu-ly-bien-dieu-tiet-moderator-tren-spss/
mô hình nghiên cứu là gì	260	0	informational	xulydinhluong.com	12	/mo-hinh-nghien-cuu-va-cach-xay-dung/
biến kiểm soát	260	0	informational	xulydinhluong.com	19	/khai-niem-bien-trung-gian-bien-dieu-tiet-biet-kiem-soat/
chạy spss là gì	260	0	informational	xulydinhluong.com	21	/bang-gia-chay-spss/
điều tiết là gì	260	0	informational	xulydinhluong.com	21	/khai-niem-bien-trung-gian-bien-dieu-tiet-biet-kiem-soat/
tính cỡ mẫu	260	0	informational	xulydinhluong.com	26	/kich-thuoc-mau-trong-nghien-cuu/
t test là gì	260	0	informational	xulydinhluong.com	27	/kiem-dinh-paired-samples-t-test-tren-spss-26/
t-test là gì	260	0	informational	xulydinhluong.com	27	/kiem-dinh-paired-samples-t-test-tren-spss-26/
tải spss miễn phí	260	0	informational	xulydinhluong.com	28	/phan-mem-spss-20-full-crack-ban-quyen-vinh-vien/
lỗi ma trận là gì	260	0	informational	xulydinhluong.com	36	/khong-xuat-hien-bang-ma-tran-xoay-efa/
độ tin cậy	260	0	informational	xulydinhluong.com	5	/phan-tich-cronbachs-alpha-trong-spss/
pearson là gì	260	0	informational	xulydinhluong.com	51	/phan-tich-tuong-quan-pearson-tren-spss/
bảng anova	260	0	informational	xulydinhluong.com	53	/kiem-dinh-one-way-anova-tren-spss-26/
spss 22	260	0	informational	xulydinhluong.com	54	/cach-tai-spss-mien-phi-spss-20-spss-21-spss-22-spss-26-spss-27/
descriptive statistics là gì	260	0	informational	xulydinhluong.com	57	/thong-ke-mo-ta-trung-binh-trong-spss/
phương trình hồi quy tuyến tính	260	0	informational	xulydinhluong.com	6	/viet-phuong-trinh-hoi-quy-tuyen-tinh-trong-spss/
biến điều tiết	260	0	informational	xulydinhluong.com	7	/khai-niem-bien-trung-gian-bien-dieu-tiet-biet-kiem-soat/
download spss for mac	260	0	transactional	phamlocblog.com	1	/2026/01/tai-va-cai-dat-spss-27-mien-phi-macbook.html
spss download for mac	260	0	transactional	phamlocblog.com	1	/2026/01/tai-va-cai-dat-spss-27-mien-phi-macbook.html
smartpls 4	260	0	transactional	phamlocblog.com	2	/2026/02/cach-chay-smartpls-4-chi-tiet.html
smartpls 4	260	0	transactional	phantichspss.com	13	/smartpls
download spss for mac	260	0	transactional	phantichspss.com	14	/tag/spss-mac-os
spss download for mac	260	0	transactional	phantichspss.com	14	/tag/spss-mac-os
smartpls 4	260	0	transactional	xulydinhluong.com	7	/phan-mem-smartpls-4-professional-ban-quyen-tron-doi/
spss download mac	260	11	transactional	phamlocblog.com	1	/2026/01/tai-va-cai-dat-spss-27-mien-phi-macbook.html
spss download mac	260	11	transactional	phantichspss.com	13	/tag/spss-mac-os
dịch vụ smartpls	210	0	commercial	phamlocblog.com	2	/p/dich-vu-smartpls.html
siberian wellness lừa đảo	210	0	commercial	phamlocblog.com	64	/2015/10/cac-cong-ty-da-cap.html
dịch vụ smartpls	210	0	commercial	xulydinhluong.com	1	/dich-vu-xu-ly-smartpls/
phương sai và độ lệch chuẩn là gì	210	0	informational	phamlocblog.com	13	/2020/08/do-lech-chuan-bao-nhieu-chap-nhan-duoc.html
economy toeic	210	0	informational	phamlocblog.com	17	/2015/06/economy-toeic.html
thiết kế nghiên cứu	210	0	informational	phamlocblog.com	20	/2025/01/khai-niem-cach-xay-dung-mo-hinh-nghien-cuu.html
phương pháp chọn mẫu	210	0	informational	phamlocblog.com	4	/2018/06/ky-thuat-chon-mau-trong-nghien-cuu-marketing.html
likert 5	210	0	informational	phamlocblog.com	4	/2026/01/cach-chay-thang-do-likert-spss.html
độ lệch chuẩn kí hiệu là gì trong máy tính	210	0	informational	phamlocblog.com	7	/2020/08/do-lech-chuan-bao-nhieu-chap-nhan-duoc.html
rsd là gì	210	0	informational	phamlocblog.com	8	/2020/08/do-lech-chuan-bao-nhieu-chap-nhan-duoc.html
mean là gì trong thống kê	210	0	informational	phamlocblog.com	9	/2019/05/thong-ke-mo-ta-trung-binh-tren-spss.html
mẫu là gì	210	0	informational	xulydinhluong.com	38	/kich-thuoc-mau-trong-nghien-cuu/
thiết kế nghiên cứu	210	0	informational	xulydinhluong.com	70	/mo-hinh-nghien-cuu-va-cach-xay-dung/
spss cách dùng	210	0	navigational	phamlocblog.com	1	/2025/01/cach-su-dung-spss-trong-nghien-cuu-khoa-hoc.html
spss cách dùng	210	0	navigational	xulydinhluong.com	17	/huong-dan-cach-chay-spss-cho-nguoi-moi-bat-dau/
one factor anova	210	10	transactional	phamlocblog.com	4	/2016/03/phan-tich-anova-trong-spss.html
hệ số tương quan là gì	210	2	informational	phamlocblog.com	7	/2015/11/phan-tich-tuong-quan-pearson-trong-spss.html
spss free download for windows	210	3	informational	phamlocblog.com	1	/2026/01/cach-tai-spss-27-mien-phi-va-cai-dat.html
spss free download for windows	210	3	informational	xulydinhluong.com	58	/phan-mem-spss-20-full-crack-ban-quyen-vinh-vien/
spss 25	170	0	informational	phamlocblog.com	1	/2019/04/download-phan-mem-spss-moi-nhat.html
test de durbin watson	170	0	informational	phamlocblog.com	3	/2020/12/bang-tra-durbin-watson-dw.html
test de durbin-watson	170	0	informational	phamlocblog.com	3	/2020/12/bang-tra-durbin-watson-dw.html
spss 25	170	0	informational	xulydinhluong.com	40	/phan-mem-spss-20-full-crack-ban-quyen-vinh-vien/
phân tích giá trị ngoại lai là gì	90	0	informational	phamlocblog.com	16	/2021/01/diem-di-biet-outlier-la-gi.html
tương quan	590	0	informational	xulysolieu.info	5	/phan-tich-tuong-quan-la-gi-cach-thuc-hien/
tần suất là gì	590	0	informational	xulysolieu.info	32	/tan-so-tich-luy-trong-thong-ke-la-gi/
định tính và định lượng	590	0	informational	xulysolieu.info	7	/dinh-tinh-va-dinh-luong-so-sanh-su-khac-biet/
độ lệch chuẩn công thức	590	0	informational	xulysolieu.info	3	/cong-thuc-tinh-do-lech-chuan/
độ lệch chuẩn và phương sai	590	0	informational	xulysolieu.info	5	/hieu-ro-ve-do-lech-chuan-va-phuong-sai/
độ đúng và độ chính xác	590	0	informational	xulysolieu.info	27	/do-lech-chuan-la-gi-hieu-khai-niem-va-ung-dung/
2 biến cố độc lập	480	0	informational	xulysolieu.info	7	/bien-co-doc-lap-la-gi-vi-du-chi-tiet/
bảng t	480	0	informational	xulysolieu.info	6	/bang-kiem-dinh-t-cach-tra-va-doc-ket-qua/
cronbach alpha là gì	480	0	informational	xulysolieu.info	3	/he-so-cronbach-alpha-kiem-dinh-do-tin-cay-4/
cách chạy spss	480	0	informational	xulysolieu.info	8	/cach-chay-spss-nghien-cuu-khoa-hoc-huong-dan-chi-tiet-cho-sinh-vien-va-nghien-cuu-vien/
cách tính phương sai và độ lệch chuẩn	480	0	informational	xulysolieu.info	5	/cong-thuc-tinh-phuong-sai-va-do-lech-chuan/
cách tính số trung bình của mẫu số liệu	480	0	informational	xulysolieu.info	7	/cach-tinh-trung-binh-mau-cong-thuc-vi-du/
công thức tính beta	480	0	informational	xulysolieu.info	23	/hieu-ro-ve-beta-tai-trong-coefficients-la-gi/
công thức tính cỡ mẫu	480	0	informational	xulysolieu.info	5	/cong-thuc-tinh-co-mau-mo-ta-cat-ngang/
công thức tính phương sai lớp 10	480	0	informational	xulysolieu.info	20	/cong-thuc-tinh-do-lech-chuan/
cơ sở lý luận	480	0	informational	xulysolieu.info	4	/co-so-ly-luan-trong-nghien-cuu-khoa-hoc/
degree of freedom là gì	480	0	informational	xulysolieu.info	9	/df-la-gi-ung-dung-va-giai-thich-chi-tiet-spss/
download spss	480	0	transactional	xulysolieu.info	2	/link-tai-spss-download-full-ban-quyen-mien-phi/
dịch vụ smart pls	480	0	navigational	xulysolieu.info	5	/gioi-thieu-smartpls-phan-mem-phan-tich-sem/
dịch vụ smartpls phạm lộc blog	480	12	informational	xulysolieu.info	20	/khoa-hoc-phan-tich-du-lieu-smartpls-can-ban/
dịch vụ spss net	480	2	navigational	xulysolieu.info	4	/chay-spss-thue/
hàm đa thức là gì	480	0	informational	xulysolieu.info	9	/bac-cua-da-thuc-la-gi-cach-xac-dinh/
hệ số cao nhất	480	0	informational	xulysolieu.info	13	/bac-cua-da-thuc-la-gi-cach-xac-dinh/
hệ số cao nhất là gì	480	0	informational	xulysolieu.info	8	/bac-cua-da-thuc-la-gi-cach-xac-dinh/
kiểm định t test	480	0	informational	xulysolieu.info	5	/kiem-dinh-independent-sample-t-test-trong-spss/
kiểm định t-test	480	0	informational	xulysolieu.info	7	/kiem-dinh-independent-sample-t-test-trong-spss/
lý luận là gì	480	0	informational	xulysolieu.info	13	/co-so-ly-luan-trong-nghien-cuu-khoa-hoc/
lý thuyết là gì	480	0	informational	xulysolieu.info	21	/khung-ly-thuyet-nghien-cuu-la-gi/
mô hình là gì	480	0	informational	xulysolieu.info	3	/mo-hinh-la-gi/
mô hình sem	480	0	informational	xulysolieu.info	8	/sem-model-la-gi-tong-quan-mo-hinh/
nghiên cứu là gì	480	0	informational	xulysolieu.info	10	/nghien-cuu-khoa-hoc-la-gi-vai-tro-va-cach-tiep-can/
nghiên cứu định tính	480	0	informational	xulysolieu.info	17	/nghien-cuu-dinh-tinh-la-gi-cach-hieu-va-trien-khai/
phương pháp luận nghiên cứu khoa học	480	0	informational	xulysolieu.info	17	/phuong-phap-luan-nghien-cuu-khoa-hoc/
r and r square	480	12	informational	xulysolieu.info	13	/so-sanh-r-squared-va-adjusted-r-squared/
r square	480	21	navigational	xulysolieu.info	8	/r-square-la-gi-tim-hieu-ve-y-nghia-va-ung-dung/
thống kê mô tả	480	0	informational	xulysolieu.info	5	/cach-doc-ket-qua-thong-ke-mo-ta-trong-spss/
trung vị là j	480	0	informational	xulysolieu.info	14	/gia-tri-trung-binh-trung-vi-va-tu-phan-vi/
anova là gì	390	0	informational	xulysolieu.info	4	/anova-la-gi-huong-dan-phan-tich-phuong-sai/
biến kiểm soát là gì	390	0	informational	xulysolieu.info	3	/phan-biet-bien-trung-gian-dieu-tiet-kiem-soat/
biểu đồ boxplot	390	0	informational	xulysolieu.info	20	/bieu-do-boxplot-trong-spss-cach-ve-va-doc-ket-qua/
bảng khảo sát	390	0	informational	xulysolieu.info	7	/cach-tao-bang-khao-sat-bang-google-forms-nhanh/
chi phí trung bình	390	0	informational	xulysolieu.info	67	/gia-tri-trung-binh-la-gi/
chạy spss thuê	390	15	commercial	xulysolieu.info	2	/chay-spss-thue/
crack spss	390	0	informational	xulysolieu.info	2	/huong-dan-cai-dat-crack-spss-va-su-dung-spss-22/
cách tìm bậc của đa thức	390	0	informational	xulysolieu.info	16	/bac-cua-da-thuc-la-gi-cach-xac-dinh/
cách tính đúng sai	390	0	informational	xulysolieu.info	34	/cach-tinh-phuong-sai-va-do-lech-chuan/
công thức hệ số tương quan	390	0	informational	xulysolieu.info	8	/correlation-coefficient-la-gi-dinh-nghia-ung-dung/
công thức phương sai độ lệch chuẩn	390	0	informational	xulysolieu.info	7	/cach-tinh-phuong-sai-va-do-lech-chuan/
công thức tính giá trị trung bình	390	0	informational	xulysolieu.info	3	/cach-tinh-trung-binh-mau-cong-thuc-vi-du/
công thức tính số trung vị	390	0	informational	xulysolieu.info	20	/tinh-trung-vi-trong-thong-ke-cach-tinh-va-y-nghia/
cơ sở lý thuyết	390	0	informational	xulysolieu.info	9	/co-so-ly-luan-la-gi-vi-du-minh-hoa/
cỡ mẫu của mẫu số liệu là gì	390	0	informational	xulysolieu.info	6	/cong-thuc-tinh-co-mau-n/
dịch vụ xử lý spss	390	14	navigational	xulysolieu.info	5	/dich-vu-xu-ly-spss-uy-tin/
dữ liệu sơ cấp và thứ cấp là gì	390	0	informational	xulysolieu.info	18	/du-lieu-thu-cap-la-gi-quy-trinh-thu-thap-du-lieu/
efa là gì	390	0	informational	xulysolieu.info	6	/efa-la-gi-tim-hieu-ve-phan-tich-nhan-to-kham-pha/
exploratory factor analysis là gì	390	0	informational	xulysolieu.info	8	/efa-la-gi-tim-hieu-ve-phan-tich-nhan-to-kham-pha/
giá chạy spss	390	15	commercial	xulysolieu.info	2	/chay-spss-thue/
giả thiết	390	0	informational	xulysolieu.info	11	/phan-biet-gia-thuyet-va-gia-thiet-trong-nghien-cuu/
khảo sát mức độ hài lòng của khách hàng	390	0	informational	xulysolieu.info	41	/phieu-khao-sat-muc-do-hai-long-cua-khach-hang/
ký hiệu phương sai	390	0	informational	xulysolieu.info	8	/ky-hieu-do-lech-chuan-la-gi/
model nghĩa là gì	390	0	informational	xulysolieu.info	7	/mo-hinh-la-gi/
mô hình hồi quy tổng thể	390	0	informational	xulysolieu.info	5	/ham-hoi-quy-tong-the-khai-niem-va-vi-du/
nhân tố	390	0	informational	xulysolieu.info	8	/nhan-to-la-gi-trong-phan-tich-du-lieu/
nhân tố là gì	390	0	informational	xulysolieu.info	5	/nhan-to-la-gi-trong-phan-tich-du-lieu/
ols là gì	390	0	informational	xulysolieu.info	2	/ols-la-gi-tim-hieu-ve-hoi-quy-tuyen-tinh/
ordinary least squares là gì	390	0	informational	xulysolieu.info	3	/ols-la-gi-tim-hieu-ve-hoi-quy-tuyen-tinh/
phương sai và độ lệch chuẩn công thức	390	0	informational	xulysolieu.info	4	/cach-tinh-phuong-sai-va-do-lech-chuan/
phương trình hồi quy	390	0	informational	xulysolieu.info	6	/huong-dan-phan-tich-hoi-quy-tuyen-tinh-trong-spss/
residuals là gì	390	0	informational	xulysolieu.info	15	/residual-plot-la-gi/
spss download free	390	3	informational	xulysolieu.info	3	/link-tai-spss-download-full-ban-quyen-mien-phi/
spss for mac	390	0	informational	xulysolieu.info	5	/spss-cho-mac-cach-cai-dat-va-su-dung-chi-tiet/
thiết kế bảng hỏi	390	0	informational	xulysolieu.info	10	/bang-cau-hoi-dinh-tinh-cach-thiet-ke/
thuê chạy spss	390	15	commercial	xulysolieu.info	4	/chay-spss-thue/
thuê xử lý số liệu spss	390	22	commercial	xulysolieu.info	5	/chay-spss-thue/
tttn là gì	390	0	informational	xulysolieu.info	3	/khoa-luan-tot-nghiep-thuc-tap-tot-nghiep-la-gi/
tải spss cho macbook	390	0	transactional	xulysolieu.info	4	/link-tai-spss-download-full-ban-quyen-mien-phi/
tổng quan là gì	390	0	informational	xulysolieu.info	10	/tong-quan-tinh-hinh-nghien-cuu-cach-viet-cau-truc/
xử lý thông tin	390	0	informational	xulysolieu.info	51	/
đa thức là j	390	0	informational	xulysolieu.info	5	/bac-cua-da-thuc-la-gi-cach-xac-dinh/
đơn thức là j	390	0	informational	xulysolieu.info	32	/bac-cua-da-thuc-la-gi-cach-xac-dinh/
định tính định lượng la gì	390	0	informational	xulysolieu.info	5	/dinh-tinh-va-dinh-luong-so-sanh-su-khac-biet/
định tính định lượng là gì	390	0	informational	xulysolieu.info	6	/dinh-tinh-va-dinh-luong-so-sanh-su-khac-biet/
biểu đồ đường là gì	320	0	informational	xulysolieu.info	8	/cach-xu-ly-so-lieu-bieu-do-duong-tu-khai-niem-den-ung-dung-thuc-tien-hieu-qua/
bài tập hồi quy tuyến tính có lời giải	320	0	informational	xulysolieu.info	1	/bai-tap-hoi-quy-tuyen-tinh-don-bien/
bậc là j	320	0	informational	xulysolieu.info	7	/bac-cua-da-thuc-la-gi-cach-xac-dinh/
chi test square	320	5	informational	xulysolieu.info	19	/kiem-dinh-chi-binh-phuong-chi-square-trong-spss/
collinearity	320	6	informational	xulysolieu.info	93	/multicollinearity-la-gi-cach-nhan-biet-tac-dong/
công thức tính phương sai lớp 12	320	0	informational	xulysolieu.info	32	/cach-tinh-phuong-sai-va-do-lech-chuan/
công thức tính phương sai mẫu	320	0	informational	xulysolieu.info	5	/cong-thuc-tinh-phuong-sai-va-do-lech-chuan/
công thức tính phương sai và độ lệch chuẩn	320	0	informational	xulysolieu.info	4	/cach-tinh-phuong-sai-va-do-lech-chuan/
công thức tính phương sai độ lệch chuẩn	320	0	transactional	xulysolieu.info	8	/cach-tinh-phuong-sai-va-do-lech-chuan/
dữ liệu số	320	0	informational	xulysolieu.info	51	/
giả thuyết hay giả thiết	320	0	informational	xulysolieu.info	7	/phan-biet-gia-thuyet-va-gia-thiet-trong-nghien-cuu/
hồi quy logistic	320	0	informational	xulysolieu.info	10	/logistic-regression-spss-huong-dan/
hồi quy tuyến tính là gì	320	0	informational	xulysolieu.info	13	/hoi-quy-tuyen-tinh-la-gi/
kmo	320	0	informational	xulysolieu.info	38	/cach-chay-efa-cho-bien-phu-thuoc-trong-spss/
ký hiệu phương sai và độ lệch chuẩn	320	0	informational	xulysolieu.info	4	/ky-hieu-do-lech-chuan-la-gi/
moderation là gì	320	0	informational	xulysolieu.info	20	/hieu-ro-ve-moderator-la-gi-va-vai-tro-cua-no/
multicollinearity	320	14	informational	xulysolieu.info	19	/multicollinearity-la-gi-cach-nhan-biet-tac-dong/
mô hình hồi quy	320	0	informational	xulysolieu.info	4	/mo-hinh-hoi-quy-trong-phan-tich-du-doan-nghien-cuu/
mô hình hồi quy tuyến tính	320	0	informational	xulysolieu.info	12	/hoi-quy-tuyen-tinh-la-gi/
mẫu phiếu khảo sát	320	0	informational	xulysolieu.info	46	/huong-dan-cach-lam-phieu-khao-sat-nghien-cuu/
nghiên cứu định lượng	320	0	informational	xulysolieu.info	16	/phuong-phap-dinh-luong-la-gi-cach-ap-dung/
phamlocblog	320	1	navigational	xulysolieu.info	18	/link-tai-spss-download-full-ban-quyen-mien-phi/
phương pháp nghiên cứu định tính	320	0	informational	xulysolieu.info	13	/dinh-tinh-la-gi/
phương pháp định tính	320	0	informational	xulysolieu.info	5	/dinh-tinh-la-gi/
phương sai công thức	320	0	informational	xulysolieu.info	4	/cach-tinh-phuong-sai-va-do-lech-chuan/
phương sai độ lệch chuẩn công thức	320	0	informational	xulysolieu.info	4	/cach-tinh-phuong-sai-va-do-lech-chuan/
phần mềm eviews	320	0	navigational	xulysolieu.info	15	/nhan-chay-eview-dich-vu-xu-ly-so-lieu-eviews/
phần mềm spss là gì	320	0	informational	xulysolieu.info	20	/tai-spss-mien-phi/
pls sem là gì	320	0	informational	xulysolieu.info	17	/gioi-thieu-smartpls-phan-mem-phan-tich-sem/
pls-sem là gì	320	0	informational	xulysolieu.info	10	/pls-la-gi-giai-ma-suc-manh-du-doan-du-lieu/
skewed là gì	320	0	informational	xulysolieu.info	7	/skewness-la-gi-cach-tinh-va-dien-giai/
skewness là gì	320	0	informational	xulysolieu.info	4	/skewness-la-gi-cach-tinh-va-dien-giai/
smart pls 3	320	0	transactional	xulysolieu.info	7	/cai-dat-su-dung-phan-mem-smartpls-3-full-ban-quyen/
smartpls 3	320	0	transactional	xulysolieu.info	5	/cai-dat-su-dung-phan-mem-smartpls-3-full-ban-quyen/
sửa đạo văn	320	0	informational	xulysolieu.info	24	/combo-chinh-sua-luan-van-format-ha-dao-van/
thang đo likert 7 mức độ	320	0	informational	xulysolieu.info	17	/thang-do-likert-la-gi/
thống kê mô tả là gì	320	0	informational	xulysolieu.info	13	/thong-ke-mo-ta-la-gi-vai-tro-cua-no/
trung bình là gì	320	0	informational	xulysolieu.info	4	/gia-tri-trung-binh-la-gi/
trung bình nhân là gì	320	0	informational	xulysolieu.info	32	/gia-tri-trung-binh-la-gi/
trung vị là q mấy	320	0	informational	xulysolieu.info	11	/gia-tri-trung-binh-trung-vi-va-tu-phan-vi/
trình tự	320	0	informational	xulysolieu.info	33	/tien-trinh-nghien-cuu-la-gi-cac-buoc-thuc-hien/
tính số trung vị	320	0	informational	xulysolieu.info	8	/tinh-trung-vi-trong-thong-ke-cach-tinh-va-y-nghia/
tương quan pearson	320	0	informational	xulysolieu.info	3	/he-so-tuong-quan-pearson-trong-spss/
tải stata	320	0	informational	xulysolieu.info	2	/tai-phan-mem-stata-cach-cai-a-z/
tổng quan nghiên cứu	320	0	informational	xulysolieu.info	6	/tong-quan-tinh-hinh-nghien-cuu-cach-viet-cau-truc/
tổng quan nghiên cứu là gì	320	0	informational	xulysolieu.info	4	/tong-quan-tinh-hinh-nghien-cuu-cach-viet-cau-truc/
y intercept là gì	320	0	informational	xulysolieu.info	15	/he-so-chan-la-gi-y-nghia-cua-he-so-chan/
đa cộng tuyến là gì	320	0	informational	xulysolieu.info	6	/da-cong-tuyen-nguyen-nhan-cach-khac-phuc/
định lý giá trị trung bình	320	0	informational	xulysolieu.info	13	/gia-tri-trung-binh-la-gi/
định lượng và định tính	320	0	informational	xulysolieu.info	7	/dinh-tinh-va-dinh-luong-so-sanh-su-khac-biet/
độ lệch chuẩn ký hiệu là gì	320	0	informational	xulysolieu.info	5	/ky-hieu-do-lech-chuan-la-gi/
biến cục bộ là gì	260	0	informational	xulysolieu.info	64	/bien-la-gi-huong-dan-toan-dien-ve-bien/
biến kiểm soát	260	0	informational	xulysolieu.info	4	/phan-biet-bien-trung-gian-dieu-tiet-kiem-soat/
biến là j	260	0	informational	xulysolieu.info	5	/bien-la-gi-huong-dan-toan-dien-ve-bien/
biến điều tiết	260	0	informational	xulysolieu.info	3	/phan-biet-bien-trung-gian-dieu-tiet-kiem-soat/
biến điều tiết là gì	260	0	informational	xulysolieu.info	4	/phan-biet-bien-trung-gian-dieu-tiet-kiem-soat/
bảng anova	260	0	informational	xulysolieu.info	4	/anova-la-gi-huong-dan-phan-tich-phuong-sai/
bậc của đa thức nhiều biến	260	0	informational	xulysolieu.info	7	/bac-cua-da-thuc-la-gi-cach-xac-dinh/
chạy spss là gì	260	0	informational	xulysolieu.info	19	/cach-chay-spss-nghien-cuu-khoa-hoc-huong-dan-chi-tiet-cho-sinh-vien-va-nghien-cuu-vien/
correlate là gì	260	0	informational	xulysolieu.info	5	/correlate-la-gi-y-nghia-he-so-tuong-quan/
correlated là gì	260	0	informational	xulysolieu.info	18	/correlate-la-gi-y-nghia-he-so-tuong-quan/
các phương pháp	260	5	informational	xulysolieu.info	19	/cac-loai-phuong-phap-nghien-cuu-khoa-hoc-pho-bien/
cách nhận xét bảng tần số	260	0	informational	xulysolieu.info	4	/cach-nhan-xet-bang-so-lieu-trong-spss/
cách tính giá trị trung bình	260	0	informational	xulysolieu.info	21	/cach-tinh-trung-binh-mau-cong-thuc-vi-du/
cơ sở lý thuyết là gì	260	0	informational	xulysolieu.info	9	/khung-ly-thuyet-nghien-cuu-la-gi/
descriptive statistics là gì	260	0	informational	xulysolieu.info	21	/cach-doc-ket-qua-thong-ke-mo-ta-trong-spss/
download spss for mac	260	0	transactional	xulysolieu.info	4	/link-tai-spss-download-full-ban-quyen-mien-phi/
dữ liệu thứ cấp và sơ cấp	260	0	informational	xulysolieu.info	35	/du-lieu-thu-cap-la-gi-quy-trinh-thu-thap-du-lieu/
giả thiết là gì	260	0	informational	xulysolieu.info	7	/phan-biet-gia-thuyet-va-gia-thiet-trong-nghien-cuu/
giả thiết và giả thuyết	260	0	informational	xulysolieu.info	37	/gia-thuyet-nghien-cuu-la-gi-khai-niem-vai-tro/
google khảo sát	260	0	informational	xulysolieu.info	45	/khao-sat-tren-google-cach-tao-form-nhanh/
hiệp phương sai	260	0	informational	xulysolieu.info	70	/hieu-ro-ve-do-lech-chuan-va-phuong-sai/
khoảng tin cậy	260	0	informational	xulysolieu.info	3	/khoang-tin-cay-muc-y-nghia-hieu-dung/
khóa luận tốt nghiệp tiếng anh là gì	260	0	informational	xulysolieu.info	50	/khoa-luan-tot-nghiep-thuc-tap-tot-nghiep-la-gi/
linear regression là gì	260	0	informational	xulysolieu.info	8	/linear-regression-la-gi-giai-thich-de-hieu/
model là	260	0	informational	xulysolieu.info	4	/mo-hinh-la-gi/
mô hình nghiên cứu là gì	260	0	informational	xulysolieu.info	3	/cac-mo-hinh-nghien-cuu-khoa-hoc-tu-ly-thuyet/
nghiên cứu định lượng là gì	260	0	informational	xulysolieu.info	13	/dinh-tinh-va-dinh-luong-so-sanh-su-khac-biet/
pearson là gì	260	0	informational	xulysolieu.info	5	/he-so-tuong-quan-pearson-trong-spss/
phương pháp định lượng	260	0	informational	xulysolieu.info	7	/phuong-phap-dinh-luong-la-gi-cach-ap-dung/
phương pháp định tính là gì	260	0	informational	xulysolieu.info	6	/dinh-tinh-la-gi/
phương sai ký hiệu là gì	260	0	informational	xulysolieu.info	6	/ky-hieu-do-lech-chuan-la-gi/
phương trình hồi quy tuyến tính	260	0	informational	xulysolieu.info	10	/huong-dan-phan-tich-hoi-quy-tuyen-tinh-trong-spss/
phần mềm stata	260	0	informational	xulysolieu.info	4	/tai-phan-mem-stata-cach-cai-a-z/
quy trình nghiên cứu khoa học	260	0	informational	xulysolieu.info	20	/so-do-quy-trinh-nghien-cuu-khoa-hoc-chuan/
smartpls 4	260	0	transactional	xulysolieu.info	4	/link-tai-phan-mem-smartpls-full-ban-quyen/
spss 22	260	0	informational	xulysolieu.info	2	/huong-dan-cai-dat-crack-spss-va-su-dung-spss-22/
spss download for mac	260	0	transactional	xulysolieu.info	3	/link-tai-spss-download-full-ban-quyen-mien-phi/
spss download mac	260	11	transactional	xulysolieu.info	8	/link-tai-spss-download-full-ban-quyen-mien-phi/
t test là gì	260	0	informational	xulysolieu.info	8	/kiem-dinh-independent-sample-t-test-trong-spss/
t-test là gì	260	0	informational	xulysolieu.info	8	/kiem-dinh-independent-sample-t-test-trong-spss/
thang đo likert là gì	260	0	informational	xulysolieu.info	11	/thang-do-likert-la-gi/
thu thập thông tin	260	0	informational	xulysolieu.info	46	/du-lieu-thu-cap-la-gi-quy-trinh-thu-thap-du-lieu/
thứ cấp là gì	260	0	informational	xulysolieu.info	7	/du-lieu-thu-cap-la-gi-quy-trinh-thu-thap-du-lieu/
tính cỡ mẫu	260	0	informational	xulysolieu.info	17	/cong-thuc-tinh-co-mau-mo-ta-cat-ngang/
tạo gg form khảo sát	260	0	navigational	xulysolieu.info	39	/khao-sat-tren-google-cach-tao-form-nhanh/
tải spss miễn phí	260	0	informational	xulysolieu.info	4	/tai-spss-mien-phi/
vif là gì	260	0	informational	xulysolieu.info	3	/kiem-dinh-da-cong-tuyen-vif-cach-doc-va-xu-ly/
xử lý dữ liệu	260	0	informational	xulysolieu.info	35	/huong-dan-xu-ly-so-lieu-chi-tiet-va-day-du-cho-nguoi-moi-bat-dau/
điều tiết là gì	260	0	informational	xulysolieu.info	37	/phan-biet-bien-trung-gian-dieu-tiet-kiem-soat/
đặt vấn đề	260	0	informational	xulysolieu.info	16	/van-de-nghien-cuu-la-gi-cach-xac-dinh/
độ lệch chuẩn ký hiệu	260	0	informational	xulysolieu.info	5	/ky-hieu-do-lech-chuan-la-gi/
độ tin cậy	260	0	informational	xulysolieu.info	6	/do-tin-cay-tong-hop-composite-reliability-smartpls/
cách tính tần số tích lũy	210	0	informational	xulysolieu.info	3	/tan-so-tich-luy-trong-thong-ke-la-gi/
dịch vụ smartpls	210	0	commercial	xulysolieu.info	6	/gioi-thieu-smartpls-phan-mem-phan-tich-sem/
hàm tuyến tính	210	0	informational	xulysolieu.info	40	/cau-truc-tuyen-tinh-la-gi/
hàm tuyến tính là gì	210	0	informational	xulysolieu.info	26	/quan-he-tuyen-tinh-la-gi/
hệ số cao nhất của đa thức là gì	210	0	informational	xulysolieu.info	7	/bac-cua-da-thuc-la-gi-cach-xac-dinh/
hệ số tương quan là gì	210	2	informational	xulysolieu.info	4	/correlation-coefficient-la-gi-dinh-nghia-ung-dung/
khóa luận là gì	210	0	informational	xulysolieu.info	8	/9-meo-bao-ve-khoa-luan-tot-nghiep/
likert 5	210	0	informational	xulysolieu.info	5	/thang-do-likert-5-muc-do-phan-tich-chi-tiet/
logistic regression là gì	210	0	informational	xulysolieu.info	9	/logistic-regression-la-gi-ung-dung-phan-tich/
mean là gì trong thống kê	210	0	informational	xulysolieu.info	6	/mean-trong-spss-la-gi/
phân vị là gì	210	0	informational	xulysolieu.info	19	/gia-tri-trung-binh-trung-vi-va-tu-phan-vi/
phương pháp nghiên cứu là gì	210	0	informational	xulysolieu.info	27	/phuong-phap-luan-nghien-cuu-khoa-hoc/
phương pháp nghiên cứu định lượng	210	0	informational	xulysolieu.info	19	/phuong-phap-nghien-cuu-dinh-luong-la-gi/
phương sai mẫu	210	0	informational	xulysolieu.info	4	/cach-tinh-phuong-sai-va-do-lech-chuan/
phương sai và độ lệch chuẩn là gì	210	0	informational	xulysolieu.info	5	/hieu-ro-ve-do-lech-chuan-va-phuong-sai/
phương trình	27100	0	informational	mosl.vn	6	/phuong-trinh-la-gi/
spss	14800	4	informational	mosl.vn	63	/spss-la-gi/
biểu mẫu khảo sát	9900	0	informational	mosl.vn	78	/cach-tao-bang-khao-sat-bang-google-form-cuc-don-gian/
nghiên cứu	9900	0	informational	mosl.vn	45	/cach-dat-cau-hoi-nghien-cuu-khoa-hoc-va-vi-du/
phương sai	8100	0	informational	mosl.vn	63	/phuong-sai-la-gi/
form khảo sát	6600	0	informational	mosl.vn	82	/cach-tao-bang-khao-sat-bang-google-form-cuc-don-gian/
công thức phương sai	4400	0	informational	mosl.vn	27	/phuong-sai-la-gi/
phương sai là gì	2900	0	informational	mosl.vn	26	/phuong-sai-la-gi/
rstudio	2900	17	navigational	mosl.vn	59	/cach-cai-dat-phan-mem-r-rstudio/
spss là gì	2900	0	informational	mosl.vn	68	/spss-la-gi/
variance	2900	9	informational	mosl.vn	20	/phuong-sai-la-gi/
vlss	2900	0	informational	mosl.vn	29	/phan-tich-du-lieu-vhlss-bang-stata/
dea	2400	0	informational	mosl.vn	12	/phan-tich-dea-stata/
smart pls	2400	0	informational	mosl.vn	35	/dich-vu-smartpls/
đề tài nckh	2400	0	informational	mosl.vn	35	/huong-dan-lam-de-tai-nghien-cuu-khoa-hoc/
dịch vụ spss	1900	14	informational	mosl.vn	26	/dich-vu-spss/
luận văn	1900	28	informational	mosl.vn	34	/luan-van-la-gi-lieu-viet-luan-van-co-kho-khong/
phương trình là gì	1900	0	informational	mosl.vn	8	/phuong-trinh-la-gi/
tiểu luận là gì	1900	0	informational	mosl.vn	14	/tieu-luan-mon-hoc-la-gi/
tải spss	1900	0	informational	mosl.vn	27	/spss/spss-download/
định tính là gì	1900	0	informational	mosl.vn	20	/dinh-tinh-la-gi
phương trình tích là gì	1600	0	informational	mosl.vn	59	/phuong-trinh-la-gi/
đề cương nghiên cứu khoa học	1600	0	informational	mosl.vn	20	/huong-dan-viet-de-cuong-nghien-cuu/
đối tượng nghiên cứu	1600	0	informational	mosl.vn	25	/doi-tuong-va-pham-vi-nghien-cuu-trong-luan-van/
cronbach alpha	1300	0	informational	mosl.vn	21	/kiem-dinh-cronbach-alpha-spss/
robustness là gì	1300	0	informational	mosl.vn	14	/mo-hinh-sai-so-chuan-manh-robust-standard-errorsr/
spss 20	1300	0	informational	mosl.vn	16	/spss/
định lượng là gì	1300	0	informational	mosl.vn	30	/dinh-luong-la-gi/
amos	1000	1	informational	mosl.vn	67	/dich-vu-amos/
cơ sở lý luận là gì	1000	0	informational	mosl.vn	16	/3-buoc-lam-co-so-ly-thuyet-trong-luan-van-cuc-don-gian/
efa	1000	0	informational	mosl.vn	14	/phan-tich-nhan-to-efa-spss-huong-dan/
gg form khảo sát	1000	0	informational	mosl.vn	37	/cach-tao-bang-khao-sat-bang-google-form-cuc-don-gian/
giả thuyết là gì	1000	0	informational	mosl.vn	15	/huong-dan-viet-gia-thuyet-nghien-cuu/
giả thuyết nghiên cứu là gì	1000	0	informational	mosl.vn	4	/huong-dan-viet-gia-thuyet-nghien-cuu/
hồi quy tuyến tính	1000	0	informational	mosl.vn	10	/hoi-quy-tuyen-tinh-spss-nang-cao/
mục lục tiểu luận	1000	0	informational	mosl.vn	16	/cach-tao-muc-luc-tu-dong/
phương trình chữ	1000	0	informational	mosl.vn	26	/phuong-trinh-la-gi/
phần mềm spss	1000	0	informational	mosl.vn	38	/spss-la-gi/
tạo form khảo sát	1000	0	informational	mosl.vn	45	/cach-tao-bang-khao-sat-bang-google-form-cuc-don-gian/
định tính và định lượng là gì	1000	0	informational	mosl.vn	57	/dinh-luong-la-gi/
cách làm bảng hỏi	880	0	informational	mosl.vn	40	/cach-tao-bang-khao-sat-bang-google-form-cuc-don-gian/
danh mục la gì	880	0	informational	mosl.vn	84	/5-nguyen-tac-viet-muc-dich-nghien-cuu/
dữ liệu định tính là gì	880	0	informational	mosl.vn	12	/dinh-tinh-la-gi
google form khảo sát	880	1	navigational	mosl.vn	44	/cach-tao-bang-khao-sat-bang-google-form-cuc-don-gian/
lời cam đoan khóa luận	880	0	informational	mosl.vn	69	/loi-cam-on-trong-luan-van/
lời mở đầu	880	0	informational	mosl.vn	64	/phuong-phap-viet-loi-mo-dau-cho-bai-luan-chat-luong/
tương quan là gì	880	0	informational	mosl.vn	20	/tu-tuong-quan-la-gi/
cách làm phiếu khảo sát	720	0	informational	mosl.vn	45	/cach-tao-bang-khao-sat-bang-google-form-cuc-don-gian/
dịch vụ amos	720	0	navigational	mosl.vn	8	/dich-vu-amos/
dịch vụ hỗ trợ spss	720	13	informational	mosl.vn	25	/dich-vu-spss/
giả thuyết	720	0	informational	mosl.vn	15	/huong-dan-viet-gia-thuyet-nghien-cuu/
lời mở đầu tiểu luận	720	0	informational	mosl.vn	11	/phuong-phap-viet-loi-mo-dau-cho-bai-luan-chat-luong/
quản trị nguồn nhân lực	720	0	informational	mosl.vn	45	/khai-niem-quan-tri-nguon-nhan-luc/
spss 26	720	0	informational	mosl.vn	19	/spss-la-gi/
stata download	720	0	informational	mosl.vn	60	/stata-14-download/
stata là gì	720	0	informational	mosl.vn	22	/dich-vu-stata
variance là gì	720	0	informational	mosl.vn	20	/phuong-sai-la-gi/
bảng biểu là gì	590	0	informational	mosl.vn	16	/tao-muc-luc-bang-bieu-do-hinh-anh/
danh mục bảng biểu là gì	590	0	informational	mosl.vn	53	/tao-muc-luc-bang-bieu-do-hinh-anh/
dịch vụ chạy spss	590	14	navigational	mosl.vn	20	/dich-vu-spss/
dịch vụ xử lý số liệu spss	590	13	informational	mosl.vn	23	/dich-vu-spss/
dữ liệu định lượng là gì	590	0	informational	mosl.vn	25	/dinh-luong-la-gi/
fem la gì	590	0	informational	mosl.vn	7	/fem-la-gi/
khoá luận tốt nghiệp là gì	590	0	informational	mosl.vn	10	/co-nen-lam-khoa-luan-tot-nghiep-khong/
khóa luận tốt nghiệp là gì	590	0	informational	mosl.vn	13	/co-nen-lam-khoa-luan-tot-nghiep-khong/
luanvan	590	41	informational	mosl.vn	48	/luan-van-la-gi-lieu-viet-luan-van-co-kho-khong/
nghiên cứu định tính là gì	590	0	informational	mosl.vn	16	/dinh-tinh-la-gi
ols	590	0	informational	mosl.vn	53	/mo-hinh-hoi-quy-tuyen-tinh/
phương trình toán học	590	0	informational	mosl.vn	39	/phuong-trinh-la-gi/
định tính và định lượng	590	0	informational	mosl.vn	63	/dinh-luong-la-gi/
cronbach alpha là gì	480	0	informational	mosl.vn	14	/kiem-dinh-cronbach-alpha-spss/
cách chạy spss	480	0	informational	mosl.vn	68	/spss-la-gi/
cơ sở lý luận	480	0	informational	mosl.vn	55	/3-buoc-lam-co-so-ly-thuyet-trong-luan-van-cuc-don-gian/
dịch vụ smart pls	480	0	navigational	mosl.vn	7	/dich-vu-smartpls/
dịch vụ smartpls phạm lộc blog	480	12	informational	mosl.vn	23	/dich-vu-smartpls/
dịch vụ spss net	480	2	navigational	mosl.vn	28	/dich-vu-spss/
khách thể nghiên cứu là gì	480	0	informational	mosl.vn	6	/khach-the-nghien-cuu-vi-du/
kiểm định t test	480	0	informational	mosl.vn	32	/so-sanh-t-test-spss-2025/
kiểm định t-test	480	0	informational	mosl.vn	37	/so-sanh-t-test-spss-2025/
luận văn là gì	480	4	informational	mosl.vn	20	/luan-van-la-gi-lieu-viet-luan-van-co-kho-khong/
mục tiêu nghiên cứu	480	0	informational	mosl.vn	7	/5-nguyen-tac-viet-muc-dich-nghien-cuu/
nghiên cứu là gì	480	0	informational	mosl.vn	47	/khai-niem-va-cach-xac-dinh-nhiem-vu-nghien-cuu-khoa-hoc/
nghiên cứu định tính	480	0	informational	mosl.vn	65	/dinh-tinh-la-gi
phương pháp luận nghiên cứu khoa học	480	0	informational	mosl.vn	50	/5-buoc-lam-tieu-luan-phuong-phap-nghien-cuu-khoa-hoc/
thống kê mô tả	480	0	informational	mosl.vn	38	/thong-ke-mo-ta-spss-2025/
đề cương là gì	480	0	informational	mosl.vn	17	/huong-dan-viet-de-cuong-nghien-cuu/
đối tượng nghiên cứu là gì	480	0	informational	mosl.vn	17	/doi-tuong-va-pham-vi-nghien-cuu-trong-luan-van/
anova là gì	390	0	informational	mosl.vn	42	/anova-mot-chieu-hai-chieu-spss/
bảng khảo sát	390	0	informational	mosl.vn	76	/cach-tao-bang-khao-sat-bang-google-form-cuc-don-gian/
chạy spss thuê	390	15	commercial	mosl.vn	37	/dich-vu-spss/
crack spss	390	0	informational	mosl.vn	39	/tai-spss-20/
câu hỏi nghiên cứu	390	0	informational	mosl.vn	29	/cach-dat-cau-hoi-nghien-cuu-khoa-hoc-va-vi-du/
cơ sở lý thuyết	390	0	informational	mosl.vn	16	/3-buoc-lam-co-so-ly-thuyet-trong-luan-van-cuc-don-gian/
dịch vụ xử lý spss	390	14	navigational	mosl.vn	23	/dich-vu-spss/
efa là gì	390	0	informational	mosl.vn	41	/phan-tich-nhan-to-efa-spss-huong-dan/
exploratory factor analysis là gì	390	0	informational	mosl.vn	48	/phan-tich-nhan-to-efa-spss-huong-dan/
giá chạy spss	390	15	commercial	mosl.vn	25	/dich-vu-spss/
ký hiệu phương sai	390	0	informational	mosl.vn	84	/phuong-sai-la-gi/
lời nói đầu	390	0	informational	mosl.vn	17	/phuong-phap-viet-loi-mo-dau-cho-bai-luan-chat-luong/
nghiệm tổng quát của phương trình là gì	390	0	informational	mosl.vn	23	/phuong-trinh-la-gi/
cách ghi tài liệu tham khảo	14800	0	informational	rces.info	12	/sinh-vien-kinh-te-nckh/trich-dan-nao-la-dung-cach/
spss	14800	4	informational	rces.info	24	/sinh-vien-kinh-te-nckh/gioi-thieu-phan-mem-spss/
cách trích dẫn tài liệu tham khảo	9900	0	informational	rces.info	15	/sinh-vien-kinh-te-nckh/trich-dan-nao-la-dung-cach/
nghiên cứu	9900	0	informational	rces.info	48	/sinh-vien-kinh-te-nckh/quy-trinh-thuc-hien-nghien-cuu-khoa-hoc/
nghiên cứu khoa học	6600	0	informational	rces.info	20	/sinh-vien-kinh-te-nckh/quy-trinh-thuc-hien-nghien-cuu-khoa-hoc/
bảng hỏi là gì	4400	0	informational	rces.info	2	/sinh-vien-kinh-te-nckh/cac-noi-dung-co-ban-trong-mot-bang-hoi-khao-sat/
case study là gì	4400	0	informational	rces.info	14	/sinh-vien-kinh-te-nckh/gioi-thieu-phuong-phap-nghien-cuu-case-study/
scale là gì	4400	0	informational	rces.info	59	/sinh-vien-kinh-te-nckh/cac-loai-thang-do-su-dung-trong-nghien-cuu/
case study	3600	0	informational	rces.info	28	/sinh-vien-kinh-te-nckh/gioi-thieu-phuong-phap-nghien-cuu-case-study/
citation là gì	2900	0	informational	rces.info	61	/sinh-vien-kinh-te-nckh/trich-dan-nao-la-dung-cach/
nckh là gì	2900	0	informational	rces.info	11	/sinh-vien-kinh-te-nckh/quy-trinh-thuc-hien-nghien-cuu-khoa-hoc/
nghiên cứu khoa học là gì	2900	0	informational	rces.info	15	/sinh-vien-kinh-te-nckh/quy-trinh-thuc-hien-nghien-cuu-khoa-hoc/
pilot là gì	2900	0	informational	rces.info	10	/sinh-vien-kinh-te-nckh/pilot-test-ban-da-biet-cach-thuc-hien/
piloting là gì	2900	0	informational	rces.info	8	/sinh-vien-kinh-te-nckh/pilot-test-ban-da-biet-cach-thuc-hien/
spss là gì	2900	0	informational	rces.info	20	/sinh-vien-kinh-te-nckh/gioi-thieu-phan-mem-spss/
phương pháp nghiên cứu khoa học	2400	0	informational	rces.info	13	/sinh-vien-kinh-te-nckh/phuong-phap-nghien-cuu-khoa-hoc-va-phuong-phap-luan-nghien-cuu-khoa-hoc/
smart pls	2400	0	informational	rces.info	6	/sinh-vien-kinh-te-nckh/gioi-thieu-phan-mem-smartpls/
đề tài nghiên cứu khoa học	2400	0	informational	rces.info	8	/sinh-vien-kinh-te-nckh/nhung-nguon-y-tuong-cho-de-tai-nghien-cuu/
eviews	1900	0	informational	rces.info	4	/sinh-vien-kinh-te-nckh/gioi-thieu-phan-mem-eview/
likert scale là gì	1900	0	informational	rces.info	44	/sinh-vien-kinh-te-nckh/cac-loai-thang-do-su-dung-trong-nghien-cuu/
trích dẫn tài liệu tham khảo	1900	0	informational	rces.info	19	/sinh-vien-kinh-te-nckh/trich-dan-nao-la-dung-cach/
định tính là gì	1900	0	informational	rces.info	17	/sinh-vien-kinh-te-nckh/phan-biet-ppnc-dinh-luong-va-ppnc-dinh-tinh/
thang đo likert 5 mức độ	1600	0	informational	rces.info	79	/sinh-vien-kinh-te-nckh/cac-loai-thang-do-su-dung-trong-nghien-cuu/
đạo văn	1600	0	informational	rces.info	10	/sinh-vien-kinh-te-nckh/loi-dao-van-trong-nghien-cuu-khoa-hoc-va-cach-phong-tranh/
đề cương nghiên cứu khoa học	1600	0	informational	rces.info	9	/sinh-vien-kinh-te-nckh/nhung-noi-dung-can-co-trong-mot-ban-de-cuong-nghien-cuu-chi-tiet/
các phương pháp nghiên cứu khoa học	1300	0	informational	rces.info	13	/sinh-vien-kinh-te-nckh/cac-phuong-phap-thuong-duoc-su-dung-trong-nghien-cuu-kinh-te/
logo ueb	1300	0	navigational	rces.info	10	/sinh-vien-kinh-te-nckh/1744/attachment/ueb-vnu-logo/
phương pháp nghiên cứu	1300	0	informational	rces.info	14	/sinh-vien-kinh-te-nckh/cac-phuong-phap-thuong-duoc-su-dung-trong-nghien-cuu-kinh-te/
định lượng là gì	1300	0	informational	rces.info	7	/sinh-vien-kinh-te-nckh/phan-biet-ppnc-dinh-luong-va-ppnc-dinh-tinh/
định tính	1300	0	informational	rces.info	4	/sinh-vien-kinh-te-nckh/phan-biet-ppnc-dinh-luong-va-ppnc-dinh-tinh/
lý do chọn đề tài	1000	0	informational	rces.info	20	/sinh-vien-kinh-te-nckh/luu-y-khi-dat-ten-de-tai-nghien-cuu/
phần mềm spss	1000	0	informational	rces.info	20	/sinh-vien-kinh-te-nckh/gioi-thieu-phan-mem-spss/
định tính và định lượng là gì	1000	0	informational	rces.info	5	/sinh-vien-kinh-te-nckh/phan-biet-ppnc-dinh-luong-va-ppnc-dinh-tinh/
bài nghiên cứu khoa học	880	0	informational	rces.info	19	/sinh-vien-kinh-te-nckh/quy-trinh-thuc-hien-nghien-cuu-khoa-hoc/
các phương pháp nghiên cứu	880	0	informational	rces.info	23	/sinh-vien-kinh-te-nckh/cac-phuong-phap-thuong-duoc-su-dung-trong-nghien-cuu-kinh-te/
cách ghi nguồn hình ảnh	880	0	informational	rces.info	22	/sinh-vien-kinh-te-nckh/trich-dan-nao-la-dung-cach/
cách làm bảng hỏi	880	0	informational	rces.info	1	/sinh-vien-kinh-te-nckh/quy-trinh-thiet-ke-bang-hoi-nghien-cuu/
danh mục la gì	880	0	informational	rces.info	33	/sinh-vien-kinh-te-nckh/dau-la-nhung-noi-dung-can-chu-y-khi-doc-tai-lieu-nghien-cuu/
p l s là gì	880	0	informational	rces.info	17	/sinh-vien-kinh-te-nckh/gioi-thieu-phan-mem-smartpls/
pls là gì	880	0	informational	rces.info	17	/sinh-vien-kinh-te-nckh/gioi-thieu-phan-mem-smartpls/
trích dẫn	880	0	informational	rces.info	5	/sinh-vien-kinh-te-nckh/trich-dan-nao-la-dung-cach/
stata là gì	720	0	informational	rces.info	2	/sinh-vien-kinh-te-nckh/gioi-thieu-phan-mem-stata/
ví dụ về câu hỏi định lượng	720	0	informational	rces.info	8	/sinh-vien-kinh-te-nckh/phan-biet-ppnc-dinh-luong-va-ppnc-dinh-tinh/
đạo văn là gì	720	0	informational	rces.info	2	/sinh-vien-kinh-te-nckh/loi-dao-van-trong-nghien-cuu-khoa-hoc-va-cach-phong-tranh/
các đề tài nghiên cứu khoa học	590	0	informational	rces.info	4	/sinh-vien-kinh-te-nckh/nhung-nguon-y-tuong-cho-de-tai-nghien-cuu/
cách viết reference	590	0	informational	rces.info	13	/sinh-vien-kinh-te-nckh/trich-dan-nao-la-dung-cach/
dữ liệu định lượng là gì	590	0	informational	rces.info	28	/sinh-vien-kinh-te-nckh/phan-biet-ppnc-dinh-luong-va-ppnc-dinh-tinh/
khuyến nghị là gì	590	0	informational	rces.info	19	/sinh-vien-kinh-te-nckh/nen-trinh-bay-phan-ket-luan-va-khuyen-nghi-cua-nghien-cuu-nhu-the-nao/
stata 17	590	1	informational	rces.info	25	/sinh-vien-kinh-te-nckh/gioi-thieu-phan-mem-stata/
định tính và định lượng	590	0	informational	rces.info	5	/sinh-vien-kinh-te-nckh/phan-biet-ppnc-dinh-luong-va-ppnc-dinh-tinh/
chuyên môn	480	0	informational	rces.info	36	/hoat-dong-noi-bo/gioi-thieu-ban-chuyen-mon/
cách trích dẫn	480	0	informational	rces.info	4	/sinh-vien-kinh-te-nckh/trich-dan-nao-la-dung-cach/
dịch vụ smart pls	480	0	navigational	rces.info	25	/sinh-vien-kinh-te-nckh/gioi-thieu-phan-mem-smartpls/
khách thể nghiên cứu là gì	480	0	informational	rces.info	28	/sinh-vien-kinh-te-nckh/quy-trinh-thuc-hien-nghien-cuu-khoa-hoc/
khảo sát là gì	480	0	informational	rces.info	25	/sinh-vien-kinh-te-nckh/cac-noi-dung-co-ban-trong-mot-bang-hoi-khao-sat/
mục tiêu nghiên cứu	480	0	informational	rces.info	21	/sinh-vien-kinh-te-nckh/dau-la-nhung-noi-dung-can-chu-y-khi-doc-tai-lieu-nghien-cuu/
nghiên cứu định tính	480	0	informational	rces.info	3	/sinh-vien-kinh-te-nckh/phan-biet-ppnc-dinh-luong-va-ppnc-dinh-tinh/
những bài nghiên cứu khoa học của sinh viên	480	0	informational	rces.info	19	/du-an-rces-spreadout/gioi-thieu-nhung-bai-nghien-cuu-khoa-hoc-sinh-vien/
phương pháp luận nghiên cứu khoa học	480	0	informational	rces.info	5	/sinh-vien-kinh-te-nckh/phuong-phap-nghien-cuu-khoa-hoc-va-phuong-phap-luan-nghien-cuu-khoa-hoc/
trích yếu là gì	480	0	informational	rces.info	20	/sinh-vien-kinh-te-nckh/trich-dan-nao-la-dung-cach/
đề cương là gì	480	0	informational	rces.info	4	/sinh-vien-kinh-te-nckh/tai-sao-phai-xay-dung-de-cuong-nghien-cuu/
đối tượng nghiên cứu là gì	480	0	informational	rces.info	31	/sinh-vien-kinh-te-nckh/dau-la-nhung-noi-dung-can-chu-y-khi-doc-tai-lieu-nghien-cuu/
bảng khảo sát	390	0	informational	rces.info	20	/sinh-vien-kinh-te-nckh/cac-noi-dung-co-ban-trong-mot-bang-hoi-khao-sat/
cách ghi nguồn trích dẫn hình ảnh	390	0	informational	rces.info	26	/sinh-vien-kinh-te-nckh/trich-dan-nao-la-dung-cach/
câu hỏi nghiên cứu	390	0	informational	rces.info	25	/sinh-vien-kinh-te-nckh/nhung-cau-hoi-cua-sinh-vien-moi-bat-dau-den-voi-hoat-dong-nckh-phan-1/
giáo trình phương pháp nghiên cứu khoa học pdf	390	0	informational	rces.info	13	/sinh-vien-kinh-te-nckh/ebook-phuong-phap-luan-nghien-cuu-khoa-hoc/
thiết kế bảng hỏi	390	0	informational	rces.info	2	/sinh-vien-kinh-te-nckh/quy-trinh-thiet-ke-bang-hoi-nghien-cuu/
trích dẫn ieee	390	0	informational	rces.info	47	/sinh-vien-kinh-te-nckh/trich-dan-nao-la-dung-cach/
trích dẫn là gì	390	0	informational	rces.info	8	/sinh-vien-kinh-te-nckh/trich-dan-nao-la-dung-cach/
trích dẫn sách	390	0	informational	rces.info	9	/sinh-vien-kinh-te-nckh/trich-dan-nao-la-dung-cach/
ueb logo	390	0	navigational	rces.info	12	/sinh-vien-kinh-te-nckh/1744/attachment/ueb-vnu-logo/
vũ cao đàm	390	0	informational	rces.info	49	/sinh-vien-kinh-te-nckh/ebook-phuong-phap-luan-nghien-cuu-khoa-hoc/
định tính định lượng la gì	390	0	informational	rces.info	10	/sinh-vien-kinh-te-nckh/phan-biet-ppnc-dinh-luong-va-ppnc-dinh-tinh/
định tính định lượng là gì	390	0	informational	rces.info	4	/sinh-vien-kinh-te-nckh/phan-biet-ppnc-dinh-luong-va-ppnc-dinh-tinh/
các đề tài nghiên cứu khoa học cho sinh viên	320	0	informational	rces.info	10	/sinh-vien-kinh-te-nckh/nhung-nguon-y-tuong-cho-de-tai-nghien-cuu/
cách lấy số liệu tư tổng cục thống kê	320	0	informational	rces.info	15	/sinh-vien-kinh-te-nckh/gioi-thieu-mot-so-nguon-lay-du-lieu-thu-cap-dang-tin-cay/
cách trình bày tài liệu tham khảo	320	0	informational	rces.info	19	/sinh-vien-kinh-te-nckh/trich-dan-nao-la-dung-cach/
nghiên cứu định lượng	320	0	informational	rces.info	3	/sinh-vien-kinh-te-nckh/phan-biet-ppnc-dinh-luong-va-ppnc-dinh-tinh/
phương pháp nghiên cứu định tính	320	0	informational	rces.info	4	/sinh-vien-kinh-te-nckh/phan-biet-ppnc-dinh-luong-va-ppnc-dinh-tinh/
phương pháp định tính	320	0	informational	rces.info	13	/sinh-vien-kinh-te-nckh/phan-biet-ppnc-dinh-luong-va-ppnc-dinh-tinh/
phần mềm eview	320	0	transactional	rces.info	1	/sinh-vien-kinh-te-nckh/gioi-thieu-phan-mem-eview/
phần mềm eviews	320	0	navigational	rces.info	1	/sinh-vien-kinh-te-nckh/gioi-thieu-phan-mem-eview/
phần mềm spss là gì	320	0	informational	rces.info	25	/sinh-vien-kinh-te-nckh/gioi-thieu-phan-mem-spss/
pls sem là gì	320	0	informational	rces.info	27	/sinh-vien-kinh-te-nckh/gioi-thieu-phan-mem-smartpls/
pls-sem là gì	320	0	informational	rces.info	37	/sinh-vien-kinh-te-nckh/gioi-thieu-phan-mem-smartpls/
tổng quan nghiên cứu	320	0	informational	rces.info	20	/sinh-vien-kinh-te-nckh/dau-la-nhung-noi-dung-can-chu-y-khi-doc-tai-lieu-nghien-cuu/
tổng quan nghiên cứu là gì	320	0	informational	rces.info	24	/sinh-vien-kinh-te-nckh/dau-la-nhung-noi-dung-can-chu-y-khi-doc-tai-lieu-nghien-cuu/
định lượng và định tính	320	0	informational	rces.info	2	/sinh-vien-kinh-te-nckh/phan-biet-ppnc-dinh-luong-va-ppnc-dinh-tinh/
chạy spss là gì	260	0	informational	rces.info	39	/sinh-vien-kinh-te-nckh/gioi-thieu-phan-mem-spss/
chủ đề nghiên cứu khoa học	260	0	informational	rces.info	3	/sinh-vien-kinh-te-nckh/nhung-nguon-y-tuong-cho-de-tai-nghien-cuu/
các phương pháp	260	5	informational	rces.info	20	/sinh-vien-kinh-te-nckh/cac-phuong-phap-thuong-duoc-su-dung-trong-nghien-cuu-kinh-te/
cách trích nguồn tài liệu tham khảo	260	0	informational	rces.info	15	/sinh-vien-kinh-te-nckh/trich-dan-nao-la-dung-cach/
câu hỏi nghiên cứu là gì	260	0	informational	rces.info	31	/sinh-vien-kinh-te-nckh/nhung-cau-hoi-cua-sinh-vien-moi-bat-dau-den-voi-hoat-dong-nckh-phan-1/
khoảng trống nghiên cứu là gì	260	0	informational	rces.info	49	/sinh-vien-kinh-te-nckh/nen-trinh-bay-phan-ket-luan-va-khuyen-nghi-cua-nghien-cuu-nhu-the-nao/
mendeley là gì	260	0	informational	rces.info	6	/sinh-vien-kinh-te-nckh/trich-dan-tu-dong-voi-phan-mem-mendeley/
nghiên cứu khoa học sinh viên	260	0	informational	rces.info	42	/du-an-rces-spreadout/gioi-thieu-nhung-bai-nghien-cuu-khoa-hoc-sinh-vien/
nghiên cứu định lượng là gì	260	0	informational	rces.info	3	/sinh-vien-kinh-te-nckh/phan-biet-ppnc-dinh-luong-va-ppnc-dinh-tinh/
phương pháp định lượng	260	0	informational	rces.info	13	/sinh-vien-kinh-te-nckh/phan-biet-ppnc-dinh-luong-va-ppnc-dinh-tinh/
phương pháp định tính là gì	260	0	informational	rces.info	16	/sinh-vien-kinh-te-nckh/phan-biet-ppnc-dinh-luong-va-ppnc-dinh-tinh/
phạm vi nghiên cứu	260	0	informational	rces.info	27	/sinh-vien-kinh-te-nckh/nen-trinh-bay-phan-ket-luan-va-khuyen-nghi-cua-nghien-cuu-nhu-the-nao/
